<!--
LISTOPAD 2017
Tablica 5: Podmioty gospodarki narodowej (bez osób fizycznych prowadzących wyłącznie indywidualne gospodarstwa rolne) nowo zarejestrowane w rejestrze REGON według sekcji i działów Polskiej Klasyfikacji Działalności (PKD)												
-->

<TABLICA_T5>
	<dane_tablica_T5>
		<PKD_Sekcja>A</PKD_Sekcja>
		<PKD_Dzial>1</PKD_Dzial>
		<PKD_opis>Uprawy rolne, chów i hodowla zwierząt, łowiectwo, włączając działalność usługową</PKD_opis>
		<Ogolem>148</Ogolem>
		<przedsiebiorstwa_panstwowe>0</przedsiebiorstwa_panstwowe>
		<spolki_razem>24</spolki_razem>
		<w_tym_spolki_handlowe_razem>23</w_tym_spolki_handlowe_razem>
		<w_tym_spolki_handlowe_akcyjne>0</w_tym_spolki_handlowe_akcyjne>
		<w_tym_spolki_handlowe_zoo>20</w_tym_spolki_handlowe_zoo>
		<w_tym_spolki_cywilne>1</w_tym_spolki_cywilne>
		<spóldzielnie>1</spóldzielnie>
		<osoby_fizyczne_prowadzace_dzialalnosc_gospodarcza>123</osoby_fizyczne_prowadzace_dzialalnosc_gospodarcza>
	</dane_tablica_T5>
	<dane_tablica_T5>
		<PKD_Sekcja>A</PKD_Sekcja>
		<PKD_Dzial>2</PKD_Dzial>
		<PKD_opis>Leśnictwo i pozyskiwanie drewna</PKD_opis>
		<Ogolem>76</Ogolem>
		<przedsiebiorstwa_panstwowe>0</przedsiebiorstwa_panstwowe>
		<spolki_razem>3</spolki_razem>
		<w_tym_spolki_handlowe_razem>1</w_tym_spolki_handlowe_razem>
		<w_tym_spolki_handlowe_akcyjne>0</w_tym_spolki_handlowe_akcyjne>
		<w_tym_spolki_handlowe_zoo>1</w_tym_spolki_handlowe_zoo>
		<w_tym_spolki_cywilne>1</w_tym_spolki_cywilne>
		<spóldzielnie>0</spóldzielnie>
		<osoby_fizyczne_prowadzace_dzialalnosc_gospodarcza>73</osoby_fizyczne_prowadzace_dzialalnosc_gospodarcza>
	</dane_tablica_T5>
	<dane_tablica_T5>
		<PKD_Sekcja>A</PKD_Sekcja>
		<PKD_Dzial>3</PKD_Dzial>
		<PKD_opis>Rybactwo</PKD_opis>
		<Ogolem>8</Ogolem>
		<przedsiebiorstwa_panstwowe>0</przedsiebiorstwa_panstwowe>
		<spolki_razem>1</spolki_razem>
		<w_tym_spolki_handlowe_razem>0</w_tym_spolki_handlowe_razem>
		<w_tym_spolki_handlowe_akcyjne>0</w_tym_spolki_handlowe_akcyjne>
		<w_tym_spolki_handlowe_zoo>0</w_tym_spolki_handlowe_zoo>
		<w_tym_spolki_cywilne>1</w_tym_spolki_cywilne>
		<spóldzielnie>0</spóldzielnie>
		<osoby_fizyczne_prowadzace_dzialalnosc_gospodarcza>7</osoby_fizyczne_prowadzace_dzialalnosc_gospodarcza>
	</dane_tablica_T5>
	<dane_tablica_T5>
		<PKD_Sekcja>B</PKD_Sekcja>
		<PKD_Dzial>5</PKD_Dzial>
		<PKD_opis>Wydobywanie węgla kamiennego i węgla brunatnego (lignitu)</PKD_opis>
		<Ogolem>1</Ogolem>
		<przedsiebiorstwa_panstwowe>0</przedsiebiorstwa_panstwowe>
		<spolki_razem>1</spolki_razem>
		<w_tym_spolki_handlowe_razem>1</w_tym_spolki_handlowe_razem>
		<w_tym_spolki_handlowe_akcyjne>0</w_tym_spolki_handlowe_akcyjne>
		<w_tym_spolki_handlowe_zoo>1</w_tym_spolki_handlowe_zoo>
		<w_tym_spolki_cywilne>0</w_tym_spolki_cywilne>
		<spóldzielnie>0</spóldzielnie>
		<osoby_fizyczne_prowadzace_dzialalnosc_gospodarcza>0</osoby_fizyczne_prowadzace_dzialalnosc_gospodarcza>
	</dane_tablica_T5>
	<dane_tablica_T5>
		<PKD_Sekcja>B</PKD_Sekcja>
		<PKD_Dzial>6</PKD_Dzial>
		<PKD_opis>Górnictwo ropy naftowej i gazu ziemnego</PKD_opis>
		<Ogolem>0</Ogolem>
		<przedsiebiorstwa_panstwowe>0</przedsiebiorstwa_panstwowe>
		<spolki_razem>0</spolki_razem>
		<w_tym_spolki_handlowe_razem>0</w_tym_spolki_handlowe_razem>
		<w_tym_spolki_handlowe_akcyjne>0</w_tym_spolki_handlowe_akcyjne>
		<w_tym_spolki_handlowe_zoo>0</w_tym_spolki_handlowe_zoo>
		<w_tym_spolki_cywilne>0</w_tym_spolki_cywilne>
		<spóldzielnie>0</spóldzielnie>
		<osoby_fizyczne_prowadzace_dzialalnosc_gospodarcza>0</osoby_fizyczne_prowadzace_dzialalnosc_gospodarcza>
	</dane_tablica_T5>
	<dane_tablica_T5>
		<PKD_Sekcja>B</PKD_Sekcja>
		<PKD_Dzial>7</PKD_Dzial>
		<PKD_opis>Górnictwo rud metali</PKD_opis>
		<Ogolem>0</Ogolem>
		<przedsiebiorstwa_panstwowe>0</przedsiebiorstwa_panstwowe>
		<spolki_razem>0</spolki_razem>
		<w_tym_spolki_handlowe_razem>0</w_tym_spolki_handlowe_razem>
		<w_tym_spolki_handlowe_akcyjne>0</w_tym_spolki_handlowe_akcyjne>
		<w_tym_spolki_handlowe_zoo>0</w_tym_spolki_handlowe_zoo>
		<w_tym_spolki_cywilne>0</w_tym_spolki_cywilne>
		<spóldzielnie>0</spóldzielnie>
		<osoby_fizyczne_prowadzace_dzialalnosc_gospodarcza>0</osoby_fizyczne_prowadzace_dzialalnosc_gospodarcza>
	</dane_tablica_T5>
	<dane_tablica_T5>
		<PKD_Sekcja>B</PKD_Sekcja>
		<PKD_Dzial>8</PKD_Dzial>
		<PKD_opis>Pozostałe górnictwo i wydobywanie</PKD_opis>
		<Ogolem>11</Ogolem>
		<przedsiebiorstwa_panstwowe>0</przedsiebiorstwa_panstwowe>
		<spolki_razem>7</spolki_razem>
		<w_tym_spolki_handlowe_razem>7</w_tym_spolki_handlowe_razem>
		<w_tym_spolki_handlowe_akcyjne>0</w_tym_spolki_handlowe_akcyjne>
		<w_tym_spolki_handlowe_zoo>5</w_tym_spolki_handlowe_zoo>
		<w_tym_spolki_cywilne>0</w_tym_spolki_cywilne>
		<spóldzielnie>0</spóldzielnie>
		<osoby_fizyczne_prowadzace_dzialalnosc_gospodarcza>4</osoby_fizyczne_prowadzace_dzialalnosc_gospodarcza>
	</dane_tablica_T5>
	<dane_tablica_T5>
		<PKD_Sekcja>B</PKD_Sekcja>
		<PKD_Dzial>9</PKD_Dzial>
		<PKD_opis>Działalność usługowa wspomagająca górnictwo i wydobywanie</PKD_opis>
		<Ogolem>3</Ogolem>
		<przedsiebiorstwa_panstwowe>0</przedsiebiorstwa_panstwowe>
		<spolki_razem>2</spolki_razem>
		<w_tym_spolki_handlowe_razem>2</w_tym_spolki_handlowe_razem>
		<w_tym_spolki_handlowe_akcyjne>0</w_tym_spolki_handlowe_akcyjne>
		<w_tym_spolki_handlowe_zoo>1</w_tym_spolki_handlowe_zoo>
		<w_tym_spolki_cywilne>0</w_tym_spolki_cywilne>
		<spóldzielnie>0</spóldzielnie>
		<osoby_fizyczne_prowadzace_dzialalnosc_gospodarcza>1</osoby_fizyczne_prowadzace_dzialalnosc_gospodarcza>
	</dane_tablica_T5>
	<dane_tablica_T5>
		<PKD_Sekcja>C</PKD_Sekcja>
		<PKD_Dzial>10</PKD_Dzial>
		<PKD_opis>Produkcja artykułów spożywczych</PKD_opis>
		<Ogolem>138</Ogolem>
		<przedsiebiorstwa_panstwowe>0</przedsiebiorstwa_panstwowe>
		<spolki_razem>44</spolki_razem>
		<w_tym_spolki_handlowe_razem>36</w_tym_spolki_handlowe_razem>
		<w_tym_spolki_handlowe_akcyjne>0</w_tym_spolki_handlowe_akcyjne>
		<w_tym_spolki_handlowe_zoo>26</w_tym_spolki_handlowe_zoo>
		<w_tym_spolki_cywilne>8</w_tym_spolki_cywilne>
		<spóldzielnie>2</spóldzielnie>
		<osoby_fizyczne_prowadzace_dzialalnosc_gospodarcza>92</osoby_fizyczne_prowadzace_dzialalnosc_gospodarcza>
	</dane_tablica_T5>
	<dane_tablica_T5>
		<PKD_Sekcja>C</PKD_Sekcja>
		<PKD_Dzial>11</PKD_Dzial>
		<PKD_opis>Produkcja napojów</PKD_opis>
		<Ogolem>7</Ogolem>
		<przedsiebiorstwa_panstwowe>0</przedsiebiorstwa_panstwowe>
		<spolki_razem>5</spolki_razem>
		<w_tym_spolki_handlowe_razem>4</w_tym_spolki_handlowe_razem>
		<w_tym_spolki_handlowe_akcyjne>0</w_tym_spolki_handlowe_akcyjne>
		<w_tym_spolki_handlowe_zoo>4</w_tym_spolki_handlowe_zoo>
		<w_tym_spolki_cywilne>1</w_tym_spolki_cywilne>
		<spóldzielnie>0</spóldzielnie>
		<osoby_fizyczne_prowadzace_dzialalnosc_gospodarcza>2</osoby_fizyczne_prowadzace_dzialalnosc_gospodarcza>
	</dane_tablica_T5>
	<dane_tablica_T5>
		<PKD_Sekcja>C</PKD_Sekcja>
		<PKD_Dzial>12</PKD_Dzial>
		<PKD_opis>Produkcja wyrobów tytoniowych</PKD_opis>
		<Ogolem>0</Ogolem>
		<przedsiebiorstwa_panstwowe>0</przedsiebiorstwa_panstwowe>
		<spolki_razem>0</spolki_razem>
		<w_tym_spolki_handlowe_razem>0</w_tym_spolki_handlowe_razem>
		<w_tym_spolki_handlowe_akcyjne>0</w_tym_spolki_handlowe_akcyjne>
		<w_tym_spolki_handlowe_zoo>0</w_tym_spolki_handlowe_zoo>
		<w_tym_spolki_cywilne>0</w_tym_spolki_cywilne>
		<spóldzielnie>0</spóldzielnie>
		<osoby_fizyczne_prowadzace_dzialalnosc_gospodarcza>0</osoby_fizyczne_prowadzace_dzialalnosc_gospodarcza>
	</dane_tablica_T5>
	<dane_tablica_T5>
		<PKD_Sekcja>C</PKD_Sekcja>
		<PKD_Dzial>13</PKD_Dzial>
		<PKD_opis>Produkcja wyrobów tekstylnych</PKD_opis>
		<Ogolem>116</Ogolem>
		<przedsiebiorstwa_panstwowe>0</przedsiebiorstwa_panstwowe>
		<spolki_razem>14</spolki_razem>
		<w_tym_spolki_handlowe_razem>13</w_tym_spolki_handlowe_razem>
		<w_tym_spolki_handlowe_akcyjne>0</w_tym_spolki_handlowe_akcyjne>
		<w_tym_spolki_handlowe_zoo>12</w_tym_spolki_handlowe_zoo>
		<w_tym_spolki_cywilne>1</w_tym_spolki_cywilne>
		<spóldzielnie>0</spóldzielnie>
		<osoby_fizyczne_prowadzace_dzialalnosc_gospodarcza>102</osoby_fizyczne_prowadzace_dzialalnosc_gospodarcza>
	</dane_tablica_T5>
	<dane_tablica_T5>
		<PKD_Sekcja>C</PKD_Sekcja>
		<PKD_Dzial>14</PKD_Dzial>
		<PKD_opis>Produkcja odzieży</PKD_opis>
		<Ogolem>119</Ogolem>
		<przedsiebiorstwa_panstwowe>0</przedsiebiorstwa_panstwowe>
		<spolki_razem>14</spolki_razem>
		<w_tym_spolki_handlowe_razem>12</w_tym_spolki_handlowe_razem>
		<w_tym_spolki_handlowe_akcyjne>0</w_tym_spolki_handlowe_akcyjne>
		<w_tym_spolki_handlowe_zoo>10</w_tym_spolki_handlowe_zoo>
		<w_tym_spolki_cywilne>2</w_tym_spolki_cywilne>
		<spóldzielnie>0</spóldzielnie>
		<osoby_fizyczne_prowadzace_dzialalnosc_gospodarcza>105</osoby_fizyczne_prowadzace_dzialalnosc_gospodarcza>
	</dane_tablica_T5>
	<dane_tablica_T5>
		<PKD_Sekcja>C</PKD_Sekcja>
		<PKD_Dzial>15</PKD_Dzial>
		<PKD_opis>Produkcja skór i wyrobów ze skór wyprawionych</PKD_opis>
		<Ogolem>26</Ogolem>
		<przedsiebiorstwa_panstwowe>0</przedsiebiorstwa_panstwowe>
		<spolki_razem>1</spolki_razem>
		<w_tym_spolki_handlowe_razem>1</w_tym_spolki_handlowe_razem>
		<w_tym_spolki_handlowe_akcyjne>0</w_tym_spolki_handlowe_akcyjne>
		<w_tym_spolki_handlowe_zoo>0</w_tym_spolki_handlowe_zoo>
		<w_tym_spolki_cywilne>0</w_tym_spolki_cywilne>
		<spóldzielnie>0</spóldzielnie>
		<osoby_fizyczne_prowadzace_dzialalnosc_gospodarcza>25</osoby_fizyczne_prowadzace_dzialalnosc_gospodarcza>
	</dane_tablica_T5>
	<dane_tablica_T5>
		<PKD_Sekcja>C</PKD_Sekcja>
		<PKD_Dzial>16</PKD_Dzial>
		<PKD_opis>Produkcja wyrobów z drewna oraz korka, z wyłączeniem mebli; produkcja wyrobów ze słomy i materiałów używanych do wyplatania</PKD_opis>
		<Ogolem>185</Ogolem>
		<przedsiebiorstwa_panstwowe>0</przedsiebiorstwa_panstwowe>
		<spolki_razem>19</spolki_razem>
		<w_tym_spolki_handlowe_razem>15</w_tym_spolki_handlowe_razem>
		<w_tym_spolki_handlowe_akcyjne>0</w_tym_spolki_handlowe_akcyjne>
		<w_tym_spolki_handlowe_zoo>14</w_tym_spolki_handlowe_zoo>
		<w_tym_spolki_cywilne>4</w_tym_spolki_cywilne>
		<spóldzielnie>1</spóldzielnie>
		<osoby_fizyczne_prowadzace_dzialalnosc_gospodarcza>165</osoby_fizyczne_prowadzace_dzialalnosc_gospodarcza>
	</dane_tablica_T5>
	<dane_tablica_T5>
		<PKD_Sekcja>C</PKD_Sekcja>
		<PKD_Dzial>17</PKD_Dzial>
		<PKD_opis>Produkcja papieru i wyrobów z papieru</PKD_opis>
		<Ogolem>29</Ogolem>
		<przedsiebiorstwa_panstwowe>0</przedsiebiorstwa_panstwowe>
		<spolki_razem>5</spolki_razem>
		<w_tym_spolki_handlowe_razem>5</w_tym_spolki_handlowe_razem>
		<w_tym_spolki_handlowe_akcyjne>0</w_tym_spolki_handlowe_akcyjne>
		<w_tym_spolki_handlowe_zoo>3</w_tym_spolki_handlowe_zoo>
		<w_tym_spolki_cywilne>0</w_tym_spolki_cywilne>
		<spóldzielnie>0</spóldzielnie>
		<osoby_fizyczne_prowadzace_dzialalnosc_gospodarcza>24</osoby_fizyczne_prowadzace_dzialalnosc_gospodarcza>
	</dane_tablica_T5>
	<dane_tablica_T5>
		<PKD_Sekcja>C</PKD_Sekcja>
		<PKD_Dzial>18</PKD_Dzial>
		<PKD_opis>Poligrafia i reprodukcja zapisanych nośników informacji</PKD_opis>
		<Ogolem>74</Ogolem>
		<przedsiebiorstwa_panstwowe>0</przedsiebiorstwa_panstwowe>
		<spolki_razem>13</spolki_razem>
		<w_tym_spolki_handlowe_razem>13</w_tym_spolki_handlowe_razem>
		<w_tym_spolki_handlowe_akcyjne>0</w_tym_spolki_handlowe_akcyjne>
		<w_tym_spolki_handlowe_zoo>13</w_tym_spolki_handlowe_zoo>
		<w_tym_spolki_cywilne>0</w_tym_spolki_cywilne>
		<spóldzielnie>0</spóldzielnie>
		<osoby_fizyczne_prowadzace_dzialalnosc_gospodarcza>61</osoby_fizyczne_prowadzace_dzialalnosc_gospodarcza>
	</dane_tablica_T5>
	<dane_tablica_T5>
		<PKD_Sekcja>C</PKD_Sekcja>
		<PKD_Dzial>19</PKD_Dzial>
		<PKD_opis>Wytwarzanie i przetwarzanie koksu i produktów rafinacji ropy naftowej</PKD_opis>
		<Ogolem>2</Ogolem>
		<przedsiebiorstwa_panstwowe>0</przedsiebiorstwa_panstwowe>
		<spolki_razem>1</spolki_razem>
		<w_tym_spolki_handlowe_razem>1</w_tym_spolki_handlowe_razem>
		<w_tym_spolki_handlowe_akcyjne>0</w_tym_spolki_handlowe_akcyjne>
		<w_tym_spolki_handlowe_zoo>1</w_tym_spolki_handlowe_zoo>
		<w_tym_spolki_cywilne>0</w_tym_spolki_cywilne>
		<spóldzielnie>0</spóldzielnie>
		<osoby_fizyczne_prowadzace_dzialalnosc_gospodarcza>1</osoby_fizyczne_prowadzace_dzialalnosc_gospodarcza>
	</dane_tablica_T5>
	<dane_tablica_T5>
		<PKD_Sekcja>C</PKD_Sekcja>
		<PKD_Dzial>20</PKD_Dzial>
		<PKD_opis>Produkcja chemikaliów i wyrobów chemicznych</PKD_opis>
		<Ogolem>28</Ogolem>
		<przedsiebiorstwa_panstwowe>0</przedsiebiorstwa_panstwowe>
		<spolki_razem>18</spolki_razem>
		<w_tym_spolki_handlowe_razem>18</w_tym_spolki_handlowe_razem>
		<w_tym_spolki_handlowe_akcyjne>0</w_tym_spolki_handlowe_akcyjne>
		<w_tym_spolki_handlowe_zoo>17</w_tym_spolki_handlowe_zoo>
		<w_tym_spolki_cywilne>0</w_tym_spolki_cywilne>
		<spóldzielnie>0</spóldzielnie>
		<osoby_fizyczne_prowadzace_dzialalnosc_gospodarcza>10</osoby_fizyczne_prowadzace_dzialalnosc_gospodarcza>
	</dane_tablica_T5>
	<dane_tablica_T5>
		<PKD_Sekcja>C</PKD_Sekcja>
		<PKD_Dzial>21</PKD_Dzial>
		<PKD_opis>Produkcja podstawowych substancji farmaceutycznych oraz leków i pozostałych wyrobów farmaceutycznych</PKD_opis>
		<Ogolem>0</Ogolem>
		<przedsiebiorstwa_panstwowe>0</przedsiebiorstwa_panstwowe>
		<spolki_razem>0</spolki_razem>
		<w_tym_spolki_handlowe_razem>0</w_tym_spolki_handlowe_razem>
		<w_tym_spolki_handlowe_akcyjne>0</w_tym_spolki_handlowe_akcyjne>
		<w_tym_spolki_handlowe_zoo>0</w_tym_spolki_handlowe_zoo>
		<w_tym_spolki_cywilne>0</w_tym_spolki_cywilne>
		<spóldzielnie>0</spóldzielnie>
		<osoby_fizyczne_prowadzace_dzialalnosc_gospodarcza>0</osoby_fizyczne_prowadzace_dzialalnosc_gospodarcza>
	</dane_tablica_T5>
	<dane_tablica_T5>
		<PKD_Sekcja>C</PKD_Sekcja>
		<PKD_Dzial>22</PKD_Dzial>
		<PKD_opis>Produkcja wyrobów z gumy i tworzyw sztucznych</PKD_opis>
		<Ogolem>59</Ogolem>
		<przedsiebiorstwa_panstwowe>0</przedsiebiorstwa_panstwowe>
		<spolki_razem>21</spolki_razem>
		<w_tym_spolki_handlowe_razem>19</w_tym_spolki_handlowe_razem>
		<w_tym_spolki_handlowe_akcyjne>0</w_tym_spolki_handlowe_akcyjne>
		<w_tym_spolki_handlowe_zoo>15</w_tym_spolki_handlowe_zoo>
		<w_tym_spolki_cywilne>2</w_tym_spolki_cywilne>
		<spóldzielnie>0</spóldzielnie>
		<osoby_fizyczne_prowadzace_dzialalnosc_gospodarcza>38</osoby_fizyczne_prowadzace_dzialalnosc_gospodarcza>
	</dane_tablica_T5>
	<dane_tablica_T5>
		<PKD_Sekcja>C</PKD_Sekcja>
		<PKD_Dzial>23</PKD_Dzial>
		<PKD_opis>Produkcja wyrobów z pozostałych mineralnych surowców niemetalicznych</PKD_opis>
		<Ogolem>57</Ogolem>
		<przedsiebiorstwa_panstwowe>0</przedsiebiorstwa_panstwowe>
		<spolki_razem>7</spolki_razem>
		<w_tym_spolki_handlowe_razem>7</w_tym_spolki_handlowe_razem>
		<w_tym_spolki_handlowe_akcyjne>0</w_tym_spolki_handlowe_akcyjne>
		<w_tym_spolki_handlowe_zoo>6</w_tym_spolki_handlowe_zoo>
		<w_tym_spolki_cywilne>0</w_tym_spolki_cywilne>
		<spóldzielnie>0</spóldzielnie>
		<osoby_fizyczne_prowadzace_dzialalnosc_gospodarcza>50</osoby_fizyczne_prowadzace_dzialalnosc_gospodarcza>
	</dane_tablica_T5>
	<dane_tablica_T5>
		<PKD_Sekcja>C</PKD_Sekcja>
		<PKD_Dzial>24</PKD_Dzial>
		<PKD_opis>Produkcja metali</PKD_opis>
		<Ogolem>6</Ogolem>
		<przedsiebiorstwa_panstwowe>0</przedsiebiorstwa_panstwowe>
		<spolki_razem>2</spolki_razem>
		<w_tym_spolki_handlowe_razem>2</w_tym_spolki_handlowe_razem>
		<w_tym_spolki_handlowe_akcyjne>0</w_tym_spolki_handlowe_akcyjne>
		<w_tym_spolki_handlowe_zoo>2</w_tym_spolki_handlowe_zoo>
		<w_tym_spolki_cywilne>0</w_tym_spolki_cywilne>
		<spóldzielnie>0</spóldzielnie>
		<osoby_fizyczne_prowadzace_dzialalnosc_gospodarcza>4</osoby_fizyczne_prowadzace_dzialalnosc_gospodarcza>
	</dane_tablica_T5>
	<dane_tablica_T5>
		<PKD_Sekcja>C</PKD_Sekcja>
		<PKD_Dzial>25</PKD_Dzial>
		<PKD_opis>Produkcja metalowych wyrobów gotowych, z wyłączeniem maszyn i urządzeń</PKD_opis>
		<Ogolem>530</Ogolem>
		<przedsiebiorstwa_panstwowe>0</przedsiebiorstwa_panstwowe>
		<spolki_razem>79</spolki_razem>
		<w_tym_spolki_handlowe_razem>68</w_tym_spolki_handlowe_razem>
		<w_tym_spolki_handlowe_akcyjne>0</w_tym_spolki_handlowe_akcyjne>
		<w_tym_spolki_handlowe_zoo>53</w_tym_spolki_handlowe_zoo>
		<w_tym_spolki_cywilne>11</w_tym_spolki_cywilne>
		<spóldzielnie>0</spóldzielnie>
		<osoby_fizyczne_prowadzace_dzialalnosc_gospodarcza>451</osoby_fizyczne_prowadzace_dzialalnosc_gospodarcza>
	</dane_tablica_T5>
	<dane_tablica_T5>
		<PKD_Sekcja>C</PKD_Sekcja>
		<PKD_Dzial>26</PKD_Dzial>
		<PKD_opis>Produkcja komputerów, wyrobów elektronicznych i optycznych</PKD_opis>
		<Ogolem>29</Ogolem>
		<przedsiebiorstwa_panstwowe>0</przedsiebiorstwa_panstwowe>
		<spolki_razem>16</spolki_razem>
		<w_tym_spolki_handlowe_razem>16</w_tym_spolki_handlowe_razem>
		<w_tym_spolki_handlowe_akcyjne>0</w_tym_spolki_handlowe_akcyjne>
		<w_tym_spolki_handlowe_zoo>12</w_tym_spolki_handlowe_zoo>
		<w_tym_spolki_cywilne>0</w_tym_spolki_cywilne>
		<spóldzielnie>0</spóldzielnie>
		<osoby_fizyczne_prowadzace_dzialalnosc_gospodarcza>13</osoby_fizyczne_prowadzace_dzialalnosc_gospodarcza>
	</dane_tablica_T5>
	<dane_tablica_T5>
		<PKD_Sekcja>C</PKD_Sekcja>
		<PKD_Dzial>27</PKD_Dzial>
		<PKD_opis>Produkcja urządzeń elektrycznych</PKD_opis>
		<Ogolem>30</Ogolem>
		<przedsiebiorstwa_panstwowe>0</przedsiebiorstwa_panstwowe>
		<spolki_razem>16</spolki_razem>
		<w_tym_spolki_handlowe_razem>14</w_tym_spolki_handlowe_razem>
		<w_tym_spolki_handlowe_akcyjne>0</w_tym_spolki_handlowe_akcyjne>
		<w_tym_spolki_handlowe_zoo>11</w_tym_spolki_handlowe_zoo>
		<w_tym_spolki_cywilne>2</w_tym_spolki_cywilne>
		<spóldzielnie>0</spóldzielnie>
		<osoby_fizyczne_prowadzace_dzialalnosc_gospodarcza>13</osoby_fizyczne_prowadzace_dzialalnosc_gospodarcza>
	</dane_tablica_T5>
	<dane_tablica_T5>
		<PKD_Sekcja>C</PKD_Sekcja>
		<PKD_Dzial>28</PKD_Dzial>
		<PKD_opis>Produkcja maszyn i urządzeń, gdzie indziej niesklasyfikowana</PKD_opis>
		<Ogolem>32</Ogolem>
		<przedsiebiorstwa_panstwowe>0</przedsiebiorstwa_panstwowe>
		<spolki_razem>10</spolki_razem>
		<w_tym_spolki_handlowe_razem>9</w_tym_spolki_handlowe_razem>
		<w_tym_spolki_handlowe_akcyjne>0</w_tym_spolki_handlowe_akcyjne>
		<w_tym_spolki_handlowe_zoo>8</w_tym_spolki_handlowe_zoo>
		<w_tym_spolki_cywilne>1</w_tym_spolki_cywilne>
		<spóldzielnie>0</spóldzielnie>
		<osoby_fizyczne_prowadzace_dzialalnosc_gospodarcza>21</osoby_fizyczne_prowadzace_dzialalnosc_gospodarcza>
	</dane_tablica_T5>
	<dane_tablica_T5>
		<PKD_Sekcja>C</PKD_Sekcja>
		<PKD_Dzial>29</PKD_Dzial>
		<PKD_opis>Produkcja pojazdów samochodowych, przyczep i naczep, z wyłączeniem motocykli</PKD_opis>
		<Ogolem>9</Ogolem>
		<przedsiebiorstwa_panstwowe>0</przedsiebiorstwa_panstwowe>
		<spolki_razem>4</spolki_razem>
		<w_tym_spolki_handlowe_razem>3</w_tym_spolki_handlowe_razem>
		<w_tym_spolki_handlowe_akcyjne>1</w_tym_spolki_handlowe_akcyjne>
		<w_tym_spolki_handlowe_zoo>1</w_tym_spolki_handlowe_zoo>
		<w_tym_spolki_cywilne>1</w_tym_spolki_cywilne>
		<spóldzielnie>0</spóldzielnie>
		<osoby_fizyczne_prowadzace_dzialalnosc_gospodarcza>5</osoby_fizyczne_prowadzace_dzialalnosc_gospodarcza>
	</dane_tablica_T5>
	<dane_tablica_T5>
		<PKD_Sekcja>C</PKD_Sekcja>
		<PKD_Dzial>30</PKD_Dzial>
		<PKD_opis>Produkcja pozostałego sprzętu transportowego</PKD_opis>
		<Ogolem>26</Ogolem>
		<przedsiebiorstwa_panstwowe>0</przedsiebiorstwa_panstwowe>
		<spolki_razem>12</spolki_razem>
		<w_tym_spolki_handlowe_razem>12</w_tym_spolki_handlowe_razem>
		<w_tym_spolki_handlowe_akcyjne>0</w_tym_spolki_handlowe_akcyjne>
		<w_tym_spolki_handlowe_zoo>10</w_tym_spolki_handlowe_zoo>
		<w_tym_spolki_cywilne>0</w_tym_spolki_cywilne>
		<spóldzielnie>0</spóldzielnie>
		<osoby_fizyczne_prowadzace_dzialalnosc_gospodarcza>14</osoby_fizyczne_prowadzace_dzialalnosc_gospodarcza>
	</dane_tablica_T5>
	<dane_tablica_T5>
		<PKD_Sekcja>C</PKD_Sekcja>
		<PKD_Dzial>31</PKD_Dzial>
		<PKD_opis>Produkcja mebli</PKD_opis>
		<Ogolem>211</Ogolem>
		<przedsiebiorstwa_panstwowe>0</przedsiebiorstwa_panstwowe>
		<spolki_razem>23</spolki_razem>
		<w_tym_spolki_handlowe_razem>19</w_tym_spolki_handlowe_razem>
		<w_tym_spolki_handlowe_akcyjne>0</w_tym_spolki_handlowe_akcyjne>
		<w_tym_spolki_handlowe_zoo>13</w_tym_spolki_handlowe_zoo>
		<w_tym_spolki_cywilne>4</w_tym_spolki_cywilne>
		<spóldzielnie>1</spóldzielnie>
		<osoby_fizyczne_prowadzace_dzialalnosc_gospodarcza>187</osoby_fizyczne_prowadzace_dzialalnosc_gospodarcza>
	</dane_tablica_T5>
	<dane_tablica_T5>
		<PKD_Sekcja>C</PKD_Sekcja>
		<PKD_Dzial>32</PKD_Dzial>
		<PKD_opis>Pozostała produkcja wyrobów</PKD_opis>
		<Ogolem>144</Ogolem>
		<przedsiebiorstwa_panstwowe>0</przedsiebiorstwa_panstwowe>
		<spolki_razem>14</spolki_razem>
		<w_tym_spolki_handlowe_razem>12</w_tym_spolki_handlowe_razem>
		<w_tym_spolki_handlowe_akcyjne>0</w_tym_spolki_handlowe_akcyjne>
		<w_tym_spolki_handlowe_zoo>11</w_tym_spolki_handlowe_zoo>
		<w_tym_spolki_cywilne>2</w_tym_spolki_cywilne>
		<spóldzielnie>0</spóldzielnie>
		<osoby_fizyczne_prowadzace_dzialalnosc_gospodarcza>130</osoby_fizyczne_prowadzace_dzialalnosc_gospodarcza>
	</dane_tablica_T5>
	<dane_tablica_T5>
		<PKD_Sekcja>C</PKD_Sekcja>
		<PKD_Dzial>33</PKD_Dzial>
		<PKD_opis>Naprawa, konserwacja i instalowanie maszyn i urządzeń</PKD_opis>
		<Ogolem>330</Ogolem>
		<przedsiebiorstwa_panstwowe>0</przedsiebiorstwa_panstwowe>
		<spolki_razem>36</spolki_razem>
		<w_tym_spolki_handlowe_razem>32</w_tym_spolki_handlowe_razem>
		<w_tym_spolki_handlowe_akcyjne>0</w_tym_spolki_handlowe_akcyjne>
		<w_tym_spolki_handlowe_zoo>28</w_tym_spolki_handlowe_zoo>
		<w_tym_spolki_cywilne>4</w_tym_spolki_cywilne>
		<spóldzielnie>0</spóldzielnie>
		<osoby_fizyczne_prowadzace_dzialalnosc_gospodarcza>293</osoby_fizyczne_prowadzace_dzialalnosc_gospodarcza>
	</dane_tablica_T5>
	<dane_tablica_T5>
		<PKD_Sekcja>D</PKD_Sekcja>
		<PKD_Dzial>35</PKD_Dzial>
		<PKD_opis>Wytwarzanie i zaopatrywanie w energię elektryczną, gaz, parę wodną, gorącą wodę i powietrze do układów klimatyzacyjnych</PKD_opis>
		<Ogolem>62</Ogolem>
		<przedsiebiorstwa_panstwowe>0</przedsiebiorstwa_panstwowe>
		<spolki_razem>50</spolki_razem>
		<w_tym_spolki_handlowe_razem>50</w_tym_spolki_handlowe_razem>
		<w_tym_spolki_handlowe_akcyjne>1</w_tym_spolki_handlowe_akcyjne>
		<w_tym_spolki_handlowe_zoo>48</w_tym_spolki_handlowe_zoo>
		<w_tym_spolki_cywilne>0</w_tym_spolki_cywilne>
		<spóldzielnie>0</spóldzielnie>
		<osoby_fizyczne_prowadzace_dzialalnosc_gospodarcza>12</osoby_fizyczne_prowadzace_dzialalnosc_gospodarcza>
	</dane_tablica_T5>
	<dane_tablica_T5>
		<PKD_Sekcja>E</PKD_Sekcja>
		<PKD_Dzial>36</PKD_Dzial>
		<PKD_opis>Pobór, uzdatnianie i dostarczanie wody</PKD_opis>
		<Ogolem>2</Ogolem>
		<przedsiebiorstwa_panstwowe>0</przedsiebiorstwa_panstwowe>
		<spolki_razem>1</spolki_razem>
		<w_tym_spolki_handlowe_razem>1</w_tym_spolki_handlowe_razem>
		<w_tym_spolki_handlowe_akcyjne>0</w_tym_spolki_handlowe_akcyjne>
		<w_tym_spolki_handlowe_zoo>1</w_tym_spolki_handlowe_zoo>
		<w_tym_spolki_cywilne>0</w_tym_spolki_cywilne>
		<spóldzielnie>0</spóldzielnie>
		<osoby_fizyczne_prowadzace_dzialalnosc_gospodarcza>0</osoby_fizyczne_prowadzace_dzialalnosc_gospodarcza>
	</dane_tablica_T5>
	<dane_tablica_T5>
		<PKD_Sekcja>E</PKD_Sekcja>
		<PKD_Dzial>37</PKD_Dzial>
		<PKD_opis>Odprowadzanie i oczyszczanie ścieków</PKD_opis>
		<Ogolem>10</Ogolem>
		<przedsiebiorstwa_panstwowe>0</przedsiebiorstwa_panstwowe>
		<spolki_razem>0</spolki_razem>
		<w_tym_spolki_handlowe_razem>0</w_tym_spolki_handlowe_razem>
		<w_tym_spolki_handlowe_akcyjne>0</w_tym_spolki_handlowe_akcyjne>
		<w_tym_spolki_handlowe_zoo>0</w_tym_spolki_handlowe_zoo>
		<w_tym_spolki_cywilne>0</w_tym_spolki_cywilne>
		<spóldzielnie>0</spóldzielnie>
		<osoby_fizyczne_prowadzace_dzialalnosc_gospodarcza>9</osoby_fizyczne_prowadzace_dzialalnosc_gospodarcza>
	</dane_tablica_T5>
	<dane_tablica_T5>
		<PKD_Sekcja>E</PKD_Sekcja>
		<PKD_Dzial>38</PKD_Dzial>
		<PKD_opis>Działalność związana ze zbieraniem, przetwarzaniem i unieszkodliwianiem odpadów; odzysk surowców</PKD_opis>
		<Ogolem>70</Ogolem>
		<przedsiebiorstwa_panstwowe>0</przedsiebiorstwa_panstwowe>
		<spolki_razem>27</spolki_razem>
		<w_tym_spolki_handlowe_razem>26</w_tym_spolki_handlowe_razem>
		<w_tym_spolki_handlowe_akcyjne>0</w_tym_spolki_handlowe_akcyjne>
		<w_tym_spolki_handlowe_zoo>23</w_tym_spolki_handlowe_zoo>
		<w_tym_spolki_cywilne>1</w_tym_spolki_cywilne>
		<spóldzielnie>1</spóldzielnie>
		<osoby_fizyczne_prowadzace_dzialalnosc_gospodarcza>42</osoby_fizyczne_prowadzace_dzialalnosc_gospodarcza>
	</dane_tablica_T5>
	<dane_tablica_T5>
		<PKD_Sekcja>E</PKD_Sekcja>
		<PKD_Dzial>39</PKD_Dzial>
		<PKD_opis>Działalność związana z rekultywacją i pozostała działalność usługowa związana z gospodarką odpadami</PKD_opis>
		<Ogolem>4</Ogolem>
		<przedsiebiorstwa_panstwowe>0</przedsiebiorstwa_panstwowe>
		<spolki_razem>3</spolki_razem>
		<w_tym_spolki_handlowe_razem>3</w_tym_spolki_handlowe_razem>
		<w_tym_spolki_handlowe_akcyjne>0</w_tym_spolki_handlowe_akcyjne>
		<w_tym_spolki_handlowe_zoo>3</w_tym_spolki_handlowe_zoo>
		<w_tym_spolki_cywilne>0</w_tym_spolki_cywilne>
		<spóldzielnie>0</spóldzielnie>
		<osoby_fizyczne_prowadzace_dzialalnosc_gospodarcza>1</osoby_fizyczne_prowadzace_dzialalnosc_gospodarcza>
	</dane_tablica_T5>
	<dane_tablica_T5>
		<PKD_Sekcja>F</PKD_Sekcja>
		<PKD_Dzial>41</PKD_Dzial>
		<PKD_opis>Roboty budowlane związane ze wznoszeniem budynków</PKD_opis>
		<Ogolem>1203</Ogolem>
		<przedsiebiorstwa_panstwowe>0</przedsiebiorstwa_panstwowe>
		<spolki_razem>376</spolki_razem>
		<w_tym_spolki_handlowe_razem>354</w_tym_spolki_handlowe_razem>
		<w_tym_spolki_handlowe_akcyjne>2</w_tym_spolki_handlowe_akcyjne>
		<w_tym_spolki_handlowe_zoo>235</w_tym_spolki_handlowe_zoo>
		<w_tym_spolki_cywilne>22</w_tym_spolki_cywilne>
		<spóldzielnie>1</spóldzielnie>
		<osoby_fizyczne_prowadzace_dzialalnosc_gospodarcza>826</osoby_fizyczne_prowadzace_dzialalnosc_gospodarcza>
	</dane_tablica_T5>
	<dane_tablica_T5>
		<PKD_Sekcja>F</PKD_Sekcja>
		<PKD_Dzial>42</PKD_Dzial>
		<PKD_opis>Roboty związane z budową obiektów inżynierii lądowej i wodnej</PKD_opis>
		<Ogolem>179</Ogolem>
		<przedsiebiorstwa_panstwowe>0</przedsiebiorstwa_panstwowe>
		<spolki_razem>34</spolki_razem>
		<w_tym_spolki_handlowe_razem>31</w_tym_spolki_handlowe_razem>
		<w_tym_spolki_handlowe_akcyjne>1</w_tym_spolki_handlowe_akcyjne>
		<w_tym_spolki_handlowe_zoo>24</w_tym_spolki_handlowe_zoo>
		<w_tym_spolki_cywilne>3</w_tym_spolki_cywilne>
		<spóldzielnie>0</spóldzielnie>
		<osoby_fizyczne_prowadzace_dzialalnosc_gospodarcza>144</osoby_fizyczne_prowadzace_dzialalnosc_gospodarcza>
	</dane_tablica_T5>
	<dane_tablica_T5>
		<PKD_Sekcja>F</PKD_Sekcja>
		<PKD_Dzial>43</PKD_Dzial>
		<PKD_opis>Roboty budowlane specjalistyczne</PKD_opis>
		<Ogolem>3339</Ogolem>
		<przedsiebiorstwa_panstwowe>0</przedsiebiorstwa_panstwowe>
		<spolki_razem>135</spolki_razem>
		<w_tym_spolki_handlowe_razem>115</w_tym_spolki_handlowe_razem>
		<w_tym_spolki_handlowe_akcyjne>0</w_tym_spolki_handlowe_akcyjne>
		<w_tym_spolki_handlowe_zoo>102</w_tym_spolki_handlowe_zoo>
		<w_tym_spolki_cywilne>19</w_tym_spolki_cywilne>
		<spóldzielnie>2</spóldzielnie>
		<osoby_fizyczne_prowadzace_dzialalnosc_gospodarcza>3202</osoby_fizyczne_prowadzace_dzialalnosc_gospodarcza>
	</dane_tablica_T5>
	<dane_tablica_T5>
		<PKD_Sekcja>G</PKD_Sekcja>
		<PKD_Dzial>45</PKD_Dzial>
		<PKD_opis>Handel hurtowy i detaliczny pojazdami samochodowymi; naprawa pojazdów samochodowych</PKD_opis>
		<Ogolem>1050</Ogolem>
		<przedsiebiorstwa_panstwowe>0</przedsiebiorstwa_panstwowe>
		<spolki_razem>106</spolki_razem>
		<w_tym_spolki_handlowe_razem>86</w_tym_spolki_handlowe_razem>
		<w_tym_spolki_handlowe_akcyjne>0</w_tym_spolki_handlowe_akcyjne>
		<w_tym_spolki_handlowe_zoo>74</w_tym_spolki_handlowe_zoo>
		<w_tym_spolki_cywilne>20</w_tym_spolki_cywilne>
		<spóldzielnie>0</spóldzielnie>
		<osoby_fizyczne_prowadzace_dzialalnosc_gospodarcza>943</osoby_fizyczne_prowadzace_dzialalnosc_gospodarcza>
	</dane_tablica_T5>
	<dane_tablica_T5>
		<PKD_Sekcja>G</PKD_Sekcja>
		<PKD_Dzial>46</PKD_Dzial>
		<PKD_opis>Handel hurtowy, z wyłączeniem handlu pojazdami samochodowymi</PKD_opis>
		<Ogolem>1067</Ogolem>
		<przedsiebiorstwa_panstwowe>0</przedsiebiorstwa_panstwowe>
		<spolki_razem>426</spolki_razem>
		<w_tym_spolki_handlowe_razem>396</w_tym_spolki_handlowe_razem>
		<w_tym_spolki_handlowe_akcyjne>2</w_tym_spolki_handlowe_akcyjne>
		<w_tym_spolki_handlowe_zoo>324</w_tym_spolki_handlowe_zoo>
		<w_tym_spolki_cywilne>30</w_tym_spolki_cywilne>
		<spóldzielnie>1</spóldzielnie>
		<osoby_fizyczne_prowadzace_dzialalnosc_gospodarcza>638</osoby_fizyczne_prowadzace_dzialalnosc_gospodarcza>
	</dane_tablica_T5>
	<dane_tablica_T5>
		<PKD_Sekcja>G</PKD_Sekcja>
		<PKD_Dzial>47</PKD_Dzial>
		<PKD_opis>Handel detaliczny, z wyłączeniem handlu detalicznego pojazdami samochodowymi</PKD_opis>
		<Ogolem>2815</Ogolem>
		<przedsiebiorstwa_panstwowe>0</przedsiebiorstwa_panstwowe>
		<spolki_razem>304</spolki_razem>
		<w_tym_spolki_handlowe_razem>250</w_tym_spolki_handlowe_razem>
		<w_tym_spolki_handlowe_akcyjne>0</w_tym_spolki_handlowe_akcyjne>
		<w_tym_spolki_handlowe_zoo>214</w_tym_spolki_handlowe_zoo>
		<w_tym_spolki_cywilne>54</w_tym_spolki_cywilne>
		<spóldzielnie>0</spóldzielnie>
		<osoby_fizyczne_prowadzace_dzialalnosc_gospodarcza>2510</osoby_fizyczne_prowadzace_dzialalnosc_gospodarcza>
	</dane_tablica_T5>
	<dane_tablica_T5>
		<PKD_Sekcja>H</PKD_Sekcja>
		<PKD_Dzial>49</PKD_Dzial>
		<PKD_opis>Transport lądowy oraz transport rurociągowy</PKD_opis>
		<Ogolem>1665</Ogolem>
		<przedsiebiorstwa_panstwowe>0</przedsiebiorstwa_panstwowe>
		<spolki_razem>204</spolki_razem>
		<w_tym_spolki_handlowe_razem>180</w_tym_spolki_handlowe_razem>
		<w_tym_spolki_handlowe_akcyjne>0</w_tym_spolki_handlowe_akcyjne>
		<w_tym_spolki_handlowe_zoo>162</w_tym_spolki_handlowe_zoo>
		<w_tym_spolki_cywilne>24</w_tym_spolki_cywilne>
		<spóldzielnie>0</spóldzielnie>
		<osoby_fizyczne_prowadzace_dzialalnosc_gospodarcza>1459</osoby_fizyczne_prowadzace_dzialalnosc_gospodarcza>
	</dane_tablica_T5>
	<dane_tablica_T5>
		<PKD_Sekcja>H</PKD_Sekcja>
		<PKD_Dzial>50</PKD_Dzial>
		<PKD_opis>Transport wodny</PKD_opis>
		<Ogolem>4</Ogolem>
		<przedsiebiorstwa_panstwowe>0</przedsiebiorstwa_panstwowe>
		<spolki_razem>1</spolki_razem>
		<w_tym_spolki_handlowe_razem>1</w_tym_spolki_handlowe_razem>
		<w_tym_spolki_handlowe_akcyjne>0</w_tym_spolki_handlowe_akcyjne>
		<w_tym_spolki_handlowe_zoo>1</w_tym_spolki_handlowe_zoo>
		<w_tym_spolki_cywilne>0</w_tym_spolki_cywilne>
		<spóldzielnie>0</spóldzielnie>
		<osoby_fizyczne_prowadzace_dzialalnosc_gospodarcza>3</osoby_fizyczne_prowadzace_dzialalnosc_gospodarcza>
	</dane_tablica_T5>
	<dane_tablica_T5>
		<PKD_Sekcja>H</PKD_Sekcja>
		<PKD_Dzial>51</PKD_Dzial>
		<PKD_opis>Transport lotniczy</PKD_opis>
		<Ogolem>14</Ogolem>
		<przedsiebiorstwa_panstwowe>0</przedsiebiorstwa_panstwowe>
		<spolki_razem>1</spolki_razem>
		<w_tym_spolki_handlowe_razem>1</w_tym_spolki_handlowe_razem>
		<w_tym_spolki_handlowe_akcyjne>0</w_tym_spolki_handlowe_akcyjne>
		<w_tym_spolki_handlowe_zoo>1</w_tym_spolki_handlowe_zoo>
		<w_tym_spolki_cywilne>0</w_tym_spolki_cywilne>
		<spóldzielnie>0</spóldzielnie>
		<osoby_fizyczne_prowadzace_dzialalnosc_gospodarcza>12</osoby_fizyczne_prowadzace_dzialalnosc_gospodarcza>
	</dane_tablica_T5>
	<dane_tablica_T5>
		<PKD_Sekcja>H</PKD_Sekcja>
		<PKD_Dzial>52</PKD_Dzial>
		<PKD_opis>Magazynowanie i działalność usługowa wspomagająca transport</PKD_opis>
		<Ogolem>233</Ogolem>
		<przedsiebiorstwa_panstwowe>0</przedsiebiorstwa_panstwowe>
		<spolki_razem>47</spolki_razem>
		<w_tym_spolki_handlowe_razem>41</w_tym_spolki_handlowe_razem>
		<w_tym_spolki_handlowe_akcyjne>1</w_tym_spolki_handlowe_akcyjne>
		<w_tym_spolki_handlowe_zoo>32</w_tym_spolki_handlowe_zoo>
		<w_tym_spolki_cywilne>6</w_tym_spolki_cywilne>
		<spóldzielnie>0</spóldzielnie>
		<osoby_fizyczne_prowadzace_dzialalnosc_gospodarcza>186</osoby_fizyczne_prowadzace_dzialalnosc_gospodarcza>
	</dane_tablica_T5>
	<dane_tablica_T5>
		<PKD_Sekcja>H</PKD_Sekcja>
		<PKD_Dzial>53</PKD_Dzial>
		<PKD_opis>Działalność pocztowa i kurierska</PKD_opis>
		<Ogolem>102</Ogolem>
		<przedsiebiorstwa_panstwowe>0</przedsiebiorstwa_panstwowe>
		<spolki_razem>10</spolki_razem>
		<w_tym_spolki_handlowe_razem>9</w_tym_spolki_handlowe_razem>
		<w_tym_spolki_handlowe_akcyjne>0</w_tym_spolki_handlowe_akcyjne>
		<w_tym_spolki_handlowe_zoo>9</w_tym_spolki_handlowe_zoo>
		<w_tym_spolki_cywilne>1</w_tym_spolki_cywilne>
		<spóldzielnie>0</spóldzielnie>
		<osoby_fizyczne_prowadzace_dzialalnosc_gospodarcza>92</osoby_fizyczne_prowadzace_dzialalnosc_gospodarcza>
	</dane_tablica_T5>
	<dane_tablica_T5>
		<PKD_Sekcja>I</PKD_Sekcja>
		<PKD_Dzial>55</PKD_Dzial>
		<PKD_opis>Zakwaterowanie</PKD_opis>
		<Ogolem>210</Ogolem>
		<przedsiebiorstwa_panstwowe>0</przedsiebiorstwa_panstwowe>
		<spolki_razem>43</spolki_razem>
		<w_tym_spolki_handlowe_razem>34</w_tym_spolki_handlowe_razem>
		<w_tym_spolki_handlowe_akcyjne>0</w_tym_spolki_handlowe_akcyjne>
		<w_tym_spolki_handlowe_zoo>30</w_tym_spolki_handlowe_zoo>
		<w_tym_spolki_cywilne>9</w_tym_spolki_cywilne>
		<spóldzielnie>0</spóldzielnie>
		<osoby_fizyczne_prowadzace_dzialalnosc_gospodarcza>167</osoby_fizyczne_prowadzace_dzialalnosc_gospodarcza>
	</dane_tablica_T5>
	<dane_tablica_T5>
		<PKD_Sekcja>I</PKD_Sekcja>
		<PKD_Dzial>56</PKD_Dzial>
		<PKD_opis>Działalność usługowa związana z wyżywieniem</PKD_opis>
		<Ogolem>717</Ogolem>
		<przedsiebiorstwa_panstwowe>0</przedsiebiorstwa_panstwowe>
		<spolki_razem>119</spolki_razem>
		<w_tym_spolki_handlowe_razem>89</w_tym_spolki_handlowe_razem>
		<w_tym_spolki_handlowe_akcyjne>0</w_tym_spolki_handlowe_akcyjne>
		<w_tym_spolki_handlowe_zoo>68</w_tym_spolki_handlowe_zoo>
		<w_tym_spolki_cywilne>30</w_tym_spolki_cywilne>
		<spóldzielnie>1</spóldzielnie>
		<osoby_fizyczne_prowadzace_dzialalnosc_gospodarcza>597</osoby_fizyczne_prowadzace_dzialalnosc_gospodarcza>
	</dane_tablica_T5>
	<dane_tablica_T5>
		<PKD_Sekcja>J</PKD_Sekcja>
		<PKD_Dzial>58</PKD_Dzial>
		<PKD_opis>Działalność wydawnicza</PKD_opis>
		<Ogolem>62</Ogolem>
		<przedsiebiorstwa_panstwowe>0</przedsiebiorstwa_panstwowe>
		<spolki_razem>15</spolki_razem>
		<w_tym_spolki_handlowe_razem>14</w_tym_spolki_handlowe_razem>
		<w_tym_spolki_handlowe_akcyjne>2</w_tym_spolki_handlowe_akcyjne>
		<w_tym_spolki_handlowe_zoo>11</w_tym_spolki_handlowe_zoo>
		<w_tym_spolki_cywilne>1</w_tym_spolki_cywilne>
		<spóldzielnie>0</spóldzielnie>
		<osoby_fizyczne_prowadzace_dzialalnosc_gospodarcza>47</osoby_fizyczne_prowadzace_dzialalnosc_gospodarcza>
	</dane_tablica_T5>
	<dane_tablica_T5>
		<PKD_Sekcja>J</PKD_Sekcja>
		<PKD_Dzial>59</PKD_Dzial>
		<PKD_opis>Działalność związana z produkcją filmów, nagrań wideo, programów telewizyjnych, nagrań dźwiękowych i muzycznych</PKD_opis>
		<Ogolem>123</Ogolem>
		<przedsiebiorstwa_panstwowe>0</przedsiebiorstwa_panstwowe>
		<spolki_razem>18</spolki_razem>
		<w_tym_spolki_handlowe_razem>17</w_tym_spolki_handlowe_razem>
		<w_tym_spolki_handlowe_akcyjne>0</w_tym_spolki_handlowe_akcyjne>
		<w_tym_spolki_handlowe_zoo>15</w_tym_spolki_handlowe_zoo>
		<w_tym_spolki_cywilne>1</w_tym_spolki_cywilne>
		<spóldzielnie>1</spóldzielnie>
		<osoby_fizyczne_prowadzace_dzialalnosc_gospodarcza>104</osoby_fizyczne_prowadzace_dzialalnosc_gospodarcza>
	</dane_tablica_T5>
	<dane_tablica_T5>
		<PKD_Sekcja>J</PKD_Sekcja>
		<PKD_Dzial>60</PKD_Dzial>
		<PKD_opis>Nadawanie programów ogólnodostępnych i abonamentowych</PKD_opis>
		<Ogolem>3</Ogolem>
		<przedsiebiorstwa_panstwowe>0</przedsiebiorstwa_panstwowe>
		<spolki_razem>2</spolki_razem>
		<w_tym_spolki_handlowe_razem>2</w_tym_spolki_handlowe_razem>
		<w_tym_spolki_handlowe_akcyjne>0</w_tym_spolki_handlowe_akcyjne>
		<w_tym_spolki_handlowe_zoo>2</w_tym_spolki_handlowe_zoo>
		<w_tym_spolki_cywilne>0</w_tym_spolki_cywilne>
		<spóldzielnie>0</spóldzielnie>
		<osoby_fizyczne_prowadzace_dzialalnosc_gospodarcza>1</osoby_fizyczne_prowadzace_dzialalnosc_gospodarcza>
	</dane_tablica_T5>
	<dane_tablica_T5>
		<PKD_Sekcja>J</PKD_Sekcja>
		<PKD_Dzial>61</PKD_Dzial>
		<PKD_opis>Telekomunikacja</PKD_opis>
		<Ogolem>68</Ogolem>
		<przedsiebiorstwa_panstwowe>0</przedsiebiorstwa_panstwowe>
		<spolki_razem>14</spolki_razem>
		<w_tym_spolki_handlowe_razem>14</w_tym_spolki_handlowe_razem>
		<w_tym_spolki_handlowe_akcyjne>0</w_tym_spolki_handlowe_akcyjne>
		<w_tym_spolki_handlowe_zoo>11</w_tym_spolki_handlowe_zoo>
		<w_tym_spolki_cywilne>0</w_tym_spolki_cywilne>
		<spóldzielnie>0</spóldzielnie>
		<osoby_fizyczne_prowadzace_dzialalnosc_gospodarcza>54</osoby_fizyczne_prowadzace_dzialalnosc_gospodarcza>
	</dane_tablica_T5>
	<dane_tablica_T5>
		<PKD_Sekcja>J</PKD_Sekcja>
		<PKD_Dzial>62</PKD_Dzial>
		<PKD_opis>Działalność związana z oprogramowaniem i doradztwem w zakresie informatyki oraz dzialalność powiązana</PKD_opis>
		<Ogolem>1334</Ogolem>
		<przedsiebiorstwa_panstwowe>0</przedsiebiorstwa_panstwowe>
		<spolki_razem>217</spolki_razem>
		<w_tym_spolki_handlowe_razem>213</w_tym_spolki_handlowe_razem>
		<w_tym_spolki_handlowe_akcyjne>4</w_tym_spolki_handlowe_akcyjne>
		<w_tym_spolki_handlowe_zoo>185</w_tym_spolki_handlowe_zoo>
		<w_tym_spolki_cywilne>4</w_tym_spolki_cywilne>
		<spóldzielnie>0</spóldzielnie>
		<osoby_fizyczne_prowadzace_dzialalnosc_gospodarcza>1116</osoby_fizyczne_prowadzace_dzialalnosc_gospodarcza>
	</dane_tablica_T5>
	<dane_tablica_T5>
		<PKD_Sekcja>J</PKD_Sekcja>
		<PKD_Dzial>63</PKD_Dzial>
		<PKD_opis>Działalność usługowa w zakresie informacji</PKD_opis>
		<Ogolem>188</Ogolem>
		<przedsiebiorstwa_panstwowe>0</przedsiebiorstwa_panstwowe>
		<spolki_razem>102</spolki_razem>
		<w_tym_spolki_handlowe_razem>98</w_tym_spolki_handlowe_razem>
		<w_tym_spolki_handlowe_akcyjne>0</w_tym_spolki_handlowe_akcyjne>
		<w_tym_spolki_handlowe_zoo>95</w_tym_spolki_handlowe_zoo>
		<w_tym_spolki_cywilne>4</w_tym_spolki_cywilne>
		<spóldzielnie>0</spóldzielnie>
		<osoby_fizyczne_prowadzace_dzialalnosc_gospodarcza>85</osoby_fizyczne_prowadzace_dzialalnosc_gospodarcza>
	</dane_tablica_T5>
	<dane_tablica_T5>
		<PKD_Sekcja>K</PKD_Sekcja>
		<PKD_Dzial>64</PKD_Dzial>
		<PKD_opis>Finansowa działalność usługowa, z wyłączeniem ubezpieczeń i funduszów emerytalnych</PKD_opis>
		<Ogolem>215</Ogolem>
		<przedsiebiorstwa_panstwowe>0</przedsiebiorstwa_panstwowe>
		<spolki_razem>74</spolki_razem>
		<w_tym_spolki_handlowe_razem>66</w_tym_spolki_handlowe_razem>
		<w_tym_spolki_handlowe_akcyjne>5</w_tym_spolki_handlowe_akcyjne>
		<w_tym_spolki_handlowe_zoo>52</w_tym_spolki_handlowe_zoo>
		<w_tym_spolki_cywilne>8</w_tym_spolki_cywilne>
		<spóldzielnie>0</spóldzielnie>
		<osoby_fizyczne_prowadzace_dzialalnosc_gospodarcza>124</osoby_fizyczne_prowadzace_dzialalnosc_gospodarcza>
	</dane_tablica_T5>
	<dane_tablica_T5>
		<PKD_Sekcja>K</PKD_Sekcja>
		<PKD_Dzial>65</PKD_Dzial>
		<PKD_opis>Ubezpieczenia, reasekuracja oraz fundusze emerytalne, z wyłączeniem obowiązkowego ubezpieczenia społecznego</PKD_opis>
		<Ogolem>16</Ogolem>
		<przedsiebiorstwa_panstwowe>0</przedsiebiorstwa_panstwowe>
		<spolki_razem>0</spolki_razem>
		<w_tym_spolki_handlowe_razem>0</w_tym_spolki_handlowe_razem>
		<w_tym_spolki_handlowe_akcyjne>0</w_tym_spolki_handlowe_akcyjne>
		<w_tym_spolki_handlowe_zoo>0</w_tym_spolki_handlowe_zoo>
		<w_tym_spolki_cywilne>0</w_tym_spolki_cywilne>
		<spóldzielnie>0</spóldzielnie>
		<osoby_fizyczne_prowadzace_dzialalnosc_gospodarcza>16</osoby_fizyczne_prowadzace_dzialalnosc_gospodarcza>
	</dane_tablica_T5>
	<dane_tablica_T5>
		<PKD_Sekcja>K</PKD_Sekcja>
		<PKD_Dzial>66</PKD_Dzial>
		<PKD_opis>Działalność wspomagająca usługi finansowe oraz ubezpieczenia i fundusze emerytalne</PKD_opis>
		<Ogolem>531</Ogolem>
		<przedsiebiorstwa_panstwowe>0</przedsiebiorstwa_panstwowe>
		<spolki_razem>67</spolki_razem>
		<w_tym_spolki_handlowe_razem>60</w_tym_spolki_handlowe_razem>
		<w_tym_spolki_handlowe_akcyjne>0</w_tym_spolki_handlowe_akcyjne>
		<w_tym_spolki_handlowe_zoo>52</w_tym_spolki_handlowe_zoo>
		<w_tym_spolki_cywilne>7</w_tym_spolki_cywilne>
		<spóldzielnie>1</spóldzielnie>
		<osoby_fizyczne_prowadzace_dzialalnosc_gospodarcza>463</osoby_fizyczne_prowadzace_dzialalnosc_gospodarcza>
	</dane_tablica_T5>
	<dane_tablica_T5>
		<PKD_Sekcja>L</PKD_Sekcja>
		<PKD_Dzial>68</PKD_Dzial>
		<PKD_opis>Działalność związana z obsługą rynku nieruchomości</PKD_opis>
		<Ogolem>909</Ogolem>
		<przedsiebiorstwa_panstwowe>0</przedsiebiorstwa_panstwowe>
		<spolki_razem>298</spolki_razem>
		<w_tym_spolki_handlowe_razem>274</w_tym_spolki_handlowe_razem>
		<w_tym_spolki_handlowe_akcyjne>4</w_tym_spolki_handlowe_akcyjne>
		<w_tym_spolki_handlowe_zoo>216</w_tym_spolki_handlowe_zoo>
		<w_tym_spolki_cywilne>24</w_tym_spolki_cywilne>
		<spóldzielnie>0</spóldzielnie>
		<osoby_fizyczne_prowadzace_dzialalnosc_gospodarcza>312</osoby_fizyczne_prowadzace_dzialalnosc_gospodarcza>
	</dane_tablica_T5>
	<dane_tablica_T5>
		<PKD_Sekcja>M</PKD_Sekcja>
		<PKD_Dzial>69</PKD_Dzial>
		<PKD_opis>Działalność prawnicza, rachunkowo-księgowa i doradztwo podatkowe</PKD_opis>
		<Ogolem>696</Ogolem>
		<przedsiebiorstwa_panstwowe>0</przedsiebiorstwa_panstwowe>
		<spolki_razem>129</spolki_razem>
		<w_tym_spolki_handlowe_razem>123</w_tym_spolki_handlowe_razem>
		<w_tym_spolki_handlowe_akcyjne>0</w_tym_spolki_handlowe_akcyjne>
		<w_tym_spolki_handlowe_zoo>98</w_tym_spolki_handlowe_zoo>
		<w_tym_spolki_cywilne>6</w_tym_spolki_cywilne>
		<spóldzielnie>0</spóldzielnie>
		<osoby_fizyczne_prowadzace_dzialalnosc_gospodarcza>567</osoby_fizyczne_prowadzace_dzialalnosc_gospodarcza>
	</dane_tablica_T5>
	<dane_tablica_T5>
		<PKD_Sekcja>M</PKD_Sekcja>
		<PKD_Dzial>70</PKD_Dzial>
		<PKD_opis>Działalność firm centralnych (head offices); doradztwo związane z zarządzaniem</PKD_opis>
		<Ogolem>861</Ogolem>
		<przedsiebiorstwa_panstwowe>0</przedsiebiorstwa_panstwowe>
		<spolki_razem>362</spolki_razem>
		<w_tym_spolki_handlowe_razem>360</w_tym_spolki_handlowe_razem>
		<w_tym_spolki_handlowe_akcyjne>17</w_tym_spolki_handlowe_akcyjne>
		<w_tym_spolki_handlowe_zoo>323</w_tym_spolki_handlowe_zoo>
		<w_tym_spolki_cywilne>2</w_tym_spolki_cywilne>
		<spóldzielnie>0</spóldzielnie>
		<osoby_fizyczne_prowadzace_dzialalnosc_gospodarcza>499</osoby_fizyczne_prowadzace_dzialalnosc_gospodarcza>
	</dane_tablica_T5>
	<dane_tablica_T5>
		<PKD_Sekcja>M</PKD_Sekcja>
		<PKD_Dzial>71</PKD_Dzial>
		<PKD_opis>Działalność w zakresie architektury i inżynierii; badania i analizy techniczne</PKD_opis>
		<Ogolem>552</Ogolem>
		<przedsiebiorstwa_panstwowe>0</przedsiebiorstwa_panstwowe>
		<spolki_razem>50</spolki_razem>
		<w_tym_spolki_handlowe_razem>41</w_tym_spolki_handlowe_razem>
		<w_tym_spolki_handlowe_akcyjne>0</w_tym_spolki_handlowe_akcyjne>
		<w_tym_spolki_handlowe_zoo>32</w_tym_spolki_handlowe_zoo>
		<w_tym_spolki_cywilne>9</w_tym_spolki_cywilne>
		<spóldzielnie>0</spóldzielnie>
		<osoby_fizyczne_prowadzace_dzialalnosc_gospodarcza>500</osoby_fizyczne_prowadzace_dzialalnosc_gospodarcza>
	</dane_tablica_T5>
	<dane_tablica_T5>
		<PKD_Sekcja>M</PKD_Sekcja>
		<PKD_Dzial>72</PKD_Dzial>
		<PKD_opis>Badania naukowe i prace rozwojowe</PKD_opis>
		<Ogolem>51</Ogolem>
		<przedsiebiorstwa_panstwowe>0</przedsiebiorstwa_panstwowe>
		<spolki_razem>31</spolki_razem>
		<w_tym_spolki_handlowe_razem>31</w_tym_spolki_handlowe_razem>
		<w_tym_spolki_handlowe_akcyjne>0</w_tym_spolki_handlowe_akcyjne>
		<w_tym_spolki_handlowe_zoo>31</w_tym_spolki_handlowe_zoo>
		<w_tym_spolki_cywilne>0</w_tym_spolki_cywilne>
		<spóldzielnie>0</spóldzielnie>
		<osoby_fizyczne_prowadzace_dzialalnosc_gospodarcza>20</osoby_fizyczne_prowadzace_dzialalnosc_gospodarcza>
	</dane_tablica_T5>
	<dane_tablica_T5>
		<PKD_Sekcja>M</PKD_Sekcja>
		<PKD_Dzial>73</PKD_Dzial>
		<PKD_opis>Reklama, badanie rynku i opinii publicznej</PKD_opis>
		<Ogolem>409</Ogolem>
		<przedsiebiorstwa_panstwowe>0</przedsiebiorstwa_panstwowe>
		<spolki_razem>62</spolki_razem>
		<w_tym_spolki_handlowe_razem>58</w_tym_spolki_handlowe_razem>
		<w_tym_spolki_handlowe_akcyjne>0</w_tym_spolki_handlowe_akcyjne>
		<w_tym_spolki_handlowe_zoo>51</w_tym_spolki_handlowe_zoo>
		<w_tym_spolki_cywilne>4</w_tym_spolki_cywilne>
		<spóldzielnie>0</spóldzielnie>
		<osoby_fizyczne_prowadzace_dzialalnosc_gospodarcza>345</osoby_fizyczne_prowadzace_dzialalnosc_gospodarcza>
	</dane_tablica_T5>
	<dane_tablica_T5>
		<PKD_Sekcja>M</PKD_Sekcja>
		<PKD_Dzial>74</PKD_Dzial>
		<PKD_opis>Pozostała działalność profesjonalna, naukowa i techniczna</PKD_opis>
		<Ogolem>672</Ogolem>
		<przedsiebiorstwa_panstwowe>0</przedsiebiorstwa_panstwowe>
		<spolki_razem>41</spolki_razem>
		<w_tym_spolki_handlowe_razem>38</w_tym_spolki_handlowe_razem>
		<w_tym_spolki_handlowe_akcyjne>0</w_tym_spolki_handlowe_akcyjne>
		<w_tym_spolki_handlowe_zoo>33</w_tym_spolki_handlowe_zoo>
		<w_tym_spolki_cywilne>3</w_tym_spolki_cywilne>
		<spóldzielnie>0</spóldzielnie>
		<osoby_fizyczne_prowadzace_dzialalnosc_gospodarcza>631</osoby_fizyczne_prowadzace_dzialalnosc_gospodarcza>
	</dane_tablica_T5>
	<dane_tablica_T5>
		<PKD_Sekcja>M</PKD_Sekcja>
		<PKD_Dzial>75</PKD_Dzial>
		<PKD_opis>Działalność weterynaryjna</PKD_opis>
		<Ogolem>32</Ogolem>
		<przedsiebiorstwa_panstwowe>0</przedsiebiorstwa_panstwowe>
		<spolki_razem>2</spolki_razem>
		<w_tym_spolki_handlowe_razem>1</w_tym_spolki_handlowe_razem>
		<w_tym_spolki_handlowe_akcyjne>0</w_tym_spolki_handlowe_akcyjne>
		<w_tym_spolki_handlowe_zoo>1</w_tym_spolki_handlowe_zoo>
		<w_tym_spolki_cywilne>1</w_tym_spolki_cywilne>
		<spóldzielnie>0</spóldzielnie>
		<osoby_fizyczne_prowadzace_dzialalnosc_gospodarcza>30</osoby_fizyczne_prowadzace_dzialalnosc_gospodarcza>
	</dane_tablica_T5>
	<dane_tablica_T5>
		<PKD_Sekcja>N</PKD_Sekcja>
		<PKD_Dzial>77</PKD_Dzial>
		<PKD_opis>Wynajem i dzierżawa</PKD_opis>
		<Ogolem>151</Ogolem>
		<przedsiebiorstwa_panstwowe>0</przedsiebiorstwa_panstwowe>
		<spolki_razem>39</spolki_razem>
		<w_tym_spolki_handlowe_razem>38</w_tym_spolki_handlowe_razem>
		<w_tym_spolki_handlowe_akcyjne>2</w_tym_spolki_handlowe_akcyjne>
		<w_tym_spolki_handlowe_zoo>32</w_tym_spolki_handlowe_zoo>
		<w_tym_spolki_cywilne>1</w_tym_spolki_cywilne>
		<spóldzielnie>0</spóldzielnie>
		<osoby_fizyczne_prowadzace_dzialalnosc_gospodarcza>112</osoby_fizyczne_prowadzace_dzialalnosc_gospodarcza>
	</dane_tablica_T5>
	<dane_tablica_T5>
		<PKD_Sekcja>N</PKD_Sekcja>
		<PKD_Dzial>78</PKD_Dzial>
		<PKD_opis>Działalność związana z zatrudnieniem</PKD_opis>
		<Ogolem>180</Ogolem>
		<przedsiebiorstwa_panstwowe>0</przedsiebiorstwa_panstwowe>
		<spolki_razem>112</spolki_razem>
		<w_tym_spolki_handlowe_razem>105</w_tym_spolki_handlowe_razem>
		<w_tym_spolki_handlowe_akcyjne>0</w_tym_spolki_handlowe_akcyjne>
		<w_tym_spolki_handlowe_zoo>96</w_tym_spolki_handlowe_zoo>
		<w_tym_spolki_cywilne>7</w_tym_spolki_cywilne>
		<spóldzielnie>0</spóldzielnie>
		<osoby_fizyczne_prowadzace_dzialalnosc_gospodarcza>68</osoby_fizyczne_prowadzace_dzialalnosc_gospodarcza>
	</dane_tablica_T5>
	<dane_tablica_T5>
		<PKD_Sekcja>N</PKD_Sekcja>
		<PKD_Dzial>79</PKD_Dzial>
		<PKD_opis>Działalność organizatorów turystyki, pośredników i agentów turystycznych oraz pozostała działalność usługowa w zakresie rezerwacji i działalności z nią związane</PKD_opis>
		<Ogolem>63</Ogolem>
		<przedsiebiorstwa_panstwowe>0</przedsiebiorstwa_panstwowe>
		<spolki_razem>18</spolki_razem>
		<w_tym_spolki_handlowe_razem>17</w_tym_spolki_handlowe_razem>
		<w_tym_spolki_handlowe_akcyjne>0</w_tym_spolki_handlowe_akcyjne>
		<w_tym_spolki_handlowe_zoo>17</w_tym_spolki_handlowe_zoo>
		<w_tym_spolki_cywilne>1</w_tym_spolki_cywilne>
		<spóldzielnie>0</spóldzielnie>
		<osoby_fizyczne_prowadzace_dzialalnosc_gospodarcza>45</osoby_fizyczne_prowadzace_dzialalnosc_gospodarcza>
	</dane_tablica_T5>
	<dane_tablica_T5>
		<PKD_Sekcja>N</PKD_Sekcja>
		<PKD_Dzial>80</PKD_Dzial>
		<PKD_opis>Działalność detektywistyczna i ochroniarska</PKD_opis>
		<Ogolem>52</Ogolem>
		<przedsiebiorstwa_panstwowe>0</przedsiebiorstwa_panstwowe>
		<spolki_razem>26</spolki_razem>
		<w_tym_spolki_handlowe_razem>14</w_tym_spolki_handlowe_razem>
		<w_tym_spolki_handlowe_akcyjne>0</w_tym_spolki_handlowe_akcyjne>
		<w_tym_spolki_handlowe_zoo>13</w_tym_spolki_handlowe_zoo>
		<w_tym_spolki_cywilne>12</w_tym_spolki_cywilne>
		<spóldzielnie>0</spóldzielnie>
		<osoby_fizyczne_prowadzace_dzialalnosc_gospodarcza>26</osoby_fizyczne_prowadzace_dzialalnosc_gospodarcza>
	</dane_tablica_T5>
	<dane_tablica_T5>
		<PKD_Sekcja>N</PKD_Sekcja>
		<PKD_Dzial>81</PKD_Dzial>
		<PKD_opis>Działalność usługowa związana z utrzymaniem porządku w budynkach i zagospodarowaniem terenów zieleni</PKD_opis>
		<Ogolem>487</Ogolem>
		<przedsiebiorstwa_panstwowe>0</przedsiebiorstwa_panstwowe>
		<spolki_razem>40</spolki_razem>
		<w_tym_spolki_handlowe_razem>35</w_tym_spolki_handlowe_razem>
		<w_tym_spolki_handlowe_akcyjne>0</w_tym_spolki_handlowe_akcyjne>
		<w_tym_spolki_handlowe_zoo>31</w_tym_spolki_handlowe_zoo>
		<w_tym_spolki_cywilne>5</w_tym_spolki_cywilne>
		<spóldzielnie>3</spóldzielnie>
		<osoby_fizyczne_prowadzace_dzialalnosc_gospodarcza>444</osoby_fizyczne_prowadzace_dzialalnosc_gospodarcza>
	</dane_tablica_T5>
	<dane_tablica_T5>
		<PKD_Sekcja>N</PKD_Sekcja>
		<PKD_Dzial>82</PKD_Dzial>
		<PKD_opis>Działalność związana z administracyjną obsługą biura i pozostała działalność wspomagająca prowadzenie działalności gospodarczej</PKD_opis>
		<Ogolem>397</Ogolem>
		<przedsiebiorstwa_panstwowe>0</przedsiebiorstwa_panstwowe>
		<spolki_razem>76</spolki_razem>
		<w_tym_spolki_handlowe_razem>71</w_tym_spolki_handlowe_razem>
		<w_tym_spolki_handlowe_akcyjne>0</w_tym_spolki_handlowe_akcyjne>
		<w_tym_spolki_handlowe_zoo>68</w_tym_spolki_handlowe_zoo>
		<w_tym_spolki_cywilne>5</w_tym_spolki_cywilne>
		<spóldzielnie>0</spóldzielnie>
		<osoby_fizyczne_prowadzace_dzialalnosc_gospodarcza>320</osoby_fizyczne_prowadzace_dzialalnosc_gospodarcza>
	</dane_tablica_T5>
	<dane_tablica_T5>
		<PKD_Sekcja>O</PKD_Sekcja>
		<PKD_Dzial>84</PKD_Dzial>
		<PKD_opis>Administracja publiczna i obrona narodowa; obowiązkowe zabezpieczenia społeczne</PKD_opis>
		<Ogolem>7</Ogolem>
		<przedsiebiorstwa_panstwowe>0</przedsiebiorstwa_panstwowe>
		<spolki_razem>1</spolki_razem>
		<w_tym_spolki_handlowe_razem>1</w_tym_spolki_handlowe_razem>
		<w_tym_spolki_handlowe_akcyjne>0</w_tym_spolki_handlowe_akcyjne>
		<w_tym_spolki_handlowe_zoo>1</w_tym_spolki_handlowe_zoo>
		<w_tym_spolki_cywilne>0</w_tym_spolki_cywilne>
		<spóldzielnie>0</spóldzielnie>
		<osoby_fizyczne_prowadzace_dzialalnosc_gospodarcza>1</osoby_fizyczne_prowadzace_dzialalnosc_gospodarcza>
	</dane_tablica_T5>
	<dane_tablica_T5>
		<PKD_Sekcja>P</PKD_Sekcja>
		<PKD_Dzial>85</PKD_Dzial>
		<PKD_opis>Edukacja</PKD_opis>
		<Ogolem>899</Ogolem>
		<przedsiebiorstwa_panstwowe>0</przedsiebiorstwa_panstwowe>
		<spolki_razem>79</spolki_razem>
		<w_tym_spolki_handlowe_razem>66</w_tym_spolki_handlowe_razem>
		<w_tym_spolki_handlowe_akcyjne>1</w_tym_spolki_handlowe_akcyjne>
		<w_tym_spolki_handlowe_zoo>60</w_tym_spolki_handlowe_zoo>
		<w_tym_spolki_cywilne>13</w_tym_spolki_cywilne>
		<spóldzielnie>1</spóldzielnie>
		<osoby_fizyczne_prowadzace_dzialalnosc_gospodarcza>726</osoby_fizyczne_prowadzace_dzialalnosc_gospodarcza>
	</dane_tablica_T5>
	<dane_tablica_T5>
		<PKD_Sekcja>Q</PKD_Sekcja>
		<PKD_Dzial>86</PKD_Dzial>
		<PKD_opis>Opieka zdrowotna</PKD_opis>
		<Ogolem>1360</Ogolem>
		<przedsiebiorstwa_panstwowe>0</przedsiebiorstwa_panstwowe>
		<spolki_razem>81</spolki_razem>
		<w_tym_spolki_handlowe_razem>67</w_tym_spolki_handlowe_razem>
		<w_tym_spolki_handlowe_akcyjne>1</w_tym_spolki_handlowe_akcyjne>
		<w_tym_spolki_handlowe_zoo>43</w_tym_spolki_handlowe_zoo>
		<w_tym_spolki_cywilne>14</w_tym_spolki_cywilne>
		<spóldzielnie>2</spóldzielnie>
		<osoby_fizyczne_prowadzace_dzialalnosc_gospodarcza>1276</osoby_fizyczne_prowadzace_dzialalnosc_gospodarcza>
	</dane_tablica_T5>
	<dane_tablica_T5>
		<PKD_Sekcja>Q</PKD_Sekcja>
		<PKD_Dzial>87</PKD_Dzial>
		<PKD_opis>Pomoc społeczna z zakwaterowaniem</PKD_opis>
		<Ogolem>21</Ogolem>
		<przedsiebiorstwa_panstwowe>0</przedsiebiorstwa_panstwowe>
		<spolki_razem>5</spolki_razem>
		<w_tym_spolki_handlowe_razem>5</w_tym_spolki_handlowe_razem>
		<w_tym_spolki_handlowe_akcyjne>0</w_tym_spolki_handlowe_akcyjne>
		<w_tym_spolki_handlowe_zoo>5</w_tym_spolki_handlowe_zoo>
		<w_tym_spolki_cywilne>0</w_tym_spolki_cywilne>
		<spóldzielnie>0</spóldzielnie>
		<osoby_fizyczne_prowadzace_dzialalnosc_gospodarcza>12</osoby_fizyczne_prowadzace_dzialalnosc_gospodarcza>
	</dane_tablica_T5>
	<dane_tablica_T5>
		<PKD_Sekcja>Q</PKD_Sekcja>
		<PKD_Dzial>88</PKD_Dzial>
		<PKD_opis>Pomoc społeczna bez zakwaterowania</PKD_opis>
		<Ogolem>154</Ogolem>
		<przedsiebiorstwa_panstwowe>0</przedsiebiorstwa_panstwowe>
		<spolki_razem>17</spolki_razem>
		<w_tym_spolki_handlowe_razem>10</w_tym_spolki_handlowe_razem>
		<w_tym_spolki_handlowe_akcyjne>0</w_tym_spolki_handlowe_akcyjne>
		<w_tym_spolki_handlowe_zoo>6</w_tym_spolki_handlowe_zoo>
		<w_tym_spolki_cywilne>7</w_tym_spolki_cywilne>
		<spóldzielnie>1</spóldzielnie>
		<osoby_fizyczne_prowadzace_dzialalnosc_gospodarcza>122</osoby_fizyczne_prowadzace_dzialalnosc_gospodarcza>
	</dane_tablica_T5>
	<dane_tablica_T5>
		<PKD_Sekcja>R</PKD_Sekcja>
		<PKD_Dzial>90</PKD_Dzial>
		<PKD_opis>Działalność twórcza związana z kulturą i rozrywką</PKD_opis>
		<Ogolem>200</Ogolem>
		<przedsiebiorstwa_panstwowe>0</przedsiebiorstwa_panstwowe>
		<spolki_razem>8</spolki_razem>
		<w_tym_spolki_handlowe_razem>7</w_tym_spolki_handlowe_razem>
		<w_tym_spolki_handlowe_akcyjne>0</w_tym_spolki_handlowe_akcyjne>
		<w_tym_spolki_handlowe_zoo>6</w_tym_spolki_handlowe_zoo>
		<w_tym_spolki_cywilne>1</w_tym_spolki_cywilne>
		<spóldzielnie>0</spóldzielnie>
		<osoby_fizyczne_prowadzace_dzialalnosc_gospodarcza>190</osoby_fizyczne_prowadzace_dzialalnosc_gospodarcza>
	</dane_tablica_T5>
	<dane_tablica_T5>
		<PKD_Sekcja>R</PKD_Sekcja>
		<PKD_Dzial>91</PKD_Dzial>
		<PKD_opis>Działalność bibliotek, archiwów, muzeów oraz pozostała działalność związana z kulturą</PKD_opis>
		<Ogolem>14</Ogolem>
		<przedsiebiorstwa_panstwowe>0</przedsiebiorstwa_panstwowe>
		<spolki_razem>1</spolki_razem>
		<w_tym_spolki_handlowe_razem>1</w_tym_spolki_handlowe_razem>
		<w_tym_spolki_handlowe_akcyjne>0</w_tym_spolki_handlowe_akcyjne>
		<w_tym_spolki_handlowe_zoo>0</w_tym_spolki_handlowe_zoo>
		<w_tym_spolki_cywilne>0</w_tym_spolki_cywilne>
		<spóldzielnie>0</spóldzielnie>
		<osoby_fizyczne_prowadzace_dzialalnosc_gospodarcza>10</osoby_fizyczne_prowadzace_dzialalnosc_gospodarcza>
	</dane_tablica_T5>
	<dane_tablica_T5>
		<PKD_Sekcja>R</PKD_Sekcja>
		<PKD_Dzial>92</PKD_Dzial>
		<PKD_opis>Działalność związana z grami losowymi i zakładami wzajemnymi</PKD_opis>
		<Ogolem>5</Ogolem>
		<przedsiebiorstwa_panstwowe>0</przedsiebiorstwa_panstwowe>
		<spolki_razem>0</spolki_razem>
		<w_tym_spolki_handlowe_razem>0</w_tym_spolki_handlowe_razem>
		<w_tym_spolki_handlowe_akcyjne>0</w_tym_spolki_handlowe_akcyjne>
		<w_tym_spolki_handlowe_zoo>0</w_tym_spolki_handlowe_zoo>
		<w_tym_spolki_cywilne>0</w_tym_spolki_cywilne>
		<spóldzielnie>0</spóldzielnie>
		<osoby_fizyczne_prowadzace_dzialalnosc_gospodarcza>5</osoby_fizyczne_prowadzace_dzialalnosc_gospodarcza>
	</dane_tablica_T5>
	<dane_tablica_T5>
		<PKD_Sekcja>R</PKD_Sekcja>
		<PKD_Dzial>93</PKD_Dzial>
		<PKD_opis>Działalność sportowa, rozrywkowa i rekreacyjna</PKD_opis>
		<Ogolem>287</Ogolem>
		<przedsiebiorstwa_panstwowe>0</przedsiebiorstwa_panstwowe>
		<spolki_razem>33</spolki_razem>
		<w_tym_spolki_handlowe_razem>24</w_tym_spolki_handlowe_razem>
		<w_tym_spolki_handlowe_akcyjne>0</w_tym_spolki_handlowe_akcyjne>
		<w_tym_spolki_handlowe_zoo>22</w_tym_spolki_handlowe_zoo>
		<w_tym_spolki_cywilne>9</w_tym_spolki_cywilne>
		<spóldzielnie>2</spóldzielnie>
		<osoby_fizyczne_prowadzace_dzialalnosc_gospodarcza>167</osoby_fizyczne_prowadzace_dzialalnosc_gospodarcza>
	</dane_tablica_T5>
	<dane_tablica_T5>
		<PKD_Sekcja>S</PKD_Sekcja>
		<PKD_Dzial>94</PKD_Dzial>
		<PKD_opis>Działalność organizacji członkowskich</PKD_opis>
		<Ogolem>387</Ogolem>
		<przedsiebiorstwa_panstwowe>0</przedsiebiorstwa_panstwowe>
		<spolki_razem>0</spolki_razem>
		<w_tym_spolki_handlowe_razem>0</w_tym_spolki_handlowe_razem>
		<w_tym_spolki_handlowe_akcyjne>0</w_tym_spolki_handlowe_akcyjne>
		<w_tym_spolki_handlowe_zoo>0</w_tym_spolki_handlowe_zoo>
		<w_tym_spolki_cywilne>0</w_tym_spolki_cywilne>
		<spóldzielnie>0</spóldzielnie>
		<osoby_fizyczne_prowadzace_dzialalnosc_gospodarcza>0</osoby_fizyczne_prowadzace_dzialalnosc_gospodarcza>
	</dane_tablica_T5>
	<dane_tablica_T5>
		<PKD_Sekcja>S</PKD_Sekcja>
		<PKD_Dzial>95</PKD_Dzial>
		<PKD_opis>Naprawa i konserwacja komputerów i artykułów użytku osobistego i domowego</PKD_opis>
		<Ogolem>197</Ogolem>
		<przedsiebiorstwa_panstwowe>0</przedsiebiorstwa_panstwowe>
		<spolki_razem>9</spolki_razem>
		<w_tym_spolki_handlowe_razem>8</w_tym_spolki_handlowe_razem>
		<w_tym_spolki_handlowe_akcyjne>0</w_tym_spolki_handlowe_akcyjne>
		<w_tym_spolki_handlowe_zoo>8</w_tym_spolki_handlowe_zoo>
		<w_tym_spolki_cywilne>1</w_tym_spolki_cywilne>
		<spóldzielnie>0</spóldzielnie>
		<osoby_fizyczne_prowadzace_dzialalnosc_gospodarcza>188</osoby_fizyczne_prowadzace_dzialalnosc_gospodarcza>
	</dane_tablica_T5>
	<dane_tablica_T5>
		<PKD_Sekcja>S</PKD_Sekcja>
		<PKD_Dzial>96</PKD_Dzial>
		<PKD_opis>Pozostała indywidualna działalność usługowa</PKD_opis>
		<Ogolem>1287</Ogolem>
		<przedsiebiorstwa_panstwowe>0</przedsiebiorstwa_panstwowe>
		<spolki_razem>66</spolki_razem>
		<w_tym_spolki_handlowe_razem>52</w_tym_spolki_handlowe_razem>
		<w_tym_spolki_handlowe_akcyjne>1</w_tym_spolki_handlowe_akcyjne>
		<w_tym_spolki_handlowe_zoo>48</w_tym_spolki_handlowe_zoo>
		<w_tym_spolki_cywilne>14</w_tym_spolki_cywilne>
		<spóldzielnie>0</spóldzielnie>
		<osoby_fizyczne_prowadzace_dzialalnosc_gospodarcza>1221</osoby_fizyczne_prowadzace_dzialalnosc_gospodarcza>
	</dane_tablica_T5>
	<dane_tablica_T5>
		<PKD_Sekcja>T</PKD_Sekcja>
		<PKD_Dzial>97</PKD_Dzial>
		<PKD_opis>Gospodarstwa domowe zatrudniające pracowników</PKD_opis>
		<Ogolem>0</Ogolem>
		<przedsiebiorstwa_panstwowe>0</przedsiebiorstwa_panstwowe>
		<spolki_razem>0</spolki_razem>
		<w_tym_spolki_handlowe_razem>0</w_tym_spolki_handlowe_razem>
		<w_tym_spolki_handlowe_akcyjne>0</w_tym_spolki_handlowe_akcyjne>
		<w_tym_spolki_handlowe_zoo>0</w_tym_spolki_handlowe_zoo>
		<w_tym_spolki_cywilne>0</w_tym_spolki_cywilne>
		<spóldzielnie>0</spóldzielnie>
		<osoby_fizyczne_prowadzace_dzialalnosc_gospodarcza>0</osoby_fizyczne_prowadzace_dzialalnosc_gospodarcza>
	</dane_tablica_T5>
	<dane_tablica_T5>
		<PKD_Sekcja>T</PKD_Sekcja>
		<PKD_Dzial>98</PKD_Dzial>
		<PKD_opis>Gospodarstwa domowe produkujące wyroby i świadczące usługi na własne potrzeby</PKD_opis>
		<Ogolem>0</Ogolem>
		<przedsiebiorstwa_panstwowe>0</przedsiebiorstwa_panstwowe>
		<spolki_razem>0</spolki_razem>
		<w_tym_spolki_handlowe_razem>0</w_tym_spolki_handlowe_razem>
		<w_tym_spolki_handlowe_akcyjne>0</w_tym_spolki_handlowe_akcyjne>
		<w_tym_spolki_handlowe_zoo>0</w_tym_spolki_handlowe_zoo>
		<w_tym_spolki_cywilne>0</w_tym_spolki_cywilne>
		<spóldzielnie>0</spóldzielnie>
		<osoby_fizyczne_prowadzace_dzialalnosc_gospodarcza>0</osoby_fizyczne_prowadzace_dzialalnosc_gospodarcza>
	</dane_tablica_T5>
	<dane_tablica_T5>
		<PKD_Sekcja>U</PKD_Sekcja>
		<PKD_Dzial>99</PKD_Dzial>
		<PKD_opis>Organizacje i zespoły eksterytorialne</PKD_opis>
		<Ogolem>1</Ogolem>
		<przedsiebiorstwa_panstwowe>0</przedsiebiorstwa_panstwowe>
		<spolki_razem>0</spolki_razem>
		<w_tym_spolki_handlowe_razem>0</w_tym_spolki_handlowe_razem>
		<w_tym_spolki_handlowe_akcyjne>0</w_tym_spolki_handlowe_akcyjne>
		<w_tym_spolki_handlowe_zoo>0</w_tym_spolki_handlowe_zoo>
		<w_tym_spolki_cywilne>0</w_tym_spolki_cywilne>
		<spóldzielnie>0</spóldzielnie>
		<osoby_fizyczne_prowadzace_dzialalnosc_gospodarcza>0</osoby_fizyczne_prowadzace_dzialalnosc_gospodarcza>
	</dane_tablica_T5>
</TABLICA_T5>