<!--
LISTOPAD 2017
Tablica 7: Podmioty gospodarki narodowej (bez osób fizycznych prowadzących wyłącznie indywidualne gospodarstwa rolne) wyrejestrowane z rejestru REGON według sekcji i działów Polskiej Klasyfikacji Działalności (PKD)												
-->

<TABLICA_T7>
	<dane_tablica_T7>
		<PKD_Sekcja>A</PKD_Sekcja>
		<PKD_Dzial>1</PKD_Dzial>
		<PKD_opis>Uprawy rolne, chów i hodowla zwierząt, łowiectwo, włączając działalność usługową</PKD_opis>
		<Ogolem>157</Ogolem>
		<przedsiebiorstwa_panstwowe>0</przedsiebiorstwa_panstwowe>
		<spolki_razem>34</spolki_razem>
		<w_tym_spolki_handlowe_razem>31</w_tym_spolki_handlowe_razem>
		<w_tym_spolki_handlowe_akcyjne>0</w_tym_spolki_handlowe_akcyjne>
		<w_tym_spolki_handlowe_zoo>9</w_tym_spolki_handlowe_zoo>
		<w_tym_spolki_cywilne>3</w_tym_spolki_cywilne>
		<spóldzielnie>2</spóldzielnie>
		<osoby_fizyczne_prowadzace_dzialalnosc_gospodarcza>121</osoby_fizyczne_prowadzace_dzialalnosc_gospodarcza>
	</dane_tablica_T7>
	<dane_tablica_T7>
		<PKD_Sekcja>A</PKD_Sekcja>
		<PKD_Dzial>2</PKD_Dzial>
		<PKD_opis>Leśnictwo i pozyskiwanie drewna</PKD_opis>
		<Ogolem>84</Ogolem>
		<przedsiebiorstwa_panstwowe>0</przedsiebiorstwa_panstwowe>
		<spolki_razem>2</spolki_razem>
		<w_tym_spolki_handlowe_razem>1</w_tym_spolki_handlowe_razem>
		<w_tym_spolki_handlowe_akcyjne>0</w_tym_spolki_handlowe_akcyjne>
		<w_tym_spolki_handlowe_zoo>0</w_tym_spolki_handlowe_zoo>
		<w_tym_spolki_cywilne>1</w_tym_spolki_cywilne>
		<spóldzielnie>0</spóldzielnie>
		<osoby_fizyczne_prowadzace_dzialalnosc_gospodarcza>82</osoby_fizyczne_prowadzace_dzialalnosc_gospodarcza>
	</dane_tablica_T7>
	<dane_tablica_T7>
		<PKD_Sekcja>A</PKD_Sekcja>
		<PKD_Dzial>3</PKD_Dzial>
		<PKD_opis>Rybactwo</PKD_opis>
		<Ogolem>13</Ogolem>
		<przedsiebiorstwa_panstwowe>0</przedsiebiorstwa_panstwowe>
		<spolki_razem>1</spolki_razem>
		<w_tym_spolki_handlowe_razem>1</w_tym_spolki_handlowe_razem>
		<w_tym_spolki_handlowe_akcyjne>0</w_tym_spolki_handlowe_akcyjne>
		<w_tym_spolki_handlowe_zoo>1</w_tym_spolki_handlowe_zoo>
		<w_tym_spolki_cywilne>0</w_tym_spolki_cywilne>
		<spóldzielnie>0</spóldzielnie>
		<osoby_fizyczne_prowadzace_dzialalnosc_gospodarcza>12</osoby_fizyczne_prowadzace_dzialalnosc_gospodarcza>
	</dane_tablica_T7>
	<dane_tablica_T7>
		<PKD_Sekcja>B</PKD_Sekcja>
		<PKD_Dzial>5</PKD_Dzial>
		<PKD_opis>Wydobywanie węgla kamiennego i węgla brunatnego (lignitu)</PKD_opis>
		<Ogolem>2</Ogolem>
		<przedsiebiorstwa_panstwowe>0</przedsiebiorstwa_panstwowe>
		<spolki_razem>2</spolki_razem>
		<w_tym_spolki_handlowe_razem>2</w_tym_spolki_handlowe_razem>
		<w_tym_spolki_handlowe_akcyjne>0</w_tym_spolki_handlowe_akcyjne>
		<w_tym_spolki_handlowe_zoo>2</w_tym_spolki_handlowe_zoo>
		<w_tym_spolki_cywilne>0</w_tym_spolki_cywilne>
		<spóldzielnie>0</spóldzielnie>
		<osoby_fizyczne_prowadzace_dzialalnosc_gospodarcza>0</osoby_fizyczne_prowadzace_dzialalnosc_gospodarcza>
	</dane_tablica_T7>
	<dane_tablica_T7>
		<PKD_Sekcja>B</PKD_Sekcja>
		<PKD_Dzial>6</PKD_Dzial>
		<PKD_opis>Górnictwo ropy naftowej i gazu ziemnego</PKD_opis>
		<Ogolem>1</Ogolem>
		<przedsiebiorstwa_panstwowe>0</przedsiebiorstwa_panstwowe>
		<spolki_razem>0</spolki_razem>
		<w_tym_spolki_handlowe_razem>0</w_tym_spolki_handlowe_razem>
		<w_tym_spolki_handlowe_akcyjne>0</w_tym_spolki_handlowe_akcyjne>
		<w_tym_spolki_handlowe_zoo>0</w_tym_spolki_handlowe_zoo>
		<w_tym_spolki_cywilne>0</w_tym_spolki_cywilne>
		<spóldzielnie>0</spóldzielnie>
		<osoby_fizyczne_prowadzace_dzialalnosc_gospodarcza>0</osoby_fizyczne_prowadzace_dzialalnosc_gospodarcza>
	</dane_tablica_T7>
	<dane_tablica_T7>
		<PKD_Sekcja>B</PKD_Sekcja>
		<PKD_Dzial>7</PKD_Dzial>
		<PKD_opis>Górnictwo rud metali</PKD_opis>
		<Ogolem>0</Ogolem>
		<przedsiebiorstwa_panstwowe>0</przedsiebiorstwa_panstwowe>
		<spolki_razem>0</spolki_razem>
		<w_tym_spolki_handlowe_razem>0</w_tym_spolki_handlowe_razem>
		<w_tym_spolki_handlowe_akcyjne>0</w_tym_spolki_handlowe_akcyjne>
		<w_tym_spolki_handlowe_zoo>0</w_tym_spolki_handlowe_zoo>
		<w_tym_spolki_cywilne>0</w_tym_spolki_cywilne>
		<spóldzielnie>0</spóldzielnie>
		<osoby_fizyczne_prowadzace_dzialalnosc_gospodarcza>0</osoby_fizyczne_prowadzace_dzialalnosc_gospodarcza>
	</dane_tablica_T7>
	<dane_tablica_T7>
		<PKD_Sekcja>B</PKD_Sekcja>
		<PKD_Dzial>8</PKD_Dzial>
		<PKD_opis>Pozostałe górnictwo i wydobywanie</PKD_opis>
		<Ogolem>17</Ogolem>
		<przedsiebiorstwa_panstwowe>0</przedsiebiorstwa_panstwowe>
		<spolki_razem>5</spolki_razem>
		<w_tym_spolki_handlowe_razem>5</w_tym_spolki_handlowe_razem>
		<w_tym_spolki_handlowe_akcyjne>0</w_tym_spolki_handlowe_akcyjne>
		<w_tym_spolki_handlowe_zoo>3</w_tym_spolki_handlowe_zoo>
		<w_tym_spolki_cywilne>0</w_tym_spolki_cywilne>
		<spóldzielnie>0</spóldzielnie>
		<osoby_fizyczne_prowadzace_dzialalnosc_gospodarcza>12</osoby_fizyczne_prowadzace_dzialalnosc_gospodarcza>
	</dane_tablica_T7>
	<dane_tablica_T7>
		<PKD_Sekcja>B</PKD_Sekcja>
		<PKD_Dzial>9</PKD_Dzial>
		<PKD_opis>Działalność usługowa wspomagająca górnictwo i wydobywanie</PKD_opis>
		<Ogolem>5</Ogolem>
		<przedsiebiorstwa_panstwowe>0</przedsiebiorstwa_panstwowe>
		<spolki_razem>1</spolki_razem>
		<w_tym_spolki_handlowe_razem>1</w_tym_spolki_handlowe_razem>
		<w_tym_spolki_handlowe_akcyjne>0</w_tym_spolki_handlowe_akcyjne>
		<w_tym_spolki_handlowe_zoo>1</w_tym_spolki_handlowe_zoo>
		<w_tym_spolki_cywilne>0</w_tym_spolki_cywilne>
		<spóldzielnie>0</spóldzielnie>
		<osoby_fizyczne_prowadzace_dzialalnosc_gospodarcza>4</osoby_fizyczne_prowadzace_dzialalnosc_gospodarcza>
	</dane_tablica_T7>
	<dane_tablica_T7>
		<PKD_Sekcja>C</PKD_Sekcja>
		<PKD_Dzial>10</PKD_Dzial>
		<PKD_opis>Produkcja artykułów spożywczych</PKD_opis>
		<Ogolem>107</Ogolem>
		<przedsiebiorstwa_panstwowe>0</przedsiebiorstwa_panstwowe>
		<spolki_razem>25</spolki_razem>
		<w_tym_spolki_handlowe_razem>17</w_tym_spolki_handlowe_razem>
		<w_tym_spolki_handlowe_akcyjne>0</w_tym_spolki_handlowe_akcyjne>
		<w_tym_spolki_handlowe_zoo>15</w_tym_spolki_handlowe_zoo>
		<w_tym_spolki_cywilne>8</w_tym_spolki_cywilne>
		<spóldzielnie>3</spóldzielnie>
		<osoby_fizyczne_prowadzace_dzialalnosc_gospodarcza>79</osoby_fizyczne_prowadzace_dzialalnosc_gospodarcza>
	</dane_tablica_T7>
	<dane_tablica_T7>
		<PKD_Sekcja>C</PKD_Sekcja>
		<PKD_Dzial>11</PKD_Dzial>
		<PKD_opis>Produkcja napojów</PKD_opis>
		<Ogolem>2</Ogolem>
		<przedsiebiorstwa_panstwowe>0</przedsiebiorstwa_panstwowe>
		<spolki_razem>1</spolki_razem>
		<w_tym_spolki_handlowe_razem>1</w_tym_spolki_handlowe_razem>
		<w_tym_spolki_handlowe_akcyjne>0</w_tym_spolki_handlowe_akcyjne>
		<w_tym_spolki_handlowe_zoo>1</w_tym_spolki_handlowe_zoo>
		<w_tym_spolki_cywilne>0</w_tym_spolki_cywilne>
		<spóldzielnie>0</spóldzielnie>
		<osoby_fizyczne_prowadzace_dzialalnosc_gospodarcza>1</osoby_fizyczne_prowadzace_dzialalnosc_gospodarcza>
	</dane_tablica_T7>
	<dane_tablica_T7>
		<PKD_Sekcja>C</PKD_Sekcja>
		<PKD_Dzial>12</PKD_Dzial>
		<PKD_opis>Produkcja wyrobów tytoniowych</PKD_opis>
		<Ogolem>0</Ogolem>
		<przedsiebiorstwa_panstwowe>0</przedsiebiorstwa_panstwowe>
		<spolki_razem>0</spolki_razem>
		<w_tym_spolki_handlowe_razem>0</w_tym_spolki_handlowe_razem>
		<w_tym_spolki_handlowe_akcyjne>0</w_tym_spolki_handlowe_akcyjne>
		<w_tym_spolki_handlowe_zoo>0</w_tym_spolki_handlowe_zoo>
		<w_tym_spolki_cywilne>0</w_tym_spolki_cywilne>
		<spóldzielnie>0</spóldzielnie>
		<osoby_fizyczne_prowadzace_dzialalnosc_gospodarcza>0</osoby_fizyczne_prowadzace_dzialalnosc_gospodarcza>
	</dane_tablica_T7>
	<dane_tablica_T7>
		<PKD_Sekcja>C</PKD_Sekcja>
		<PKD_Dzial>13</PKD_Dzial>
		<PKD_opis>Produkcja wyrobów tekstylnych</PKD_opis>
		<Ogolem>60</Ogolem>
		<przedsiebiorstwa_panstwowe>0</przedsiebiorstwa_panstwowe>
		<spolki_razem>2</spolki_razem>
		<w_tym_spolki_handlowe_razem>2</w_tym_spolki_handlowe_razem>
		<w_tym_spolki_handlowe_akcyjne>0</w_tym_spolki_handlowe_akcyjne>
		<w_tym_spolki_handlowe_zoo>2</w_tym_spolki_handlowe_zoo>
		<w_tym_spolki_cywilne>0</w_tym_spolki_cywilne>
		<spóldzielnie>0</spóldzielnie>
		<osoby_fizyczne_prowadzace_dzialalnosc_gospodarcza>58</osoby_fizyczne_prowadzace_dzialalnosc_gospodarcza>
	</dane_tablica_T7>
	<dane_tablica_T7>
		<PKD_Sekcja>C</PKD_Sekcja>
		<PKD_Dzial>14</PKD_Dzial>
		<PKD_opis>Produkcja odzieży</PKD_opis>
		<Ogolem>148</Ogolem>
		<przedsiebiorstwa_panstwowe>0</przedsiebiorstwa_panstwowe>
		<spolki_razem>9</spolki_razem>
		<w_tym_spolki_handlowe_razem>6</w_tym_spolki_handlowe_razem>
		<w_tym_spolki_handlowe_akcyjne>0</w_tym_spolki_handlowe_akcyjne>
		<w_tym_spolki_handlowe_zoo>5</w_tym_spolki_handlowe_zoo>
		<w_tym_spolki_cywilne>3</w_tym_spolki_cywilne>
		<spóldzielnie>0</spóldzielnie>
		<osoby_fizyczne_prowadzace_dzialalnosc_gospodarcza>139</osoby_fizyczne_prowadzace_dzialalnosc_gospodarcza>
	</dane_tablica_T7>
	<dane_tablica_T7>
		<PKD_Sekcja>C</PKD_Sekcja>
		<PKD_Dzial>15</PKD_Dzial>
		<PKD_opis>Produkcja skór i wyrobów ze skór wyprawionych</PKD_opis>
		<Ogolem>35</Ogolem>
		<przedsiebiorstwa_panstwowe>0</przedsiebiorstwa_panstwowe>
		<spolki_razem>2</spolki_razem>
		<w_tym_spolki_handlowe_razem>2</w_tym_spolki_handlowe_razem>
		<w_tym_spolki_handlowe_akcyjne>0</w_tym_spolki_handlowe_akcyjne>
		<w_tym_spolki_handlowe_zoo>2</w_tym_spolki_handlowe_zoo>
		<w_tym_spolki_cywilne>0</w_tym_spolki_cywilne>
		<spóldzielnie>0</spóldzielnie>
		<osoby_fizyczne_prowadzace_dzialalnosc_gospodarcza>32</osoby_fizyczne_prowadzace_dzialalnosc_gospodarcza>
	</dane_tablica_T7>
	<dane_tablica_T7>
		<PKD_Sekcja>C</PKD_Sekcja>
		<PKD_Dzial>16</PKD_Dzial>
		<PKD_opis>Produkcja wyrobów z drewna oraz korka, z wyłączeniem mebli; produkcja wyrobów ze słomy i materiałów używanych do wyplatania</PKD_opis>
		<Ogolem>177</Ogolem>
		<przedsiebiorstwa_panstwowe>0</przedsiebiorstwa_panstwowe>
		<spolki_razem>11</spolki_razem>
		<w_tym_spolki_handlowe_razem>10</w_tym_spolki_handlowe_razem>
		<w_tym_spolki_handlowe_akcyjne>0</w_tym_spolki_handlowe_akcyjne>
		<w_tym_spolki_handlowe_zoo>8</w_tym_spolki_handlowe_zoo>
		<w_tym_spolki_cywilne>1</w_tym_spolki_cywilne>
		<spóldzielnie>0</spóldzielnie>
		<osoby_fizyczne_prowadzace_dzialalnosc_gospodarcza>166</osoby_fizyczne_prowadzace_dzialalnosc_gospodarcza>
	</dane_tablica_T7>
	<dane_tablica_T7>
		<PKD_Sekcja>C</PKD_Sekcja>
		<PKD_Dzial>17</PKD_Dzial>
		<PKD_opis>Produkcja papieru i wyrobów z papieru</PKD_opis>
		<Ogolem>27</Ogolem>
		<przedsiebiorstwa_panstwowe>0</przedsiebiorstwa_panstwowe>
		<spolki_razem>4</spolki_razem>
		<w_tym_spolki_handlowe_razem>3</w_tym_spolki_handlowe_razem>
		<w_tym_spolki_handlowe_akcyjne>1</w_tym_spolki_handlowe_akcyjne>
		<w_tym_spolki_handlowe_zoo>1</w_tym_spolki_handlowe_zoo>
		<w_tym_spolki_cywilne>1</w_tym_spolki_cywilne>
		<spóldzielnie>0</spóldzielnie>
		<osoby_fizyczne_prowadzace_dzialalnosc_gospodarcza>23</osoby_fizyczne_prowadzace_dzialalnosc_gospodarcza>
	</dane_tablica_T7>
	<dane_tablica_T7>
		<PKD_Sekcja>C</PKD_Sekcja>
		<PKD_Dzial>18</PKD_Dzial>
		<PKD_opis>Poligrafia i reprodukcja zapisanych nośników informacji</PKD_opis>
		<Ogolem>91</Ogolem>
		<przedsiebiorstwa_panstwowe>0</przedsiebiorstwa_panstwowe>
		<spolki_razem>11</spolki_razem>
		<w_tym_spolki_handlowe_razem>7</w_tym_spolki_handlowe_razem>
		<w_tym_spolki_handlowe_akcyjne>0</w_tym_spolki_handlowe_akcyjne>
		<w_tym_spolki_handlowe_zoo>7</w_tym_spolki_handlowe_zoo>
		<w_tym_spolki_cywilne>4</w_tym_spolki_cywilne>
		<spóldzielnie>0</spóldzielnie>
		<osoby_fizyczne_prowadzace_dzialalnosc_gospodarcza>80</osoby_fizyczne_prowadzace_dzialalnosc_gospodarcza>
	</dane_tablica_T7>
	<dane_tablica_T7>
		<PKD_Sekcja>C</PKD_Sekcja>
		<PKD_Dzial>19</PKD_Dzial>
		<PKD_opis>Wytwarzanie i przetwarzanie koksu i produktów rafinacji ropy naftowej</PKD_opis>
		<Ogolem>0</Ogolem>
		<przedsiebiorstwa_panstwowe>0</przedsiebiorstwa_panstwowe>
		<spolki_razem>0</spolki_razem>
		<w_tym_spolki_handlowe_razem>0</w_tym_spolki_handlowe_razem>
		<w_tym_spolki_handlowe_akcyjne>0</w_tym_spolki_handlowe_akcyjne>
		<w_tym_spolki_handlowe_zoo>0</w_tym_spolki_handlowe_zoo>
		<w_tym_spolki_cywilne>0</w_tym_spolki_cywilne>
		<spóldzielnie>0</spóldzielnie>
		<osoby_fizyczne_prowadzace_dzialalnosc_gospodarcza>0</osoby_fizyczne_prowadzace_dzialalnosc_gospodarcza>
	</dane_tablica_T7>
	<dane_tablica_T7>
		<PKD_Sekcja>C</PKD_Sekcja>
		<PKD_Dzial>20</PKD_Dzial>
		<PKD_opis>Produkcja chemikaliów i wyrobów chemicznych</PKD_opis>
		<Ogolem>15</Ogolem>
		<przedsiebiorstwa_panstwowe>0</przedsiebiorstwa_panstwowe>
		<spolki_razem>5</spolki_razem>
		<w_tym_spolki_handlowe_razem>2</w_tym_spolki_handlowe_razem>
		<w_tym_spolki_handlowe_akcyjne>0</w_tym_spolki_handlowe_akcyjne>
		<w_tym_spolki_handlowe_zoo>1</w_tym_spolki_handlowe_zoo>
		<w_tym_spolki_cywilne>3</w_tym_spolki_cywilne>
		<spóldzielnie>0</spóldzielnie>
		<osoby_fizyczne_prowadzace_dzialalnosc_gospodarcza>8</osoby_fizyczne_prowadzace_dzialalnosc_gospodarcza>
	</dane_tablica_T7>
	<dane_tablica_T7>
		<PKD_Sekcja>C</PKD_Sekcja>
		<PKD_Dzial>21</PKD_Dzial>
		<PKD_opis>Produkcja podstawowych substancji farmaceutycznych oraz leków i pozostałych wyrobów farmaceutycznych</PKD_opis>
		<Ogolem>2</Ogolem>
		<przedsiebiorstwa_panstwowe>0</przedsiebiorstwa_panstwowe>
		<spolki_razem>1</spolki_razem>
		<w_tym_spolki_handlowe_razem>1</w_tym_spolki_handlowe_razem>
		<w_tym_spolki_handlowe_akcyjne>0</w_tym_spolki_handlowe_akcyjne>
		<w_tym_spolki_handlowe_zoo>1</w_tym_spolki_handlowe_zoo>
		<w_tym_spolki_cywilne>0</w_tym_spolki_cywilne>
		<spóldzielnie>0</spóldzielnie>
		<osoby_fizyczne_prowadzace_dzialalnosc_gospodarcza>1</osoby_fizyczne_prowadzace_dzialalnosc_gospodarcza>
	</dane_tablica_T7>
	<dane_tablica_T7>
		<PKD_Sekcja>C</PKD_Sekcja>
		<PKD_Dzial>22</PKD_Dzial>
		<PKD_opis>Produkcja wyrobów z gumy i tworzyw sztucznych</PKD_opis>
		<Ogolem>58</Ogolem>
		<przedsiebiorstwa_panstwowe>0</przedsiebiorstwa_panstwowe>
		<spolki_razem>4</spolki_razem>
		<w_tym_spolki_handlowe_razem>4</w_tym_spolki_handlowe_razem>
		<w_tym_spolki_handlowe_akcyjne>0</w_tym_spolki_handlowe_akcyjne>
		<w_tym_spolki_handlowe_zoo>4</w_tym_spolki_handlowe_zoo>
		<w_tym_spolki_cywilne>0</w_tym_spolki_cywilne>
		<spóldzielnie>0</spóldzielnie>
		<osoby_fizyczne_prowadzace_dzialalnosc_gospodarcza>54</osoby_fizyczne_prowadzace_dzialalnosc_gospodarcza>
	</dane_tablica_T7>
	<dane_tablica_T7>
		<PKD_Sekcja>C</PKD_Sekcja>
		<PKD_Dzial>23</PKD_Dzial>
		<PKD_opis>Produkcja wyrobów z pozostałych mineralnych surowców niemetalicznych</PKD_opis>
		<Ogolem>157</Ogolem>
		<przedsiebiorstwa_panstwowe>0</przedsiebiorstwa_panstwowe>
		<spolki_razem>11</spolki_razem>
		<w_tym_spolki_handlowe_razem>7</w_tym_spolki_handlowe_razem>
		<w_tym_spolki_handlowe_akcyjne>0</w_tym_spolki_handlowe_akcyjne>
		<w_tym_spolki_handlowe_zoo>7</w_tym_spolki_handlowe_zoo>
		<w_tym_spolki_cywilne>4</w_tym_spolki_cywilne>
		<spóldzielnie>0</spóldzielnie>
		<osoby_fizyczne_prowadzace_dzialalnosc_gospodarcza>146</osoby_fizyczne_prowadzace_dzialalnosc_gospodarcza>
	</dane_tablica_T7>
	<dane_tablica_T7>
		<PKD_Sekcja>C</PKD_Sekcja>
		<PKD_Dzial>24</PKD_Dzial>
		<PKD_opis>Produkcja metali</PKD_opis>
		<Ogolem>9</Ogolem>
		<przedsiebiorstwa_panstwowe>0</przedsiebiorstwa_panstwowe>
		<spolki_razem>1</spolki_razem>
		<w_tym_spolki_handlowe_razem>1</w_tym_spolki_handlowe_razem>
		<w_tym_spolki_handlowe_akcyjne>0</w_tym_spolki_handlowe_akcyjne>
		<w_tym_spolki_handlowe_zoo>1</w_tym_spolki_handlowe_zoo>
		<w_tym_spolki_cywilne>0</w_tym_spolki_cywilne>
		<spóldzielnie>0</spóldzielnie>
		<osoby_fizyczne_prowadzace_dzialalnosc_gospodarcza>8</osoby_fizyczne_prowadzace_dzialalnosc_gospodarcza>
	</dane_tablica_T7>
	<dane_tablica_T7>
		<PKD_Sekcja>C</PKD_Sekcja>
		<PKD_Dzial>25</PKD_Dzial>
		<PKD_opis>Produkcja metalowych wyrobów gotowych, z wyłączeniem maszyn i urządzeń</PKD_opis>
		<Ogolem>379</Ogolem>
		<przedsiebiorstwa_panstwowe>0</przedsiebiorstwa_panstwowe>
		<spolki_razem>23</spolki_razem>
		<w_tym_spolki_handlowe_razem>20</w_tym_spolki_handlowe_razem>
		<w_tym_spolki_handlowe_akcyjne>0</w_tym_spolki_handlowe_akcyjne>
		<w_tym_spolki_handlowe_zoo>18</w_tym_spolki_handlowe_zoo>
		<w_tym_spolki_cywilne>3</w_tym_spolki_cywilne>
		<spóldzielnie>0</spóldzielnie>
		<osoby_fizyczne_prowadzace_dzialalnosc_gospodarcza>356</osoby_fizyczne_prowadzace_dzialalnosc_gospodarcza>
	</dane_tablica_T7>
	<dane_tablica_T7>
		<PKD_Sekcja>C</PKD_Sekcja>
		<PKD_Dzial>26</PKD_Dzial>
		<PKD_opis>Produkcja komputerów, wyrobów elektronicznych i optycznych</PKD_opis>
		<Ogolem>22</Ogolem>
		<przedsiebiorstwa_panstwowe>0</przedsiebiorstwa_panstwowe>
		<spolki_razem>3</spolki_razem>
		<w_tym_spolki_handlowe_razem>2</w_tym_spolki_handlowe_razem>
		<w_tym_spolki_handlowe_akcyjne>0</w_tym_spolki_handlowe_akcyjne>
		<w_tym_spolki_handlowe_zoo>2</w_tym_spolki_handlowe_zoo>
		<w_tym_spolki_cywilne>1</w_tym_spolki_cywilne>
		<spóldzielnie>0</spóldzielnie>
		<osoby_fizyczne_prowadzace_dzialalnosc_gospodarcza>18</osoby_fizyczne_prowadzace_dzialalnosc_gospodarcza>
	</dane_tablica_T7>
	<dane_tablica_T7>
		<PKD_Sekcja>C</PKD_Sekcja>
		<PKD_Dzial>27</PKD_Dzial>
		<PKD_opis>Produkcja urządzeń elektrycznych</PKD_opis>
		<Ogolem>12</Ogolem>
		<przedsiebiorstwa_panstwowe>0</przedsiebiorstwa_panstwowe>
		<spolki_razem>5</spolki_razem>
		<w_tym_spolki_handlowe_razem>5</w_tym_spolki_handlowe_razem>
		<w_tym_spolki_handlowe_akcyjne>0</w_tym_spolki_handlowe_akcyjne>
		<w_tym_spolki_handlowe_zoo>4</w_tym_spolki_handlowe_zoo>
		<w_tym_spolki_cywilne>0</w_tym_spolki_cywilne>
		<spóldzielnie>0</spóldzielnie>
		<osoby_fizyczne_prowadzace_dzialalnosc_gospodarcza>7</osoby_fizyczne_prowadzace_dzialalnosc_gospodarcza>
	</dane_tablica_T7>
	<dane_tablica_T7>
		<PKD_Sekcja>C</PKD_Sekcja>
		<PKD_Dzial>28</PKD_Dzial>
		<PKD_opis>Produkcja maszyn i urządzeń, gdzie indziej niesklasyfikowana</PKD_opis>
		<Ogolem>28</Ogolem>
		<przedsiebiorstwa_panstwowe>0</przedsiebiorstwa_panstwowe>
		<spolki_razem>7</spolki_razem>
		<w_tym_spolki_handlowe_razem>7</w_tym_spolki_handlowe_razem>
		<w_tym_spolki_handlowe_akcyjne>0</w_tym_spolki_handlowe_akcyjne>
		<w_tym_spolki_handlowe_zoo>7</w_tym_spolki_handlowe_zoo>
		<w_tym_spolki_cywilne>0</w_tym_spolki_cywilne>
		<spóldzielnie>0</spóldzielnie>
		<osoby_fizyczne_prowadzace_dzialalnosc_gospodarcza>21</osoby_fizyczne_prowadzace_dzialalnosc_gospodarcza>
	</dane_tablica_T7>
	<dane_tablica_T7>
		<PKD_Sekcja>C</PKD_Sekcja>
		<PKD_Dzial>29</PKD_Dzial>
		<PKD_opis>Produkcja pojazdów samochodowych, przyczep i naczep, z wyłączeniem motocykli</PKD_opis>
		<Ogolem>7</Ogolem>
		<przedsiebiorstwa_panstwowe>0</przedsiebiorstwa_panstwowe>
		<spolki_razem>1</spolki_razem>
		<w_tym_spolki_handlowe_razem>1</w_tym_spolki_handlowe_razem>
		<w_tym_spolki_handlowe_akcyjne>0</w_tym_spolki_handlowe_akcyjne>
		<w_tym_spolki_handlowe_zoo>1</w_tym_spolki_handlowe_zoo>
		<w_tym_spolki_cywilne>0</w_tym_spolki_cywilne>
		<spóldzielnie>0</spóldzielnie>
		<osoby_fizyczne_prowadzace_dzialalnosc_gospodarcza>5</osoby_fizyczne_prowadzace_dzialalnosc_gospodarcza>
	</dane_tablica_T7>
	<dane_tablica_T7>
		<PKD_Sekcja>C</PKD_Sekcja>
		<PKD_Dzial>30</PKD_Dzial>
		<PKD_opis>Produkcja pozostałego sprzętu transportowego</PKD_opis>
		<Ogolem>27</Ogolem>
		<przedsiebiorstwa_panstwowe>0</przedsiebiorstwa_panstwowe>
		<spolki_razem>3</spolki_razem>
		<w_tym_spolki_handlowe_razem>3</w_tym_spolki_handlowe_razem>
		<w_tym_spolki_handlowe_akcyjne>1</w_tym_spolki_handlowe_akcyjne>
		<w_tym_spolki_handlowe_zoo>1</w_tym_spolki_handlowe_zoo>
		<w_tym_spolki_cywilne>0</w_tym_spolki_cywilne>
		<spóldzielnie>0</spóldzielnie>
		<osoby_fizyczne_prowadzace_dzialalnosc_gospodarcza>24</osoby_fizyczne_prowadzace_dzialalnosc_gospodarcza>
	</dane_tablica_T7>
	<dane_tablica_T7>
		<PKD_Sekcja>C</PKD_Sekcja>
		<PKD_Dzial>31</PKD_Dzial>
		<PKD_opis>Produkcja mebli</PKD_opis>
		<Ogolem>117</Ogolem>
		<przedsiebiorstwa_panstwowe>0</przedsiebiorstwa_panstwowe>
		<spolki_razem>4</spolki_razem>
		<w_tym_spolki_handlowe_razem>4</w_tym_spolki_handlowe_razem>
		<w_tym_spolki_handlowe_akcyjne>0</w_tym_spolki_handlowe_akcyjne>
		<w_tym_spolki_handlowe_zoo>4</w_tym_spolki_handlowe_zoo>
		<w_tym_spolki_cywilne>0</w_tym_spolki_cywilne>
		<spóldzielnie>0</spóldzielnie>
		<osoby_fizyczne_prowadzace_dzialalnosc_gospodarcza>113</osoby_fizyczne_prowadzace_dzialalnosc_gospodarcza>
	</dane_tablica_T7>
	<dane_tablica_T7>
		<PKD_Sekcja>C</PKD_Sekcja>
		<PKD_Dzial>32</PKD_Dzial>
		<PKD_opis>Pozostała produkcja wyrobów</PKD_opis>
		<Ogolem>132</Ogolem>
		<przedsiebiorstwa_panstwowe>0</przedsiebiorstwa_panstwowe>
		<spolki_razem>7</spolki_razem>
		<w_tym_spolki_handlowe_razem>5</w_tym_spolki_handlowe_razem>
		<w_tym_spolki_handlowe_akcyjne>1</w_tym_spolki_handlowe_akcyjne>
		<w_tym_spolki_handlowe_zoo>4</w_tym_spolki_handlowe_zoo>
		<w_tym_spolki_cywilne>2</w_tym_spolki_cywilne>
		<spóldzielnie>0</spóldzielnie>
		<osoby_fizyczne_prowadzace_dzialalnosc_gospodarcza>125</osoby_fizyczne_prowadzace_dzialalnosc_gospodarcza>
	</dane_tablica_T7>
	<dane_tablica_T7>
		<PKD_Sekcja>C</PKD_Sekcja>
		<PKD_Dzial>33</PKD_Dzial>
		<PKD_opis>Naprawa, konserwacja i instalowanie maszyn i urządzeń</PKD_opis>
		<Ogolem>261</Ogolem>
		<przedsiebiorstwa_panstwowe>0</przedsiebiorstwa_panstwowe>
		<spolki_razem>13</spolki_razem>
		<w_tym_spolki_handlowe_razem>9</w_tym_spolki_handlowe_razem>
		<w_tym_spolki_handlowe_akcyjne>0</w_tym_spolki_handlowe_akcyjne>
		<w_tym_spolki_handlowe_zoo>7</w_tym_spolki_handlowe_zoo>
		<w_tym_spolki_cywilne>4</w_tym_spolki_cywilne>
		<spóldzielnie>1</spóldzielnie>
		<osoby_fizyczne_prowadzace_dzialalnosc_gospodarcza>246</osoby_fizyczne_prowadzace_dzialalnosc_gospodarcza>
	</dane_tablica_T7>
	<dane_tablica_T7>
		<PKD_Sekcja>D</PKD_Sekcja>
		<PKD_Dzial>35</PKD_Dzial>
		<PKD_opis>Wytwarzanie i zaopatrywanie w energię elektryczną, gaz, parę wodną, gorącą wodę i powietrze do układów klimatyzacyjnych</PKD_opis>
		<Ogolem>23</Ogolem>
		<przedsiebiorstwa_panstwowe>0</przedsiebiorstwa_panstwowe>
		<spolki_razem>10</spolki_razem>
		<w_tym_spolki_handlowe_razem>10</w_tym_spolki_handlowe_razem>
		<w_tym_spolki_handlowe_akcyjne>0</w_tym_spolki_handlowe_akcyjne>
		<w_tym_spolki_handlowe_zoo>8</w_tym_spolki_handlowe_zoo>
		<w_tym_spolki_cywilne>0</w_tym_spolki_cywilne>
		<spóldzielnie>0</spóldzielnie>
		<osoby_fizyczne_prowadzace_dzialalnosc_gospodarcza>13</osoby_fizyczne_prowadzace_dzialalnosc_gospodarcza>
	</dane_tablica_T7>
	<dane_tablica_T7>
		<PKD_Sekcja>E</PKD_Sekcja>
		<PKD_Dzial>36</PKD_Dzial>
		<PKD_opis>Pobór, uzdatnianie i dostarczanie wody</PKD_opis>
		<Ogolem>0</Ogolem>
		<przedsiebiorstwa_panstwowe>0</przedsiebiorstwa_panstwowe>
		<spolki_razem>0</spolki_razem>
		<w_tym_spolki_handlowe_razem>0</w_tym_spolki_handlowe_razem>
		<w_tym_spolki_handlowe_akcyjne>0</w_tym_spolki_handlowe_akcyjne>
		<w_tym_spolki_handlowe_zoo>0</w_tym_spolki_handlowe_zoo>
		<w_tym_spolki_cywilne>0</w_tym_spolki_cywilne>
		<spóldzielnie>0</spóldzielnie>
		<osoby_fizyczne_prowadzace_dzialalnosc_gospodarcza>0</osoby_fizyczne_prowadzace_dzialalnosc_gospodarcza>
	</dane_tablica_T7>
	<dane_tablica_T7>
		<PKD_Sekcja>E</PKD_Sekcja>
		<PKD_Dzial>37</PKD_Dzial>
		<PKD_opis>Odprowadzanie i oczyszczanie ścieków</PKD_opis>
		<Ogolem>12</Ogolem>
		<przedsiebiorstwa_panstwowe>0</przedsiebiorstwa_panstwowe>
		<spolki_razem>1</spolki_razem>
		<w_tym_spolki_handlowe_razem>1</w_tym_spolki_handlowe_razem>
		<w_tym_spolki_handlowe_akcyjne>0</w_tym_spolki_handlowe_akcyjne>
		<w_tym_spolki_handlowe_zoo>1</w_tym_spolki_handlowe_zoo>
		<w_tym_spolki_cywilne>0</w_tym_spolki_cywilne>
		<spóldzielnie>0</spóldzielnie>
		<osoby_fizyczne_prowadzace_dzialalnosc_gospodarcza>11</osoby_fizyczne_prowadzace_dzialalnosc_gospodarcza>
	</dane_tablica_T7>
	<dane_tablica_T7>
		<PKD_Sekcja>E</PKD_Sekcja>
		<PKD_Dzial>38</PKD_Dzial>
		<PKD_opis>Działalność związana ze zbieraniem, przetwarzaniem i unieszkodliwianiem odpadów; odzysk surowców</PKD_opis>
		<Ogolem>46</Ogolem>
		<przedsiebiorstwa_panstwowe>0</przedsiebiorstwa_panstwowe>
		<spolki_razem>5</spolki_razem>
		<w_tym_spolki_handlowe_razem>4</w_tym_spolki_handlowe_razem>
		<w_tym_spolki_handlowe_akcyjne>0</w_tym_spolki_handlowe_akcyjne>
		<w_tym_spolki_handlowe_zoo>3</w_tym_spolki_handlowe_zoo>
		<w_tym_spolki_cywilne>1</w_tym_spolki_cywilne>
		<spóldzielnie>0</spóldzielnie>
		<osoby_fizyczne_prowadzace_dzialalnosc_gospodarcza>41</osoby_fizyczne_prowadzace_dzialalnosc_gospodarcza>
	</dane_tablica_T7>
	<dane_tablica_T7>
		<PKD_Sekcja>E</PKD_Sekcja>
		<PKD_Dzial>39</PKD_Dzial>
		<PKD_opis>Działalność związana z rekultywacją i pozostała działalność usługowa związana z gospodarką odpadami</PKD_opis>
		<Ogolem>4</Ogolem>
		<przedsiebiorstwa_panstwowe>0</przedsiebiorstwa_panstwowe>
		<spolki_razem>2</spolki_razem>
		<w_tym_spolki_handlowe_razem>2</w_tym_spolki_handlowe_razem>
		<w_tym_spolki_handlowe_akcyjne>0</w_tym_spolki_handlowe_akcyjne>
		<w_tym_spolki_handlowe_zoo>1</w_tym_spolki_handlowe_zoo>
		<w_tym_spolki_cywilne>0</w_tym_spolki_cywilne>
		<spóldzielnie>0</spóldzielnie>
		<osoby_fizyczne_prowadzace_dzialalnosc_gospodarcza>2</osoby_fizyczne_prowadzace_dzialalnosc_gospodarcza>
	</dane_tablica_T7>
	<dane_tablica_T7>
		<PKD_Sekcja>F</PKD_Sekcja>
		<PKD_Dzial>41</PKD_Dzial>
		<PKD_opis>Roboty budowlane związane ze wznoszeniem budynków</PKD_opis>
		<Ogolem>973</Ogolem>
		<przedsiebiorstwa_panstwowe>0</przedsiebiorstwa_panstwowe>
		<spolki_razem>78</spolki_razem>
		<w_tym_spolki_handlowe_razem>70</w_tym_spolki_handlowe_razem>
		<w_tym_spolki_handlowe_akcyjne>1</w_tym_spolki_handlowe_akcyjne>
		<w_tym_spolki_handlowe_zoo>57</w_tym_spolki_handlowe_zoo>
		<w_tym_spolki_cywilne>8</w_tym_spolki_cywilne>
		<spóldzielnie>3</spóldzielnie>
		<osoby_fizyczne_prowadzace_dzialalnosc_gospodarcza>891</osoby_fizyczne_prowadzace_dzialalnosc_gospodarcza>
	</dane_tablica_T7>
	<dane_tablica_T7>
		<PKD_Sekcja>F</PKD_Sekcja>
		<PKD_Dzial>42</PKD_Dzial>
		<PKD_opis>Roboty związane z budową obiektów inżynierii lądowej i wodnej</PKD_opis>
		<Ogolem>165</Ogolem>
		<przedsiebiorstwa_panstwowe>0</przedsiebiorstwa_panstwowe>
		<spolki_razem>18</spolki_razem>
		<w_tym_spolki_handlowe_razem>11</w_tym_spolki_handlowe_razem>
		<w_tym_spolki_handlowe_akcyjne>1</w_tym_spolki_handlowe_akcyjne>
		<w_tym_spolki_handlowe_zoo>10</w_tym_spolki_handlowe_zoo>
		<w_tym_spolki_cywilne>7</w_tym_spolki_cywilne>
		<spóldzielnie>0</spóldzielnie>
		<osoby_fizyczne_prowadzace_dzialalnosc_gospodarcza>146</osoby_fizyczne_prowadzace_dzialalnosc_gospodarcza>
	</dane_tablica_T7>
	<dane_tablica_T7>
		<PKD_Sekcja>F</PKD_Sekcja>
		<PKD_Dzial>43</PKD_Dzial>
		<PKD_opis>Roboty budowlane specjalistyczne</PKD_opis>
		<Ogolem>2669</Ogolem>
		<przedsiebiorstwa_panstwowe>0</przedsiebiorstwa_panstwowe>
		<spolki_razem>37</spolki_razem>
		<w_tym_spolki_handlowe_razem>25</w_tym_spolki_handlowe_razem>
		<w_tym_spolki_handlowe_akcyjne>0</w_tym_spolki_handlowe_akcyjne>
		<w_tym_spolki_handlowe_zoo>22</w_tym_spolki_handlowe_zoo>
		<w_tym_spolki_cywilne>12</w_tym_spolki_cywilne>
		<spóldzielnie>0</spóldzielnie>
		<osoby_fizyczne_prowadzace_dzialalnosc_gospodarcza>2632</osoby_fizyczne_prowadzace_dzialalnosc_gospodarcza>
	</dane_tablica_T7>
	<dane_tablica_T7>
		<PKD_Sekcja>G</PKD_Sekcja>
		<PKD_Dzial>45</PKD_Dzial>
		<PKD_opis>Handel hurtowy i detaliczny pojazdami samochodowymi; naprawa pojazdów samochodowych</PKD_opis>
		<Ogolem>796</Ogolem>
		<przedsiebiorstwa_panstwowe>1</przedsiebiorstwa_panstwowe>
		<spolki_razem>28</spolki_razem>
		<w_tym_spolki_handlowe_razem>21</w_tym_spolki_handlowe_razem>
		<w_tym_spolki_handlowe_akcyjne>0</w_tym_spolki_handlowe_akcyjne>
		<w_tym_spolki_handlowe_zoo>16</w_tym_spolki_handlowe_zoo>
		<w_tym_spolki_cywilne>7</w_tym_spolki_cywilne>
		<spóldzielnie>0</spóldzielnie>
		<osoby_fizyczne_prowadzace_dzialalnosc_gospodarcza>766</osoby_fizyczne_prowadzace_dzialalnosc_gospodarcza>
	</dane_tablica_T7>
	<dane_tablica_T7>
		<PKD_Sekcja>G</PKD_Sekcja>
		<PKD_Dzial>46</PKD_Dzial>
		<PKD_opis>Handel hurtowy, z wyłączeniem handlu pojazdami samochodowymi</PKD_opis>
		<Ogolem>1164</Ogolem>
		<przedsiebiorstwa_panstwowe>0</przedsiebiorstwa_panstwowe>
		<spolki_razem>206</spolki_razem>
		<w_tym_spolki_handlowe_razem>181</w_tym_spolki_handlowe_razem>
		<w_tym_spolki_handlowe_akcyjne>6</w_tym_spolki_handlowe_akcyjne>
		<w_tym_spolki_handlowe_zoo>145</w_tym_spolki_handlowe_zoo>
		<w_tym_spolki_cywilne>25</w_tym_spolki_cywilne>
		<spóldzielnie>3</spóldzielnie>
		<osoby_fizyczne_prowadzace_dzialalnosc_gospodarcza>952</osoby_fizyczne_prowadzace_dzialalnosc_gospodarcza>
	</dane_tablica_T7>
	<dane_tablica_T7>
		<PKD_Sekcja>G</PKD_Sekcja>
		<PKD_Dzial>47</PKD_Dzial>
		<PKD_opis>Handel detaliczny, z wyłączeniem handlu detalicznego pojazdami samochodowymi</PKD_opis>
		<Ogolem>4038</Ogolem>
		<przedsiebiorstwa_panstwowe>0</przedsiebiorstwa_panstwowe>
		<spolki_razem>128</spolki_razem>
		<w_tym_spolki_handlowe_razem>65</w_tym_spolki_handlowe_razem>
		<w_tym_spolki_handlowe_akcyjne>2</w_tym_spolki_handlowe_akcyjne>
		<w_tym_spolki_handlowe_zoo>32</w_tym_spolki_handlowe_zoo>
		<w_tym_spolki_cywilne>63</w_tym_spolki_cywilne>
		<spóldzielnie>1</spóldzielnie>
		<osoby_fizyczne_prowadzace_dzialalnosc_gospodarcza>3909</osoby_fizyczne_prowadzace_dzialalnosc_gospodarcza>
	</dane_tablica_T7>
	<dane_tablica_T7>
		<PKD_Sekcja>H</PKD_Sekcja>
		<PKD_Dzial>49</PKD_Dzial>
		<PKD_opis>Transport lądowy oraz transport rurociągowy</PKD_opis>
		<Ogolem>1321</Ogolem>
		<przedsiebiorstwa_panstwowe>0</przedsiebiorstwa_panstwowe>
		<spolki_razem>27</spolki_razem>
		<w_tym_spolki_handlowe_razem>21</w_tym_spolki_handlowe_razem>
		<w_tym_spolki_handlowe_akcyjne>1</w_tym_spolki_handlowe_akcyjne>
		<w_tym_spolki_handlowe_zoo>18</w_tym_spolki_handlowe_zoo>
		<w_tym_spolki_cywilne>6</w_tym_spolki_cywilne>
		<spóldzielnie>0</spóldzielnie>
		<osoby_fizyczne_prowadzace_dzialalnosc_gospodarcza>1294</osoby_fizyczne_prowadzace_dzialalnosc_gospodarcza>
	</dane_tablica_T7>
	<dane_tablica_T7>
		<PKD_Sekcja>H</PKD_Sekcja>
		<PKD_Dzial>50</PKD_Dzial>
		<PKD_opis>Transport wodny</PKD_opis>
		<Ogolem>80</Ogolem>
		<przedsiebiorstwa_panstwowe>0</przedsiebiorstwa_panstwowe>
		<spolki_razem>2</spolki_razem>
		<w_tym_spolki_handlowe_razem>1</w_tym_spolki_handlowe_razem>
		<w_tym_spolki_handlowe_akcyjne>0</w_tym_spolki_handlowe_akcyjne>
		<w_tym_spolki_handlowe_zoo>1</w_tym_spolki_handlowe_zoo>
		<w_tym_spolki_cywilne>1</w_tym_spolki_cywilne>
		<spóldzielnie>0</spóldzielnie>
		<osoby_fizyczne_prowadzace_dzialalnosc_gospodarcza>78</osoby_fizyczne_prowadzace_dzialalnosc_gospodarcza>
	</dane_tablica_T7>
	<dane_tablica_T7>
		<PKD_Sekcja>H</PKD_Sekcja>
		<PKD_Dzial>51</PKD_Dzial>
		<PKD_opis>Transport lotniczy</PKD_opis>
		<Ogolem>3</Ogolem>
		<przedsiebiorstwa_panstwowe>0</przedsiebiorstwa_panstwowe>
		<spolki_razem>1</spolki_razem>
		<w_tym_spolki_handlowe_razem>1</w_tym_spolki_handlowe_razem>
		<w_tym_spolki_handlowe_akcyjne>0</w_tym_spolki_handlowe_akcyjne>
		<w_tym_spolki_handlowe_zoo>1</w_tym_spolki_handlowe_zoo>
		<w_tym_spolki_cywilne>0</w_tym_spolki_cywilne>
		<spóldzielnie>0</spóldzielnie>
		<osoby_fizyczne_prowadzace_dzialalnosc_gospodarcza>2</osoby_fizyczne_prowadzace_dzialalnosc_gospodarcza>
	</dane_tablica_T7>
	<dane_tablica_T7>
		<PKD_Sekcja>H</PKD_Sekcja>
		<PKD_Dzial>52</PKD_Dzial>
		<PKD_opis>Magazynowanie i działalność usługowa wspomagająca transport</PKD_opis>
		<Ogolem>153</Ogolem>
		<przedsiebiorstwa_panstwowe>0</przedsiebiorstwa_panstwowe>
		<spolki_razem>13</spolki_razem>
		<w_tym_spolki_handlowe_razem>9</w_tym_spolki_handlowe_razem>
		<w_tym_spolki_handlowe_akcyjne>0</w_tym_spolki_handlowe_akcyjne>
		<w_tym_spolki_handlowe_zoo>7</w_tym_spolki_handlowe_zoo>
		<w_tym_spolki_cywilne>4</w_tym_spolki_cywilne>
		<spóldzielnie>0</spóldzielnie>
		<osoby_fizyczne_prowadzace_dzialalnosc_gospodarcza>139</osoby_fizyczne_prowadzace_dzialalnosc_gospodarcza>
	</dane_tablica_T7>
	<dane_tablica_T7>
		<PKD_Sekcja>H</PKD_Sekcja>
		<PKD_Dzial>53</PKD_Dzial>
		<PKD_opis>Działalność pocztowa i kurierska</PKD_opis>
		<Ogolem>64</Ogolem>
		<przedsiebiorstwa_panstwowe>0</przedsiebiorstwa_panstwowe>
		<spolki_razem>2</spolki_razem>
		<w_tym_spolki_handlowe_razem>2</w_tym_spolki_handlowe_razem>
		<w_tym_spolki_handlowe_akcyjne>0</w_tym_spolki_handlowe_akcyjne>
		<w_tym_spolki_handlowe_zoo>2</w_tym_spolki_handlowe_zoo>
		<w_tym_spolki_cywilne>0</w_tym_spolki_cywilne>
		<spóldzielnie>0</spóldzielnie>
		<osoby_fizyczne_prowadzace_dzialalnosc_gospodarcza>62</osoby_fizyczne_prowadzace_dzialalnosc_gospodarcza>
	</dane_tablica_T7>
	<dane_tablica_T7>
		<PKD_Sekcja>I</PKD_Sekcja>
		<PKD_Dzial>55</PKD_Dzial>
		<PKD_opis>Zakwaterowanie</PKD_opis>
		<Ogolem>151</Ogolem>
		<przedsiebiorstwa_panstwowe>0</przedsiebiorstwa_panstwowe>
		<spolki_razem>15</spolki_razem>
		<w_tym_spolki_handlowe_razem>12</w_tym_spolki_handlowe_razem>
		<w_tym_spolki_handlowe_akcyjne>1</w_tym_spolki_handlowe_akcyjne>
		<w_tym_spolki_handlowe_zoo>6</w_tym_spolki_handlowe_zoo>
		<w_tym_spolki_cywilne>3</w_tym_spolki_cywilne>
		<spóldzielnie>0</spóldzielnie>
		<osoby_fizyczne_prowadzace_dzialalnosc_gospodarcza>135</osoby_fizyczne_prowadzace_dzialalnosc_gospodarcza>
	</dane_tablica_T7>
	<dane_tablica_T7>
		<PKD_Sekcja>I</PKD_Sekcja>
		<PKD_Dzial>56</PKD_Dzial>
		<PKD_opis>Działalność usługowa związana z wyżywieniem</PKD_opis>
		<Ogolem>641</Ogolem>
		<przedsiebiorstwa_panstwowe>0</przedsiebiorstwa_panstwowe>
		<spolki_razem>42</spolki_razem>
		<w_tym_spolki_handlowe_razem>19</w_tym_spolki_handlowe_razem>
		<w_tym_spolki_handlowe_akcyjne>1</w_tym_spolki_handlowe_akcyjne>
		<w_tym_spolki_handlowe_zoo>15</w_tym_spolki_handlowe_zoo>
		<w_tym_spolki_cywilne>23</w_tym_spolki_cywilne>
		<spóldzielnie>0</spóldzielnie>
		<osoby_fizyczne_prowadzace_dzialalnosc_gospodarcza>598</osoby_fizyczne_prowadzace_dzialalnosc_gospodarcza>
	</dane_tablica_T7>
	<dane_tablica_T7>
		<PKD_Sekcja>J</PKD_Sekcja>
		<PKD_Dzial>58</PKD_Dzial>
		<PKD_opis>Działalność wydawnicza</PKD_opis>
		<Ogolem>57</Ogolem>
		<przedsiebiorstwa_panstwowe>0</przedsiebiorstwa_panstwowe>
		<spolki_razem>8</spolki_razem>
		<w_tym_spolki_handlowe_razem>5</w_tym_spolki_handlowe_razem>
		<w_tym_spolki_handlowe_akcyjne>1</w_tym_spolki_handlowe_akcyjne>
		<w_tym_spolki_handlowe_zoo>3</w_tym_spolki_handlowe_zoo>
		<w_tym_spolki_cywilne>3</w_tym_spolki_cywilne>
		<spóldzielnie>0</spóldzielnie>
		<osoby_fizyczne_prowadzace_dzialalnosc_gospodarcza>49</osoby_fizyczne_prowadzace_dzialalnosc_gospodarcza>
	</dane_tablica_T7>
	<dane_tablica_T7>
		<PKD_Sekcja>J</PKD_Sekcja>
		<PKD_Dzial>59</PKD_Dzial>
		<PKD_opis>Działalność związana z produkcją filmów, nagrań wideo, programów telewizyjnych, nagrań dźwiękowych i muzycznych</PKD_opis>
		<Ogolem>96</Ogolem>
		<przedsiebiorstwa_panstwowe>0</przedsiebiorstwa_panstwowe>
		<spolki_razem>3</spolki_razem>
		<w_tym_spolki_handlowe_razem>3</w_tym_spolki_handlowe_razem>
		<w_tym_spolki_handlowe_akcyjne>0</w_tym_spolki_handlowe_akcyjne>
		<w_tym_spolki_handlowe_zoo>2</w_tym_spolki_handlowe_zoo>
		<w_tym_spolki_cywilne>0</w_tym_spolki_cywilne>
		<spóldzielnie>0</spóldzielnie>
		<osoby_fizyczne_prowadzace_dzialalnosc_gospodarcza>93</osoby_fizyczne_prowadzace_dzialalnosc_gospodarcza>
	</dane_tablica_T7>
	<dane_tablica_T7>
		<PKD_Sekcja>J</PKD_Sekcja>
		<PKD_Dzial>60</PKD_Dzial>
		<PKD_opis>Nadawanie programów ogólnodostępnych i abonamentowych</PKD_opis>
		<Ogolem>4</Ogolem>
		<przedsiebiorstwa_panstwowe>0</przedsiebiorstwa_panstwowe>
		<spolki_razem>2</spolki_razem>
		<w_tym_spolki_handlowe_razem>2</w_tym_spolki_handlowe_razem>
		<w_tym_spolki_handlowe_akcyjne>0</w_tym_spolki_handlowe_akcyjne>
		<w_tym_spolki_handlowe_zoo>2</w_tym_spolki_handlowe_zoo>
		<w_tym_spolki_cywilne>0</w_tym_spolki_cywilne>
		<spóldzielnie>0</spóldzielnie>
		<osoby_fizyczne_prowadzace_dzialalnosc_gospodarcza>2</osoby_fizyczne_prowadzace_dzialalnosc_gospodarcza>
	</dane_tablica_T7>
	<dane_tablica_T7>
		<PKD_Sekcja>J</PKD_Sekcja>
		<PKD_Dzial>61</PKD_Dzial>
		<PKD_opis>Telekomunikacja</PKD_opis>
		<Ogolem>52</Ogolem>
		<przedsiebiorstwa_panstwowe>0</przedsiebiorstwa_panstwowe>
		<spolki_razem>5</spolki_razem>
		<w_tym_spolki_handlowe_razem>5</w_tym_spolki_handlowe_razem>
		<w_tym_spolki_handlowe_akcyjne>0</w_tym_spolki_handlowe_akcyjne>
		<w_tym_spolki_handlowe_zoo>2</w_tym_spolki_handlowe_zoo>
		<w_tym_spolki_cywilne>0</w_tym_spolki_cywilne>
		<spóldzielnie>0</spóldzielnie>
		<osoby_fizyczne_prowadzace_dzialalnosc_gospodarcza>47</osoby_fizyczne_prowadzace_dzialalnosc_gospodarcza>
	</dane_tablica_T7>
	<dane_tablica_T7>
		<PKD_Sekcja>J</PKD_Sekcja>
		<PKD_Dzial>62</PKD_Dzial>
		<PKD_opis>Działalność związana z oprogramowaniem i doradztwem w zakresie informatyki oraz dzialalność powiązana</PKD_opis>
		<Ogolem>366</Ogolem>
		<przedsiebiorstwa_panstwowe>0</przedsiebiorstwa_panstwowe>
		<spolki_razem>43</spolki_razem>
		<w_tym_spolki_handlowe_razem>35</w_tym_spolki_handlowe_razem>
		<w_tym_spolki_handlowe_akcyjne>3</w_tym_spolki_handlowe_akcyjne>
		<w_tym_spolki_handlowe_zoo>24</w_tym_spolki_handlowe_zoo>
		<w_tym_spolki_cywilne>8</w_tym_spolki_cywilne>
		<spóldzielnie>0</spóldzielnie>
		<osoby_fizyczne_prowadzace_dzialalnosc_gospodarcza>321</osoby_fizyczne_prowadzace_dzialalnosc_gospodarcza>
	</dane_tablica_T7>
	<dane_tablica_T7>
		<PKD_Sekcja>J</PKD_Sekcja>
		<PKD_Dzial>63</PKD_Dzial>
		<PKD_opis>Działalność usługowa w zakresie informacji</PKD_opis>
		<Ogolem>114</Ogolem>
		<przedsiebiorstwa_panstwowe>0</przedsiebiorstwa_panstwowe>
		<spolki_razem>17</spolki_razem>
		<w_tym_spolki_handlowe_razem>17</w_tym_spolki_handlowe_razem>
		<w_tym_spolki_handlowe_akcyjne>0</w_tym_spolki_handlowe_akcyjne>
		<w_tym_spolki_handlowe_zoo>17</w_tym_spolki_handlowe_zoo>
		<w_tym_spolki_cywilne>0</w_tym_spolki_cywilne>
		<spóldzielnie>0</spóldzielnie>
		<osoby_fizyczne_prowadzace_dzialalnosc_gospodarcza>97</osoby_fizyczne_prowadzace_dzialalnosc_gospodarcza>
	</dane_tablica_T7>
	<dane_tablica_T7>
		<PKD_Sekcja>K</PKD_Sekcja>
		<PKD_Dzial>64</PKD_Dzial>
		<PKD_opis>Finansowa działalność usługowa, z wyłączeniem ubezpieczeń i funduszów emerytalnych</PKD_opis>
		<Ogolem>185</Ogolem>
		<przedsiebiorstwa_panstwowe>0</przedsiebiorstwa_panstwowe>
		<spolki_razem>31</spolki_razem>
		<w_tym_spolki_handlowe_razem>28</w_tym_spolki_handlowe_razem>
		<w_tym_spolki_handlowe_akcyjne>2</w_tym_spolki_handlowe_akcyjne>
		<w_tym_spolki_handlowe_zoo>13</w_tym_spolki_handlowe_zoo>
		<w_tym_spolki_cywilne>3</w_tym_spolki_cywilne>
		<spóldzielnie>1</spóldzielnie>
		<osoby_fizyczne_prowadzace_dzialalnosc_gospodarcza>116</osoby_fizyczne_prowadzace_dzialalnosc_gospodarcza>
	</dane_tablica_T7>
	<dane_tablica_T7>
		<PKD_Sekcja>K</PKD_Sekcja>
		<PKD_Dzial>65</PKD_Dzial>
		<PKD_opis>Ubezpieczenia, reasekuracja oraz fundusze emerytalne, z wyłączeniem obowiązkowego ubezpieczenia społecznego</PKD_opis>
		<Ogolem>12</Ogolem>
		<przedsiebiorstwa_panstwowe>0</przedsiebiorstwa_panstwowe>
		<spolki_razem>0</spolki_razem>
		<w_tym_spolki_handlowe_razem>0</w_tym_spolki_handlowe_razem>
		<w_tym_spolki_handlowe_akcyjne>0</w_tym_spolki_handlowe_akcyjne>
		<w_tym_spolki_handlowe_zoo>0</w_tym_spolki_handlowe_zoo>
		<w_tym_spolki_cywilne>0</w_tym_spolki_cywilne>
		<spóldzielnie>0</spóldzielnie>
		<osoby_fizyczne_prowadzace_dzialalnosc_gospodarcza>12</osoby_fizyczne_prowadzace_dzialalnosc_gospodarcza>
	</dane_tablica_T7>
	<dane_tablica_T7>
		<PKD_Sekcja>K</PKD_Sekcja>
		<PKD_Dzial>66</PKD_Dzial>
		<PKD_opis>Działalność wspomagająca usługi finansowe oraz ubezpieczenia i fundusze emerytalne</PKD_opis>
		<Ogolem>552</Ogolem>
		<przedsiebiorstwa_panstwowe>0</przedsiebiorstwa_panstwowe>
		<spolki_razem>14</spolki_razem>
		<w_tym_spolki_handlowe_razem>11</w_tym_spolki_handlowe_razem>
		<w_tym_spolki_handlowe_akcyjne>1</w_tym_spolki_handlowe_akcyjne>
		<w_tym_spolki_handlowe_zoo>7</w_tym_spolki_handlowe_zoo>
		<w_tym_spolki_cywilne>3</w_tym_spolki_cywilne>
		<spóldzielnie>1</spóldzielnie>
		<osoby_fizyczne_prowadzace_dzialalnosc_gospodarcza>535</osoby_fizyczne_prowadzace_dzialalnosc_gospodarcza>
	</dane_tablica_T7>
	<dane_tablica_T7>
		<PKD_Sekcja>L</PKD_Sekcja>
		<PKD_Dzial>68</PKD_Dzial>
		<PKD_opis>Działalność związana z obsługą rynku nieruchomości</PKD_opis>
		<Ogolem>328</Ogolem>
		<przedsiebiorstwa_panstwowe>0</przedsiebiorstwa_panstwowe>
		<spolki_razem>75</spolki_razem>
		<w_tym_spolki_handlowe_razem>61</w_tym_spolki_handlowe_razem>
		<w_tym_spolki_handlowe_akcyjne>3</w_tym_spolki_handlowe_akcyjne>
		<w_tym_spolki_handlowe_zoo>44</w_tym_spolki_handlowe_zoo>
		<w_tym_spolki_cywilne>14</w_tym_spolki_cywilne>
		<spóldzielnie>3</spóldzielnie>
		<osoby_fizyczne_prowadzace_dzialalnosc_gospodarcza>241</osoby_fizyczne_prowadzace_dzialalnosc_gospodarcza>
	</dane_tablica_T7>
	<dane_tablica_T7>
		<PKD_Sekcja>M</PKD_Sekcja>
		<PKD_Dzial>69</PKD_Dzial>
		<PKD_opis>Działalność prawnicza, rachunkowo-księgowa i doradztwo podatkowe</PKD_opis>
		<Ogolem>290</Ogolem>
		<przedsiebiorstwa_panstwowe>0</przedsiebiorstwa_panstwowe>
		<spolki_razem>21</spolki_razem>
		<w_tym_spolki_handlowe_razem>13</w_tym_spolki_handlowe_razem>
		<w_tym_spolki_handlowe_akcyjne>1</w_tym_spolki_handlowe_akcyjne>
		<w_tym_spolki_handlowe_zoo>7</w_tym_spolki_handlowe_zoo>
		<w_tym_spolki_cywilne>8</w_tym_spolki_cywilne>
		<spóldzielnie>0</spóldzielnie>
		<osoby_fizyczne_prowadzace_dzialalnosc_gospodarcza>266</osoby_fizyczne_prowadzace_dzialalnosc_gospodarcza>
	</dane_tablica_T7>
	<dane_tablica_T7>
		<PKD_Sekcja>M</PKD_Sekcja>
		<PKD_Dzial>70</PKD_Dzial>
		<PKD_opis>Działalność firm centralnych (head offices); doradztwo związane z zarządzaniem</PKD_opis>
		<Ogolem>329</Ogolem>
		<przedsiebiorstwa_panstwowe>0</przedsiebiorstwa_panstwowe>
		<spolki_razem>48</spolki_razem>
		<w_tym_spolki_handlowe_razem>46</w_tym_spolki_handlowe_razem>
		<w_tym_spolki_handlowe_akcyjne>1</w_tym_spolki_handlowe_akcyjne>
		<w_tym_spolki_handlowe_zoo>34</w_tym_spolki_handlowe_zoo>
		<w_tym_spolki_cywilne>2</w_tym_spolki_cywilne>
		<spóldzielnie>0</spóldzielnie>
		<osoby_fizyczne_prowadzace_dzialalnosc_gospodarcza>280</osoby_fizyczne_prowadzace_dzialalnosc_gospodarcza>
	</dane_tablica_T7>
	<dane_tablica_T7>
		<PKD_Sekcja>M</PKD_Sekcja>
		<PKD_Dzial>71</PKD_Dzial>
		<PKD_opis>Działalność w zakresie architektury i inżynierii; badania i analizy techniczne</PKD_opis>
		<Ogolem>423</Ogolem>
		<przedsiebiorstwa_panstwowe>0</przedsiebiorstwa_panstwowe>
		<spolki_razem>24</spolki_razem>
		<w_tym_spolki_handlowe_razem>14</w_tym_spolki_handlowe_razem>
		<w_tym_spolki_handlowe_akcyjne>0</w_tym_spolki_handlowe_akcyjne>
		<w_tym_spolki_handlowe_zoo>11</w_tym_spolki_handlowe_zoo>
		<w_tym_spolki_cywilne>10</w_tym_spolki_cywilne>
		<spóldzielnie>0</spóldzielnie>
		<osoby_fizyczne_prowadzace_dzialalnosc_gospodarcza>399</osoby_fizyczne_prowadzace_dzialalnosc_gospodarcza>
	</dane_tablica_T7>
	<dane_tablica_T7>
		<PKD_Sekcja>M</PKD_Sekcja>
		<PKD_Dzial>72</PKD_Dzial>
		<PKD_opis>Badania naukowe i prace rozwojowe</PKD_opis>
		<Ogolem>11</Ogolem>
		<przedsiebiorstwa_panstwowe>0</przedsiebiorstwa_panstwowe>
		<spolki_razem>2</spolki_razem>
		<w_tym_spolki_handlowe_razem>2</w_tym_spolki_handlowe_razem>
		<w_tym_spolki_handlowe_akcyjne>0</w_tym_spolki_handlowe_akcyjne>
		<w_tym_spolki_handlowe_zoo>2</w_tym_spolki_handlowe_zoo>
		<w_tym_spolki_cywilne>0</w_tym_spolki_cywilne>
		<spóldzielnie>0</spóldzielnie>
		<osoby_fizyczne_prowadzace_dzialalnosc_gospodarcza>9</osoby_fizyczne_prowadzace_dzialalnosc_gospodarcza>
	</dane_tablica_T7>
	<dane_tablica_T7>
		<PKD_Sekcja>M</PKD_Sekcja>
		<PKD_Dzial>73</PKD_Dzial>
		<PKD_opis>Reklama, badanie rynku i opinii publicznej</PKD_opis>
		<Ogolem>277</Ogolem>
		<przedsiebiorstwa_panstwowe>0</przedsiebiorstwa_panstwowe>
		<spolki_razem>12</spolki_razem>
		<w_tym_spolki_handlowe_razem>6</w_tym_spolki_handlowe_razem>
		<w_tym_spolki_handlowe_akcyjne>0</w_tym_spolki_handlowe_akcyjne>
		<w_tym_spolki_handlowe_zoo>5</w_tym_spolki_handlowe_zoo>
		<w_tym_spolki_cywilne>6</w_tym_spolki_cywilne>
		<spóldzielnie>0</spóldzielnie>
		<osoby_fizyczne_prowadzace_dzialalnosc_gospodarcza>264</osoby_fizyczne_prowadzace_dzialalnosc_gospodarcza>
	</dane_tablica_T7>
	<dane_tablica_T7>
		<PKD_Sekcja>M</PKD_Sekcja>
		<PKD_Dzial>74</PKD_Dzial>
		<PKD_opis>Pozostała działalność profesjonalna, naukowa i techniczna</PKD_opis>
		<Ogolem>464</Ogolem>
		<przedsiebiorstwa_panstwowe>0</przedsiebiorstwa_panstwowe>
		<spolki_razem>9</spolki_razem>
		<w_tym_spolki_handlowe_razem>6</w_tym_spolki_handlowe_razem>
		<w_tym_spolki_handlowe_akcyjne>0</w_tym_spolki_handlowe_akcyjne>
		<w_tym_spolki_handlowe_zoo>5</w_tym_spolki_handlowe_zoo>
		<w_tym_spolki_cywilne>3</w_tym_spolki_cywilne>
		<spóldzielnie>0</spóldzielnie>
		<osoby_fizyczne_prowadzace_dzialalnosc_gospodarcza>454</osoby_fizyczne_prowadzace_dzialalnosc_gospodarcza>
	</dane_tablica_T7>
	<dane_tablica_T7>
		<PKD_Sekcja>M</PKD_Sekcja>
		<PKD_Dzial>75</PKD_Dzial>
		<PKD_opis>Działalność weterynaryjna</PKD_opis>
		<Ogolem>25</Ogolem>
		<przedsiebiorstwa_panstwowe>0</przedsiebiorstwa_panstwowe>
		<spolki_razem>0</spolki_razem>
		<w_tym_spolki_handlowe_razem>0</w_tym_spolki_handlowe_razem>
		<w_tym_spolki_handlowe_akcyjne>0</w_tym_spolki_handlowe_akcyjne>
		<w_tym_spolki_handlowe_zoo>0</w_tym_spolki_handlowe_zoo>
		<w_tym_spolki_cywilne>0</w_tym_spolki_cywilne>
		<spóldzielnie>0</spóldzielnie>
		<osoby_fizyczne_prowadzace_dzialalnosc_gospodarcza>25</osoby_fizyczne_prowadzace_dzialalnosc_gospodarcza>
	</dane_tablica_T7>
	<dane_tablica_T7>
		<PKD_Sekcja>N</PKD_Sekcja>
		<PKD_Dzial>77</PKD_Dzial>
		<PKD_opis>Wynajem i dzierżawa</PKD_opis>
		<Ogolem>127</Ogolem>
		<przedsiebiorstwa_panstwowe>0</przedsiebiorstwa_panstwowe>
		<spolki_razem>9</spolki_razem>
		<w_tym_spolki_handlowe_razem>8</w_tym_spolki_handlowe_razem>
		<w_tym_spolki_handlowe_akcyjne>0</w_tym_spolki_handlowe_akcyjne>
		<w_tym_spolki_handlowe_zoo>8</w_tym_spolki_handlowe_zoo>
		<w_tym_spolki_cywilne>1</w_tym_spolki_cywilne>
		<spóldzielnie>0</spóldzielnie>
		<osoby_fizyczne_prowadzace_dzialalnosc_gospodarcza>118</osoby_fizyczne_prowadzace_dzialalnosc_gospodarcza>
	</dane_tablica_T7>
	<dane_tablica_T7>
		<PKD_Sekcja>N</PKD_Sekcja>
		<PKD_Dzial>78</PKD_Dzial>
		<PKD_opis>Działalność związana z zatrudnieniem</PKD_opis>
		<Ogolem>65</Ogolem>
		<przedsiebiorstwa_panstwowe>0</przedsiebiorstwa_panstwowe>
		<spolki_razem>21</spolki_razem>
		<w_tym_spolki_handlowe_razem>18</w_tym_spolki_handlowe_razem>
		<w_tym_spolki_handlowe_akcyjne>0</w_tym_spolki_handlowe_akcyjne>
		<w_tym_spolki_handlowe_zoo>16</w_tym_spolki_handlowe_zoo>
		<w_tym_spolki_cywilne>3</w_tym_spolki_cywilne>
		<spóldzielnie>0</spóldzielnie>
		<osoby_fizyczne_prowadzace_dzialalnosc_gospodarcza>39</osoby_fizyczne_prowadzace_dzialalnosc_gospodarcza>
	</dane_tablica_T7>
	<dane_tablica_T7>
		<PKD_Sekcja>N</PKD_Sekcja>
		<PKD_Dzial>79</PKD_Dzial>
		<PKD_opis>Działalność organizatorów turystyki, pośredników i agentów turystycznych oraz pozostała działalność usługowa w zakresie rezerwacji i działalności z nią związane</PKD_opis>
		<Ogolem>77</Ogolem>
		<przedsiebiorstwa_panstwowe>0</przedsiebiorstwa_panstwowe>
		<spolki_razem>12</spolki_razem>
		<w_tym_spolki_handlowe_razem>9</w_tym_spolki_handlowe_razem>
		<w_tym_spolki_handlowe_akcyjne>0</w_tym_spolki_handlowe_akcyjne>
		<w_tym_spolki_handlowe_zoo>9</w_tym_spolki_handlowe_zoo>
		<w_tym_spolki_cywilne>3</w_tym_spolki_cywilne>
		<spóldzielnie>0</spóldzielnie>
		<osoby_fizyczne_prowadzace_dzialalnosc_gospodarcza>65</osoby_fizyczne_prowadzace_dzialalnosc_gospodarcza>
	</dane_tablica_T7>
	<dane_tablica_T7>
		<PKD_Sekcja>N</PKD_Sekcja>
		<PKD_Dzial>80</PKD_Dzial>
		<PKD_opis>Działalność detektywistyczna i ochroniarska</PKD_opis>
		<Ogolem>21</Ogolem>
		<przedsiebiorstwa_panstwowe>0</przedsiebiorstwa_panstwowe>
		<spolki_razem>3</spolki_razem>
		<w_tym_spolki_handlowe_razem>2</w_tym_spolki_handlowe_razem>
		<w_tym_spolki_handlowe_akcyjne>0</w_tym_spolki_handlowe_akcyjne>
		<w_tym_spolki_handlowe_zoo>2</w_tym_spolki_handlowe_zoo>
		<w_tym_spolki_cywilne>1</w_tym_spolki_cywilne>
		<spóldzielnie>0</spóldzielnie>
		<osoby_fizyczne_prowadzace_dzialalnosc_gospodarcza>18</osoby_fizyczne_prowadzace_dzialalnosc_gospodarcza>
	</dane_tablica_T7>
	<dane_tablica_T7>
		<PKD_Sekcja>N</PKD_Sekcja>
		<PKD_Dzial>81</PKD_Dzial>
		<PKD_opis>Działalność usługowa związana z utrzymaniem porządku w budynkach i zagospodarowaniem terenów zieleni</PKD_opis>
		<Ogolem>462</Ogolem>
		<przedsiebiorstwa_panstwowe>0</przedsiebiorstwa_panstwowe>
		<spolki_razem>2</spolki_razem>
		<w_tym_spolki_handlowe_razem>1</w_tym_spolki_handlowe_razem>
		<w_tym_spolki_handlowe_akcyjne>0</w_tym_spolki_handlowe_akcyjne>
		<w_tym_spolki_handlowe_zoo>1</w_tym_spolki_handlowe_zoo>
		<w_tym_spolki_cywilne>1</w_tym_spolki_cywilne>
		<spóldzielnie>1</spóldzielnie>
		<osoby_fizyczne_prowadzace_dzialalnosc_gospodarcza>459</osoby_fizyczne_prowadzace_dzialalnosc_gospodarcza>
	</dane_tablica_T7>
	<dane_tablica_T7>
		<PKD_Sekcja>N</PKD_Sekcja>
		<PKD_Dzial>82</PKD_Dzial>
		<PKD_opis>Działalność związana z administracyjną obsługą biura i pozostała działalność wspomagająca prowadzenie działalności gospodarczej</PKD_opis>
		<Ogolem>276</Ogolem>
		<przedsiebiorstwa_panstwowe>0</przedsiebiorstwa_panstwowe>
		<spolki_razem>6</spolki_razem>
		<w_tym_spolki_handlowe_razem>6</w_tym_spolki_handlowe_razem>
		<w_tym_spolki_handlowe_akcyjne>0</w_tym_spolki_handlowe_akcyjne>
		<w_tym_spolki_handlowe_zoo>6</w_tym_spolki_handlowe_zoo>
		<w_tym_spolki_cywilne>0</w_tym_spolki_cywilne>
		<spóldzielnie>0</spóldzielnie>
		<osoby_fizyczne_prowadzace_dzialalnosc_gospodarcza>269</osoby_fizyczne_prowadzace_dzialalnosc_gospodarcza>
	</dane_tablica_T7>
	<dane_tablica_T7>
		<PKD_Sekcja>O</PKD_Sekcja>
		<PKD_Dzial>84</PKD_Dzial>
		<PKD_opis>Administracja publiczna i obrona narodowa; obowiązkowe zabezpieczenia społeczne</PKD_opis>
		<Ogolem>4</Ogolem>
		<przedsiebiorstwa_panstwowe>0</przedsiebiorstwa_panstwowe>
		<spolki_razem>0</spolki_razem>
		<w_tym_spolki_handlowe_razem>0</w_tym_spolki_handlowe_razem>
		<w_tym_spolki_handlowe_akcyjne>0</w_tym_spolki_handlowe_akcyjne>
		<w_tym_spolki_handlowe_zoo>0</w_tym_spolki_handlowe_zoo>
		<w_tym_spolki_cywilne>0</w_tym_spolki_cywilne>
		<spóldzielnie>0</spóldzielnie>
		<osoby_fizyczne_prowadzace_dzialalnosc_gospodarcza>2</osoby_fizyczne_prowadzace_dzialalnosc_gospodarcza>
	</dane_tablica_T7>
	<dane_tablica_T7>
		<PKD_Sekcja>P</PKD_Sekcja>
		<PKD_Dzial>85</PKD_Dzial>
		<PKD_opis>Edukacja</PKD_opis>
		<Ogolem>1252</Ogolem>
		<przedsiebiorstwa_panstwowe>0</przedsiebiorstwa_panstwowe>
		<spolki_razem>10</spolki_razem>
		<w_tym_spolki_handlowe_razem>5</w_tym_spolki_handlowe_razem>
		<w_tym_spolki_handlowe_akcyjne>0</w_tym_spolki_handlowe_akcyjne>
		<w_tym_spolki_handlowe_zoo>4</w_tym_spolki_handlowe_zoo>
		<w_tym_spolki_cywilne>5</w_tym_spolki_cywilne>
		<spóldzielnie>0</spóldzielnie>
		<osoby_fizyczne_prowadzace_dzialalnosc_gospodarcza>467</osoby_fizyczne_prowadzace_dzialalnosc_gospodarcza>
	</dane_tablica_T7>
	<dane_tablica_T7>
		<PKD_Sekcja>Q</PKD_Sekcja>
		<PKD_Dzial>86</PKD_Dzial>
		<PKD_opis>Opieka zdrowotna</PKD_opis>
		<Ogolem>613</Ogolem>
		<przedsiebiorstwa_panstwowe>0</przedsiebiorstwa_panstwowe>
		<spolki_razem>21</spolki_razem>
		<w_tym_spolki_handlowe_razem>15</w_tym_spolki_handlowe_razem>
		<w_tym_spolki_handlowe_akcyjne>0</w_tym_spolki_handlowe_akcyjne>
		<w_tym_spolki_handlowe_zoo>3</w_tym_spolki_handlowe_zoo>
		<w_tym_spolki_cywilne>6</w_tym_spolki_cywilne>
		<spóldzielnie>0</spóldzielnie>
		<osoby_fizyczne_prowadzace_dzialalnosc_gospodarcza>592</osoby_fizyczne_prowadzace_dzialalnosc_gospodarcza>
	</dane_tablica_T7>
	<dane_tablica_T7>
		<PKD_Sekcja>Q</PKD_Sekcja>
		<PKD_Dzial>87</PKD_Dzial>
		<PKD_opis>Pomoc społeczna z zakwaterowaniem</PKD_opis>
		<Ogolem>16</Ogolem>
		<przedsiebiorstwa_panstwowe>0</przedsiebiorstwa_panstwowe>
		<spolki_razem>0</spolki_razem>
		<w_tym_spolki_handlowe_razem>0</w_tym_spolki_handlowe_razem>
		<w_tym_spolki_handlowe_akcyjne>0</w_tym_spolki_handlowe_akcyjne>
		<w_tym_spolki_handlowe_zoo>0</w_tym_spolki_handlowe_zoo>
		<w_tym_spolki_cywilne>0</w_tym_spolki_cywilne>
		<spóldzielnie>0</spóldzielnie>
		<osoby_fizyczne_prowadzace_dzialalnosc_gospodarcza>13</osoby_fizyczne_prowadzace_dzialalnosc_gospodarcza>
	</dane_tablica_T7>
	<dane_tablica_T7>
		<PKD_Sekcja>Q</PKD_Sekcja>
		<PKD_Dzial>88</PKD_Dzial>
		<PKD_opis>Pomoc społeczna bez zakwaterowania</PKD_opis>
		<Ogolem>99</Ogolem>
		<przedsiebiorstwa_panstwowe>0</przedsiebiorstwa_panstwowe>
		<spolki_razem>3</spolki_razem>
		<w_tym_spolki_handlowe_razem>2</w_tym_spolki_handlowe_razem>
		<w_tym_spolki_handlowe_akcyjne>0</w_tym_spolki_handlowe_akcyjne>
		<w_tym_spolki_handlowe_zoo>0</w_tym_spolki_handlowe_zoo>
		<w_tym_spolki_cywilne>1</w_tym_spolki_cywilne>
		<spóldzielnie>0</spóldzielnie>
		<osoby_fizyczne_prowadzace_dzialalnosc_gospodarcza>95</osoby_fizyczne_prowadzace_dzialalnosc_gospodarcza>
	</dane_tablica_T7>
	<dane_tablica_T7>
		<PKD_Sekcja>R</PKD_Sekcja>
		<PKD_Dzial>90</PKD_Dzial>
		<PKD_opis>Działalność twórcza związana z kulturą i rozrywką</PKD_opis>
		<Ogolem>110</Ogolem>
		<przedsiebiorstwa_panstwowe>0</przedsiebiorstwa_panstwowe>
		<spolki_razem>4</spolki_razem>
		<w_tym_spolki_handlowe_razem>2</w_tym_spolki_handlowe_razem>
		<w_tym_spolki_handlowe_akcyjne>0</w_tym_spolki_handlowe_akcyjne>
		<w_tym_spolki_handlowe_zoo>2</w_tym_spolki_handlowe_zoo>
		<w_tym_spolki_cywilne>2</w_tym_spolki_cywilne>
		<spóldzielnie>0</spóldzielnie>
		<osoby_fizyczne_prowadzace_dzialalnosc_gospodarcza>106</osoby_fizyczne_prowadzace_dzialalnosc_gospodarcza>
	</dane_tablica_T7>
	<dane_tablica_T7>
		<PKD_Sekcja>R</PKD_Sekcja>
		<PKD_Dzial>91</PKD_Dzial>
		<PKD_opis>Działalność bibliotek, archiwów, muzeów oraz pozostała działalność związana z kulturą</PKD_opis>
		<Ogolem>13</Ogolem>
		<przedsiebiorstwa_panstwowe>0</przedsiebiorstwa_panstwowe>
		<spolki_razem>1</spolki_razem>
		<w_tym_spolki_handlowe_razem>1</w_tym_spolki_handlowe_razem>
		<w_tym_spolki_handlowe_akcyjne>0</w_tym_spolki_handlowe_akcyjne>
		<w_tym_spolki_handlowe_zoo>1</w_tym_spolki_handlowe_zoo>
		<w_tym_spolki_cywilne>0</w_tym_spolki_cywilne>
		<spóldzielnie>1</spóldzielnie>
		<osoby_fizyczne_prowadzace_dzialalnosc_gospodarcza>11</osoby_fizyczne_prowadzace_dzialalnosc_gospodarcza>
	</dane_tablica_T7>
	<dane_tablica_T7>
		<PKD_Sekcja>R</PKD_Sekcja>
		<PKD_Dzial>92</PKD_Dzial>
		<PKD_opis>Działalność związana z grami losowymi i zakładami wzajemnymi</PKD_opis>
		<Ogolem>10</Ogolem>
		<przedsiebiorstwa_panstwowe>0</przedsiebiorstwa_panstwowe>
		<spolki_razem>0</spolki_razem>
		<w_tym_spolki_handlowe_razem>0</w_tym_spolki_handlowe_razem>
		<w_tym_spolki_handlowe_akcyjne>0</w_tym_spolki_handlowe_akcyjne>
		<w_tym_spolki_handlowe_zoo>0</w_tym_spolki_handlowe_zoo>
		<w_tym_spolki_cywilne>0</w_tym_spolki_cywilne>
		<spóldzielnie>0</spóldzielnie>
		<osoby_fizyczne_prowadzace_dzialalnosc_gospodarcza>10</osoby_fizyczne_prowadzace_dzialalnosc_gospodarcza>
	</dane_tablica_T7>
	<dane_tablica_T7>
		<PKD_Sekcja>R</PKD_Sekcja>
		<PKD_Dzial>93</PKD_Dzial>
		<PKD_opis>Działalność sportowa, rozrywkowa i rekreacyjna</PKD_opis>
		<Ogolem>164</Ogolem>
		<przedsiebiorstwa_panstwowe>0</przedsiebiorstwa_panstwowe>
		<spolki_razem>12</spolki_razem>
		<w_tym_spolki_handlowe_razem>5</w_tym_spolki_handlowe_razem>
		<w_tym_spolki_handlowe_akcyjne>0</w_tym_spolki_handlowe_akcyjne>
		<w_tym_spolki_handlowe_zoo>3</w_tym_spolki_handlowe_zoo>
		<w_tym_spolki_cywilne>7</w_tym_spolki_cywilne>
		<spóldzielnie>0</spóldzielnie>
		<osoby_fizyczne_prowadzace_dzialalnosc_gospodarcza>128</osoby_fizyczne_prowadzace_dzialalnosc_gospodarcza>
	</dane_tablica_T7>
	<dane_tablica_T7>
		<PKD_Sekcja>S</PKD_Sekcja>
		<PKD_Dzial>94</PKD_Dzial>
		<PKD_opis>Działalność organizacji członkowskich</PKD_opis>
		<Ogolem>146</Ogolem>
		<przedsiebiorstwa_panstwowe>0</przedsiebiorstwa_panstwowe>
		<spolki_razem>1</spolki_razem>
		<w_tym_spolki_handlowe_razem>1</w_tym_spolki_handlowe_razem>
		<w_tym_spolki_handlowe_akcyjne>0</w_tym_spolki_handlowe_akcyjne>
		<w_tym_spolki_handlowe_zoo>1</w_tym_spolki_handlowe_zoo>
		<w_tym_spolki_cywilne>0</w_tym_spolki_cywilne>
		<spóldzielnie>0</spóldzielnie>
		<osoby_fizyczne_prowadzace_dzialalnosc_gospodarcza>0</osoby_fizyczne_prowadzace_dzialalnosc_gospodarcza>
	</dane_tablica_T7>
	<dane_tablica_T7>
		<PKD_Sekcja>S</PKD_Sekcja>
		<PKD_Dzial>95</PKD_Dzial>
		<PKD_opis>Naprawa i konserwacja komputerów i artykułów użytku osobistego i domowego</PKD_opis>
		<Ogolem>195</Ogolem>
		<przedsiebiorstwa_panstwowe>0</przedsiebiorstwa_panstwowe>
		<spolki_razem>2</spolki_razem>
		<w_tym_spolki_handlowe_razem>0</w_tym_spolki_handlowe_razem>
		<w_tym_spolki_handlowe_akcyjne>0</w_tym_spolki_handlowe_akcyjne>
		<w_tym_spolki_handlowe_zoo>0</w_tym_spolki_handlowe_zoo>
		<w_tym_spolki_cywilne>2</w_tym_spolki_cywilne>
		<spóldzielnie>0</spóldzielnie>
		<osoby_fizyczne_prowadzace_dzialalnosc_gospodarcza>193</osoby_fizyczne_prowadzace_dzialalnosc_gospodarcza>
	</dane_tablica_T7>
	<dane_tablica_T7>
		<PKD_Sekcja>S</PKD_Sekcja>
		<PKD_Dzial>96</PKD_Dzial>
		<PKD_opis>Pozostała indywidualna działalność usługowa</PKD_opis>
		<Ogolem>689</Ogolem>
		<przedsiebiorstwa_panstwowe>0</przedsiebiorstwa_panstwowe>
		<spolki_razem>12</spolki_razem>
		<w_tym_spolki_handlowe_razem>6</w_tym_spolki_handlowe_razem>
		<w_tym_spolki_handlowe_akcyjne>0</w_tym_spolki_handlowe_akcyjne>
		<w_tym_spolki_handlowe_zoo>5</w_tym_spolki_handlowe_zoo>
		<w_tym_spolki_cywilne>6</w_tym_spolki_cywilne>
		<spóldzielnie>0</spóldzielnie>
		<osoby_fizyczne_prowadzace_dzialalnosc_gospodarcza>677</osoby_fizyczne_prowadzace_dzialalnosc_gospodarcza>
	</dane_tablica_T7>
	<dane_tablica_T7>
		<PKD_Sekcja>T</PKD_Sekcja>
		<PKD_Dzial>97</PKD_Dzial>
		<PKD_opis>Gospodarstwa domowe zatrudniające pracowników</PKD_opis>
		<Ogolem>0</Ogolem>
		<przedsiebiorstwa_panstwowe>0</przedsiebiorstwa_panstwowe>
		<spolki_razem>0</spolki_razem>
		<w_tym_spolki_handlowe_razem>0</w_tym_spolki_handlowe_razem>
		<w_tym_spolki_handlowe_akcyjne>0</w_tym_spolki_handlowe_akcyjne>
		<w_tym_spolki_handlowe_zoo>0</w_tym_spolki_handlowe_zoo>
		<w_tym_spolki_cywilne>0</w_tym_spolki_cywilne>
		<spóldzielnie>0</spóldzielnie>
		<osoby_fizyczne_prowadzace_dzialalnosc_gospodarcza>0</osoby_fizyczne_prowadzace_dzialalnosc_gospodarcza>
	</dane_tablica_T7>
	<dane_tablica_T7>
		<PKD_Sekcja>T</PKD_Sekcja>
		<PKD_Dzial>98</PKD_Dzial>
		<PKD_opis>Gospodarstwa domowe produkujące wyroby i świadczące usługi na własne potrzeby</PKD_opis>
		<Ogolem>0</Ogolem>
		<przedsiebiorstwa_panstwowe>0</przedsiebiorstwa_panstwowe>
		<spolki_razem>0</spolki_razem>
		<w_tym_spolki_handlowe_razem>0</w_tym_spolki_handlowe_razem>
		<w_tym_spolki_handlowe_akcyjne>0</w_tym_spolki_handlowe_akcyjne>
		<w_tym_spolki_handlowe_zoo>0</w_tym_spolki_handlowe_zoo>
		<w_tym_spolki_cywilne>0</w_tym_spolki_cywilne>
		<spóldzielnie>0</spóldzielnie>
		<osoby_fizyczne_prowadzace_dzialalnosc_gospodarcza>0</osoby_fizyczne_prowadzace_dzialalnosc_gospodarcza>
	</dane_tablica_T7>
	<dane_tablica_T7>
		<PKD_Sekcja>U</PKD_Sekcja>
		<PKD_Dzial>99</PKD_Dzial>
		<PKD_opis>Organizacje i zespoły eksterytorialne</PKD_opis>
		<Ogolem>0</Ogolem>
		<przedsiebiorstwa_panstwowe>0</przedsiebiorstwa_panstwowe>
		<spolki_razem>0</spolki_razem>
		<w_tym_spolki_handlowe_razem>0</w_tym_spolki_handlowe_razem>
		<w_tym_spolki_handlowe_akcyjne>0</w_tym_spolki_handlowe_akcyjne>
		<w_tym_spolki_handlowe_zoo>0</w_tym_spolki_handlowe_zoo>
		<w_tym_spolki_cywilne>0</w_tym_spolki_cywilne>
		<spóldzielnie>0</spóldzielnie>
		<osoby_fizyczne_prowadzace_dzialalnosc_gospodarcza>0</osoby_fizyczne_prowadzace_dzialalnosc_gospodarcza>
	</dane_tablica_T7>
</TABLICA_T7>