<!-- 
LISTOPAD 2017
Tablica 9: Podmioty gospodarki narodowej (bez osób fizycznych prowadzących wyłącznie indywidualne gospodarstwa rolne) według sekcji i działów Polskiej Klasyfikacji Działalności (PKD)												
-->

<TABLICA_T9>
	<dane_tablica_T9>
		<PKD_Sekcja>A</PKD_Sekcja>
		<PKD_Dzial>1</PKD_Dzial>
		<PKD_opis>Uprawy rolne, chów i hodowla zwierząt, łowiectwo, włączając działalność usługową</PKD_opis>
		<Ogolem>53558</Ogolem>
		<przedsiebiorstwa_panstwowe>3</przedsiebiorstwa_panstwowe>
		<spolki_razem>9393</spolki_razem>
		<w_tym_spolki_handlowe>7225</w_tym_spolki_handlowe>
		<w_tym_spolki_cywilne>1199</w_tym_spolki_cywilne>
		<spóldzielnie>2555</spóldzielnie>
		<fundacje>2</fundacje>
		<stowarzyszenia_i_organizacje_spoleczne>2514</stowarzyszenia_i_organizacje_spoleczne>
		<osoby_fizyczne_prowadzace_dzialalnosc_gospodarcza>38348</osoby_fizyczne_prowadzace_dzialalnosc_gospodarcza>
	</dane_tablica_T9>
	<dane_tablica_T9>
		<PKD_Sekcja>A</PKD_Sekcja>
		<PKD_Dzial>2</PKD_Dzial>
		<PKD_opis>Lesnictwo i pozyskiwanie drewna</PKD_opis>
		<Ogolem>18650</Ogolem>
		<przedsiebiorstwa_panstwowe>1</przedsiebiorstwa_panstwowe>
		<spolki_razem>2034</spolki_razem>
		<w_tym_spolki_handlowe>551</w_tym_spolki_handlowe>
		<w_tym_spolki_cywilne>1377</w_tym_spolki_cywilne>
		<spóldzielnie>18</spóldzielnie>
		<fundacje>0</fundacje>
		<stowarzyszenia_i_organizacje_spoleczne>2</stowarzyszenia_i_organizacje_spoleczne>
		<osoby_fizyczne_prowadzace_dzialalnosc_gospodarcza>16148</osoby_fizyczne_prowadzace_dzialalnosc_gospodarcza>
	</dane_tablica_T9>
	<dane_tablica_T9>
		<PKD_Sekcja>A</PKD_Sekcja>
		<PKD_Dzial>3</PKD_Dzial>
		<PKD_opis>Rybactwo</PKD_opis>
		<Ogolem>2104</Ogolem>
		<przedsiebiorstwa_panstwowe>0</przedsiebiorstwa_panstwowe>
		<spolki_razem>616</spolki_razem>
		<w_tym_spolki_handlowe>290</w_tym_spolki_handlowe>
		<w_tym_spolki_cywilne>326</w_tym_spolki_cywilne>
		<spóldzielnie>11</spóldzielnie>
		<fundacje>0</fundacje>
		<stowarzyszenia_i_organizacje_spoleczne>4</stowarzyszenia_i_organizacje_spoleczne>
		<osoby_fizyczne_prowadzace_dzialalnosc_gospodarcza>1469</osoby_fizyczne_prowadzace_dzialalnosc_gospodarcza>
	</dane_tablica_T9>
	<dane_tablica_T9>
		<PKD_Sekcja>B</PKD_Sekcja>
		<PKD_Dzial>5</PKD_Dzial>
		<PKD_opis>Wydobywanie węgla kamiennego i węgla brunatnego (lignitu)</PKD_opis>
		<Ogolem>117</Ogolem>
		<przedsiebiorstwa_panstwowe>0</przedsiebiorstwa_panstwowe>
		<spolki_razem>99</spolki_razem>
		<w_tym_spolki_handlowe>97</w_tym_spolki_handlowe>
		<w_tym_spolki_cywilne>2</w_tym_spolki_cywilne>
		<spóldzielnie>2</spóldzielnie>
		<fundacje>0</fundacje>
		<stowarzyszenia_i_organizacje_spoleczne>0</stowarzyszenia_i_organizacje_spoleczne>
		<osoby_fizyczne_prowadzace_dzialalnosc_gospodarcza>14</osoby_fizyczne_prowadzace_dzialalnosc_gospodarcza>
	</dane_tablica_T9>
	<dane_tablica_T9>
		<PKD_Sekcja>B</PKD_Sekcja>
		<PKD_Dzial>6</PKD_Dzial>
		<PKD_opis>Górnictwo ropy naftowej i gazu ziemnego</PKD_opis>
		<Ogolem>127</Ogolem>
		<przedsiebiorstwa_panstwowe>0</przedsiebiorstwa_panstwowe>
		<spolki_razem>110</spolki_razem>
		<w_tym_spolki_handlowe>109</w_tym_spolki_handlowe>
		<w_tym_spolki_cywilne>1</w_tym_spolki_cywilne>
		<spóldzielnie>0</spóldzielnie>
		<fundacje>0</fundacje>
		<stowarzyszenia_i_organizacje_spoleczne>0</stowarzyszenia_i_organizacje_spoleczne>
		<osoby_fizyczne_prowadzace_dzialalnosc_gospodarcza>7</osoby_fizyczne_prowadzace_dzialalnosc_gospodarcza>
	</dane_tablica_T9>
	<dane_tablica_T9>
		<PKD_Sekcja>B</PKD_Sekcja>
		<PKD_Dzial>7</PKD_Dzial>
		<PKD_opis>Górnictwo rud metali</PKD_opis>
		<Ogolem>38</Ogolem>
		<przedsiebiorstwa_panstwowe>1</przedsiebiorstwa_panstwowe>
		<spolki_razem>29</spolki_razem>
		<w_tym_spolki_handlowe>29</w_tym_spolki_handlowe>
		<w_tym_spolki_cywilne>0</w_tym_spolki_cywilne>
		<spóldzielnie>0</spóldzielnie>
		<fundacje>0</fundacje>
		<stowarzyszenia_i_organizacje_spoleczne>1</stowarzyszenia_i_organizacje_spoleczne>
		<osoby_fizyczne_prowadzace_dzialalnosc_gospodarcza>7</osoby_fizyczne_prowadzace_dzialalnosc_gospodarcza>
	</dane_tablica_T9>
	<dane_tablica_T9>
		<PKD_Sekcja>B</PKD_Sekcja>
		<PKD_Dzial>8</PKD_Dzial>
		<PKD_opis>Pozostałe górnictwo i wydobywanie</PKD_opis>
		<Ogolem>3711</Ogolem>
		<przedsiebiorstwa_panstwowe>1</przedsiebiorstwa_panstwowe>
		<spolki_razem>1894</spolki_razem>
		<w_tym_spolki_handlowe>1526</w_tym_spolki_handlowe>
		<w_tym_spolki_cywilne>368</w_tym_spolki_cywilne>
		<spóldzielnie>8</spóldzielnie>
		<fundacje>0</fundacje>
		<stowarzyszenia_i_organizacje_spoleczne>0</stowarzyszenia_i_organizacje_spoleczne>
		<osoby_fizyczne_prowadzace_dzialalnosc_gospodarcza>1807</osoby_fizyczne_prowadzace_dzialalnosc_gospodarcza>
	</dane_tablica_T9>
	<dane_tablica_T9>
		<PKD_Sekcja>B</PKD_Sekcja>
		<PKD_Dzial>9</PKD_Dzial>
		<PKD_opis>Działalność usługowa wspomagająca górnictwo i wydobywanie</PKD_opis>
		<Ogolem>839</Ogolem>
		<przedsiebiorstwa_panstwowe>0</przedsiebiorstwa_panstwowe>
		<spolki_razem>401</spolki_razem>
		<w_tym_spolki_handlowe>384</w_tym_spolki_handlowe>
		<w_tym_spolki_cywilne>17</w_tym_spolki_cywilne>
		<spóldzielnie>0</spóldzielnie>
		<fundacje>0</fundacje>
		<stowarzyszenia_i_organizacje_spoleczne>0</stowarzyszenia_i_organizacje_spoleczne>
		<osoby_fizyczne_prowadzace_dzialalnosc_gospodarcza>431</osoby_fizyczne_prowadzace_dzialalnosc_gospodarcza>
	</dane_tablica_T9>
	<dane_tablica_T9>
		<PKD_Sekcja>C</PKD_Sekcja>
		<PKD_Dzial>10</PKD_Dzial>
		<PKD_opis>Produkcja artykułów spożywczych</PKD_opis>
		<Ogolem>33952</Ogolem>
		<przedsiebiorstwa_panstwowe>3</przedsiebiorstwa_panstwowe>
		<spolki_razem>13974</spolki_razem>
		<w_tym_spolki_handlowe>8553</w_tym_spolki_handlowe>
		<w_tym_spolki_cywilne>5420</w_tym_spolki_cywilne>
		<spóldzielnie>428</spóldzielnie>
		<fundacje>1</fundacje>
		<stowarzyszenia_i_organizacje_spoleczne>2</stowarzyszenia_i_organizacje_spoleczne>
		<osoby_fizyczne_prowadzace_dzialalnosc_gospodarcza>19492</osoby_fizyczne_prowadzace_dzialalnosc_gospodarcza>
	</dane_tablica_T9>
	<dane_tablica_T9>
		<PKD_Sekcja>C</PKD_Sekcja>
		<PKD_Dzial>11</PKD_Dzial>
		<PKD_opis>Produkcja napojów</PKD_opis>
		<Ogolem>1953</Ogolem>
		<przedsiebiorstwa_panstwowe>2</przedsiebiorstwa_panstwowe>
		<spolki_razem>1442</spolki_razem>
		<w_tym_spolki_handlowe>1166</w_tym_spolki_handlowe>
		<w_tym_spolki_cywilne>276</w_tym_spolki_cywilne>
		<spóldzielnie>16</spóldzielnie>
		<fundacje>0</fundacje>
		<stowarzyszenia_i_organizacje_spoleczne>0</stowarzyszenia_i_organizacje_spoleczne>
		<osoby_fizyczne_prowadzace_dzialalnosc_gospodarcza>489</osoby_fizyczne_prowadzace_dzialalnosc_gospodarcza>
	</dane_tablica_T9>
	<dane_tablica_T9>
		<PKD_Sekcja>C</PKD_Sekcja>
		<PKD_Dzial>12</PKD_Dzial>
		<PKD_opis>Produkcja wyrobów tytoniowych</PKD_opis>
		<Ogolem>86</Ogolem>
		<przedsiebiorstwa_panstwowe>0</przedsiebiorstwa_panstwowe>
		<spolki_razem>77</spolki_razem>
		<w_tym_spolki_handlowe>75</w_tym_spolki_handlowe>
		<w_tym_spolki_cywilne>2</w_tym_spolki_cywilne>
		<spóldzielnie>0</spóldzielnie>
		<fundacje>0</fundacje>
		<stowarzyszenia_i_organizacje_spoleczne>0</stowarzyszenia_i_organizacje_spoleczne>
		<osoby_fizyczne_prowadzace_dzialalnosc_gospodarcza>8</osoby_fizyczne_prowadzace_dzialalnosc_gospodarcza>
	</dane_tablica_T9>
	<dane_tablica_T9>
		<PKD_Sekcja>C</PKD_Sekcja>
		<PKD_Dzial>13</PKD_Dzial>
		<PKD_opis>Produkcja wyrobów tekstylnych</PKD_opis>
		<Ogolem>10443</Ogolem>
		<przedsiebiorstwa_panstwowe>1</przedsiebiorstwa_panstwowe>
		<spolki_razem>2196</spolki_razem>
		<w_tym_spolki_handlowe>1522</w_tym_spolki_handlowe>
		<w_tym_spolki_cywilne>674</w_tym_spolki_cywilne>
		<spóldzielnie>68</spóldzielnie>
		<fundacje>1</fundacje>
		<stowarzyszenia_i_organizacje_spoleczne>0</stowarzyszenia_i_organizacje_spoleczne>
		<osoby_fizyczne_prowadzace_dzialalnosc_gospodarcza>8162</osoby_fizyczne_prowadzace_dzialalnosc_gospodarcza>
	</dane_tablica_T9>
	<dane_tablica_T9>
		<PKD_Sekcja>C</PKD_Sekcja>
		<PKD_Dzial>14</PKD_Dzial>
		<PKD_opis>Produkcja odzieży</PKD_opis>
		<Ogolem>29787</Ogolem>
		<przedsiebiorstwa_panstwowe>4</przedsiebiorstwa_panstwowe>
		<spolki_razem>5959</spolki_razem>
		<w_tym_spolki_handlowe>3173</w_tym_spolki_handlowe>
		<w_tym_spolki_cywilne>2786</w_tym_spolki_cywilne>
		<spóldzielnie>232</spóldzielnie>
		<fundacje>0</fundacje>
		<stowarzyszenia_i_organizacje_spoleczne>0</stowarzyszenia_i_organizacje_spoleczne>
		<osoby_fizyczne_prowadzace_dzialalnosc_gospodarcza>23480</osoby_fizyczne_prowadzace_dzialalnosc_gospodarcza>
	</dane_tablica_T9>
	<dane_tablica_T9>
		<PKD_Sekcja>C</PKD_Sekcja>
		<PKD_Dzial>15</PKD_Dzial>
		<PKD_opis>Produkcja skór i wyrobów ze skór wyprawionych</PKD_opis>
		<Ogolem>6455</Ogolem>
		<przedsiebiorstwa_panstwowe>4</przedsiebiorstwa_panstwowe>
		<spolki_razem>1249</spolki_razem>
		<w_tym_spolki_handlowe>606</w_tym_spolki_handlowe>
		<w_tym_spolki_cywilne>643</w_tym_spolki_cywilne>
		<spóldzielnie>50</spóldzielnie>
		<fundacje>0</fundacje>
		<stowarzyszenia_i_organizacje_spoleczne>0</stowarzyszenia_i_organizacje_spoleczne>
		<osoby_fizyczne_prowadzace_dzialalnosc_gospodarcza>5130</osoby_fizyczne_prowadzace_dzialalnosc_gospodarcza>
	</dane_tablica_T9>
	<dane_tablica_T9>
		<PKD_Sekcja>C</PKD_Sekcja>
		<PKD_Dzial>16</PKD_Dzial>
		<PKD_opis>Produkcja wyrobów z drewna oraz korka, z wyłączeniem mebli; produkcja wyrobów ze słomy i materiałów używanych do wyplatania</PKD_opis>
		<Ogolem>35754</Ogolem>
		<przedsiebiorstwa_panstwowe>2</przedsiebiorstwa_panstwowe>
		<spolki_razem>7771</spolki_razem>
		<w_tym_spolki_handlowe>4809</w_tym_spolki_handlowe>
		<w_tym_spolki_cywilne>2961</w_tym_spolki_cywilne>
		<spóldzielnie>80</spóldzielnie>
		<fundacje>0</fundacje>
		<stowarzyszenia_i_organizacje_spoleczne>0</stowarzyszenia_i_organizacje_spoleczne>
		<osoby_fizyczne_prowadzace_dzialalnosc_gospodarcza>27867</osoby_fizyczne_prowadzace_dzialalnosc_gospodarcza>
	</dane_tablica_T9>
	<dane_tablica_T9>
		<PKD_Sekcja>C</PKD_Sekcja>
		<PKD_Dzial>17</PKD_Dzial>
		<PKD_opis>Produkcja papieru i wyrobów z papieru</PKD_opis>
		<Ogolem>5524</Ogolem>
		<przedsiebiorstwa_panstwowe>1</przedsiebiorstwa_panstwowe>
		<spolki_razem>1961</spolki_razem>
		<w_tym_spolki_handlowe>1429</w_tym_spolki_handlowe>
		<w_tym_spolki_cywilne>532</w_tym_spolki_cywilne>
		<spóldzielnie>19</spóldzielnie>
		<fundacje>1</fundacje>
		<stowarzyszenia_i_organizacje_spoleczne>0</stowarzyszenia_i_organizacje_spoleczne>
		<osoby_fizyczne_prowadzace_dzialalnosc_gospodarcza>3536</osoby_fizyczne_prowadzace_dzialalnosc_gospodarcza>
	</dane_tablica_T9>
	<dane_tablica_T9>
		<PKD_Sekcja>C</PKD_Sekcja>
		<PKD_Dzial>18</PKD_Dzial>
		<PKD_opis>Poligrafia i reprodukcja zapisanych nośników informacji</PKD_opis>
		<Ogolem>18585</Ogolem>
		<przedsiebiorstwa_panstwowe>1</przedsiebiorstwa_panstwowe>
		<spolki_razem>5395</spolki_razem>
		<w_tym_spolki_handlowe>2847</w_tym_spolki_handlowe>
		<w_tym_spolki_cywilne>2548</w_tym_spolki_cywilne>
		<spóldzielnie>46</spóldzielnie>
		<fundacje>1</fundacje>
		<stowarzyszenia_i_organizacje_spoleczne>1</stowarzyszenia_i_organizacje_spoleczne>
		<osoby_fizyczne_prowadzace_dzialalnosc_gospodarcza>13121</osoby_fizyczne_prowadzace_dzialalnosc_gospodarcza>
	</dane_tablica_T9>
	<dane_tablica_T9>
		<PKD_Sekcja>C</PKD_Sekcja>
		<PKD_Dzial>19</PKD_Dzial>
		<PKD_opis>Wytwarzanie i przetwarzanie koksu i produktów rafinacji ropy naftowej</PKD_opis>
		<Ogolem>418</Ogolem>
		<przedsiebiorstwa_panstwowe>0</przedsiebiorstwa_panstwowe>
		<spolki_razem>341</spolki_razem>
		<w_tym_spolki_handlowe>324</w_tym_spolki_handlowe>
		<w_tym_spolki_cywilne>17</w_tym_spolki_cywilne>
		<spóldzielnie>1</spóldzielnie>
		<fundacje>0</fundacje>
		<stowarzyszenia_i_organizacje_spoleczne>0</stowarzyszenia_i_organizacje_spoleczne>
		<osoby_fizyczne_prowadzace_dzialalnosc_gospodarcza>73</osoby_fizyczne_prowadzace_dzialalnosc_gospodarcza>
	</dane_tablica_T9>
	<dane_tablica_T9>
		<PKD_Sekcja>C</PKD_Sekcja>
		<PKD_Dzial>20</PKD_Dzial>
		<PKD_opis>Produkcja chemikaliów i wyrobów chemicznych</PKD_opis>
		<Ogolem>5784</Ogolem>
		<przedsiebiorstwa_panstwowe>1</przedsiebiorstwa_panstwowe>
		<spolki_razem>3608</spolki_razem>
		<w_tym_spolki_handlowe>2946</w_tym_spolki_handlowe>
		<w_tym_spolki_cywilne>661</w_tym_spolki_cywilne>
		<spóldzielnie>25</spóldzielnie>
		<fundacje>0</fundacje>
		<stowarzyszenia_i_organizacje_spoleczne>0</stowarzyszenia_i_organizacje_spoleczne>
		<osoby_fizyczne_prowadzace_dzialalnosc_gospodarcza>2102</osoby_fizyczne_prowadzace_dzialalnosc_gospodarcza>
	</dane_tablica_T9>
	<dane_tablica_T9>
		<PKD_Sekcja>C</PKD_Sekcja>
		<PKD_Dzial>21</PKD_Dzial>
		<PKD_opis>Produkcja podstawowych substancji farmaceutycznych oraz leków i pozostałych wyrobów farmaceutycznych</PKD_opis>
		<Ogolem>805</Ogolem>
		<przedsiebiorstwa_panstwowe>0</przedsiebiorstwa_panstwowe>
		<spolki_razem>606</spolki_razem>
		<w_tym_spolki_handlowe>574</w_tym_spolki_handlowe>
		<w_tym_spolki_cywilne>32</w_tym_spolki_cywilne>
		<spóldzielnie>9</spóldzielnie>
		<fundacje>0</fundacje>
		<stowarzyszenia_i_organizacje_spoleczne>0</stowarzyszenia_i_organizacje_spoleczne>
		<osoby_fizyczne_prowadzace_dzialalnosc_gospodarcza>186</osoby_fizyczne_prowadzace_dzialalnosc_gospodarcza>
	</dane_tablica_T9>
	<dane_tablica_T9>
		<PKD_Sekcja>C</PKD_Sekcja>
		<PKD_Dzial>22</PKD_Dzial>
		<PKD_opis>Produkcja wyrobów z gumy i tworzyw sztucznych</PKD_opis>
		<Ogolem>16134</Ogolem>
		<przedsiebiorstwa_panstwowe>2</przedsiebiorstwa_panstwowe>
		<spolki_razem>6680</spolki_razem>
		<w_tym_spolki_handlowe>4617</w_tym_spolki_handlowe>
		<w_tym_spolki_cywilne>2063</w_tym_spolki_cywilne>
		<spóldzielnie>56</spóldzielnie>
		<fundacje>0</fundacje>
		<stowarzyszenia_i_organizacje_spoleczne>0</stowarzyszenia_i_organizacje_spoleczne>
		<osoby_fizyczne_prowadzace_dzialalnosc_gospodarcza>9361</osoby_fizyczne_prowadzace_dzialalnosc_gospodarcza>
	</dane_tablica_T9>
	<dane_tablica_T9>
		<PKD_Sekcja>C</PKD_Sekcja>
		<PKD_Dzial>23</PKD_Dzial>
		<PKD_opis>Produkcja wyrobów z pozostałych mineralnych surowców niemetalicznych</PKD_opis>
		<Ogolem>20579</Ogolem>
		<przedsiebiorstwa_panstwowe>8</przedsiebiorstwa_panstwowe>
		<spolki_razem>6273</spolki_razem>
		<w_tym_spolki_handlowe>4001</w_tym_spolki_handlowe>
		<w_tym_spolki_cywilne>2272</w_tym_spolki_cywilne>
		<spóldzielnie>75</spóldzielnie>
		<fundacje>0</fundacje>
		<stowarzyszenia_i_organizacje_spoleczne>0</stowarzyszenia_i_organizacje_spoleczne>
		<osoby_fizyczne_prowadzace_dzialalnosc_gospodarcza>14206</osoby_fizyczne_prowadzace_dzialalnosc_gospodarcza>
	</dane_tablica_T9>
	<dane_tablica_T9>
		<PKD_Sekcja>C</PKD_Sekcja>
		<PKD_Dzial>24</PKD_Dzial>
		<PKD_opis>Produkcja metali</PKD_opis>
		<Ogolem>2345</Ogolem>
		<przedsiebiorstwa_panstwowe>0</przedsiebiorstwa_panstwowe>
		<spolki_razem>1176</spolki_razem>
		<w_tym_spolki_handlowe>994</w_tym_spolki_handlowe>
		<w_tym_spolki_cywilne>182</w_tym_spolki_cywilne>
		<spóldzielnie>9</spóldzielnie>
		<fundacje>0</fundacje>
		<stowarzyszenia_i_organizacje_spoleczne>0</stowarzyszenia_i_organizacje_spoleczne>
		<osoby_fizyczne_prowadzace_dzialalnosc_gospodarcza>1153</osoby_fizyczne_prowadzace_dzialalnosc_gospodarcza>
	</dane_tablica_T9>
	<dane_tablica_T9>
		<PKD_Sekcja>C</PKD_Sekcja>
		<PKD_Dzial>25</PKD_Dzial>
		<PKD_opis>Produkcja metalowych wyrobów gotowych, z wyłączeniem maszyn i urządzeń</PKD_opis>
		<Ogolem>64805</Ogolem>
		<przedsiebiorstwa_panstwowe>2</przedsiebiorstwa_panstwowe>
		<spolki_razem>13240</spolki_razem>
		<w_tym_spolki_handlowe>9061</w_tym_spolki_handlowe>
		<w_tym_spolki_cywilne>4179</w_tym_spolki_cywilne>
		<spóldzielnie>154</spóldzielnie>
		<fundacje>0</fundacje>
		<stowarzyszenia_i_organizacje_spoleczne>2</stowarzyszenia_i_organizacje_spoleczne>
		<osoby_fizyczne_prowadzace_dzialalnosc_gospodarcza>51356</osoby_fizyczne_prowadzace_dzialalnosc_gospodarcza>
	</dane_tablica_T9>
	<dane_tablica_T9>
		<PKD_Sekcja>C</PKD_Sekcja>
		<PKD_Dzial>26</PKD_Dzial>
		<PKD_opis>Produkcja komputerów, wyrobów elektronicznych i optycznych</PKD_opis>
		<Ogolem>6940</Ogolem>
		<przedsiebiorstwa_panstwowe>5</przedsiebiorstwa_panstwowe>
		<spolki_razem>2963</spolki_razem>
		<w_tym_spolki_handlowe>2291</w_tym_spolki_handlowe>
		<w_tym_spolki_cywilne>672</w_tym_spolki_cywilne>
		<spóldzielnie>18</spóldzielnie>
		<fundacje>0</fundacje>
		<stowarzyszenia_i_organizacje_spoleczne>1</stowarzyszenia_i_organizacje_spoleczne>
		<osoby_fizyczne_prowadzace_dzialalnosc_gospodarcza>3921</osoby_fizyczne_prowadzace_dzialalnosc_gospodarcza>
	</dane_tablica_T9>
	<dane_tablica_T9>
		<PKD_Sekcja>C</PKD_Sekcja>
		<PKD_Dzial>27</PKD_Dzial>
		<PKD_opis>Produkcja urządzeń elektrycznych</PKD_opis>
		<Ogolem>4406</Ogolem>
		<przedsiebiorstwa_panstwowe>1</przedsiebiorstwa_panstwowe>
		<spolki_razem>2083</spolki_razem>
		<w_tym_spolki_handlowe>1641</w_tym_spolki_handlowe>
		<w_tym_spolki_cywilne>442</w_tym_spolki_cywilne>
		<spóldzielnie>38</spóldzielnie>
		<fundacje>0</fundacje>
		<stowarzyszenia_i_organizacje_spoleczne>0</stowarzyszenia_i_organizacje_spoleczne>
		<osoby_fizyczne_prowadzace_dzialalnosc_gospodarcza>2262</osoby_fizyczne_prowadzace_dzialalnosc_gospodarcza>
	</dane_tablica_T9>
	<dane_tablica_T9>
		<PKD_Sekcja>C</PKD_Sekcja>
		<PKD_Dzial>28</PKD_Dzial>
		<PKD_opis>Produkcja maszyn i urządzeń, gdzie indziej niesklasyfikowana</PKD_opis>
		<Ogolem>9716</Ogolem>
		<przedsiebiorstwa_panstwowe>9</przedsiebiorstwa_panstwowe>
		<spolki_razem>4538</spolki_razem>
		<w_tym_spolki_handlowe>3634</w_tym_spolki_handlowe>
		<w_tym_spolki_cywilne>904</w_tym_spolki_cywilne>
		<spóldzielnie>34</spóldzielnie>
		<fundacje>0</fundacje>
		<stowarzyszenia_i_organizacje_spoleczne>1</stowarzyszenia_i_organizacje_spoleczne>
		<osoby_fizyczne_prowadzace_dzialalnosc_gospodarcza>5082</osoby_fizyczne_prowadzace_dzialalnosc_gospodarcza>
	</dane_tablica_T9>
	<dane_tablica_T9>
		<PKD_Sekcja>C</PKD_Sekcja>
		<PKD_Dzial>29</PKD_Dzial>
		<PKD_opis>Produkcja pojazdów samochodowych, przyczep i naczep, z wyłączeniem motocykli</PKD_opis>
		<Ogolem>2768</Ogolem>
		<przedsiebiorstwa_panstwowe>0</przedsiebiorstwa_panstwowe>
		<spolki_razem>1425</spolki_razem>
		<w_tym_spolki_handlowe>1131</w_tym_spolki_handlowe>
		<w_tym_spolki_cywilne>294</w_tym_spolki_cywilne>
		<spóldzielnie>25</spóldzielnie>
		<fundacje>0</fundacje>
		<stowarzyszenia_i_organizacje_spoleczne>0</stowarzyszenia_i_organizacje_spoleczne>
		<osoby_fizyczne_prowadzace_dzialalnosc_gospodarcza>1307</osoby_fizyczne_prowadzace_dzialalnosc_gospodarcza>
	</dane_tablica_T9>
	<dane_tablica_T9>
		<PKD_Sekcja>C</PKD_Sekcja>
		<PKD_Dzial>30</PKD_Dzial>
		<PKD_opis>Produkcja pozostałego sprzętu transportowego</PKD_opis>
		<Ogolem>3715</Ogolem>
		<przedsiebiorstwa_panstwowe>0</przedsiebiorstwa_panstwowe>
		<spolki_razem>1434</spolki_razem>
		<w_tym_spolki_handlowe>1169</w_tym_spolki_handlowe>
		<w_tym_spolki_cywilne>265</w_tym_spolki_cywilne>
		<spóldzielnie>13</spóldzielnie>
		<fundacje>0</fundacje>
		<stowarzyszenia_i_organizacje_spoleczne>0</stowarzyszenia_i_organizacje_spoleczne>
		<osoby_fizyczne_prowadzace_dzialalnosc_gospodarcza>2260</osoby_fizyczne_prowadzace_dzialalnosc_gospodarcza>
	</dane_tablica_T9>
	<dane_tablica_T9>
		<PKD_Sekcja>C</PKD_Sekcja>
		<PKD_Dzial>31</PKD_Dzial>
		<PKD_opis>Produkcja mebli</PKD_opis>
		<Ogolem>29687</Ogolem>
		<przedsiebiorstwa_panstwowe>1</przedsiebiorstwa_panstwowe>
		<spolki_razem>5153</spolki_razem>
		<w_tym_spolki_handlowe>2887</w_tym_spolki_handlowe>
		<w_tym_spolki_cywilne>2266</w_tym_spolki_cywilne>
		<spóldzielnie>102</spóldzielnie>
		<fundacje>0</fundacje>
		<stowarzyszenia_i_organizacje_spoleczne>0</stowarzyszenia_i_organizacje_spoleczne>
		<osoby_fizyczne_prowadzace_dzialalnosc_gospodarcza>24424</osoby_fizyczne_prowadzace_dzialalnosc_gospodarcza>
	</dane_tablica_T9>
	<dane_tablica_T9>
		<PKD_Sekcja>C</PKD_Sekcja>
		<PKD_Dzial>32</PKD_Dzial>
		<PKD_opis>Pozostała produkcja wyrobów</PKD_opis>
		<Ogolem>24198</Ogolem>
		<przedsiebiorstwa_panstwowe>2</przedsiebiorstwa_panstwowe>
		<spolki_razem>4492</spolki_razem>
		<w_tym_spolki_handlowe>2502</w_tym_spolki_handlowe>
		<w_tym_spolki_cywilne>1990</w_tym_spolki_cywilne>
		<spóldzielnie>75</spóldzielnie>
		<fundacje>0</fundacje>
		<stowarzyszenia_i_organizacje_spoleczne>0</stowarzyszenia_i_organizacje_spoleczne>
		<osoby_fizyczne_prowadzace_dzialalnosc_gospodarcza>19599</osoby_fizyczne_prowadzace_dzialalnosc_gospodarcza>
	</dane_tablica_T9>
	<dane_tablica_T9>
		<PKD_Sekcja>C</PKD_Sekcja>
		<PKD_Dzial>33</PKD_Dzial>
		<PKD_opis>Naprawa, konserwacja i instalowanie maszyn i urządzeń</PKD_opis>
		<Ogolem>46679</Ogolem>
		<przedsiebiorstwa_panstwowe>7</przedsiebiorstwa_panstwowe>
		<spolki_razem>7362</spolki_razem>
		<w_tym_spolki_handlowe>4921</w_tym_spolki_handlowe>
		<w_tym_spolki_cywilne>2437</w_tym_spolki_cywilne>
		<spóldzielnie>49</spóldzielnie>
		<fundacje>1</fundacje>
		<stowarzyszenia_i_organizacje_spoleczne>2</stowarzyszenia_i_organizacje_spoleczne>
		<osoby_fizyczne_prowadzace_dzialalnosc_gospodarcza>39193</osoby_fizyczne_prowadzace_dzialalnosc_gospodarcza>
	</dane_tablica_T9>
	<dane_tablica_T9>
		<PKD_Sekcja>D</PKD_Sekcja>
		<PKD_Dzial>35</PKD_Dzial>
		<PKD_opis>Wytwarzanie i zaopatrywanie w energię elektryczną, gaz, parę wodną, gorącą wodę i powietrze do układów klimatyzacyjnych</PKD_opis>
		<Ogolem>9512</Ogolem>
		<przedsiebiorstwa_panstwowe>0</przedsiebiorstwa_panstwowe>
		<spolki_razem>7606</spolki_razem>
		<w_tym_spolki_handlowe>7233</w_tym_spolki_handlowe>
		<w_tym_spolki_cywilne>373</w_tym_spolki_cywilne>
		<spóldzielnie>31</spóldzielnie>
		<fundacje>0</fundacje>
		<stowarzyszenia_i_organizacje_spoleczne>0</stowarzyszenia_i_organizacje_spoleczne>
		<osoby_fizyczne_prowadzace_dzialalnosc_gospodarcza>1848</osoby_fizyczne_prowadzace_dzialalnosc_gospodarcza>
	</dane_tablica_T9>
	<dane_tablica_T9>
		<PKD_Sekcja>E</PKD_Sekcja>
		<PKD_Dzial>36</PKD_Dzial>
		<PKD_opis>Pobór, uzdatnianie i dostarczanie wody</PKD_opis>
		<Ogolem>1863</Ogolem>
		<przedsiebiorstwa_panstwowe>3</przedsiebiorstwa_panstwowe>
		<spolki_razem>1095</spolki_razem>
		<w_tym_spolki_handlowe>753</w_tym_spolki_handlowe>
		<w_tym_spolki_cywilne>34</w_tym_spolki_cywilne>
		<spóldzielnie>6</spóldzielnie>
		<fundacje>0</fundacje>
		<stowarzyszenia_i_organizacje_spoleczne>0</stowarzyszenia_i_organizacje_spoleczne>
		<osoby_fizyczne_prowadzace_dzialalnosc_gospodarcza>229</osoby_fizyczne_prowadzace_dzialalnosc_gospodarcza>
	</dane_tablica_T9>
	<dane_tablica_T9>
		<PKD_Sekcja>E</PKD_Sekcja>
		<PKD_Dzial>37</PKD_Dzial>
		<PKD_opis>Odprowadzanie i oczyszczanie ścieków</PKD_opis>
		<Ogolem>2726</Ogolem>
		<przedsiebiorstwa_panstwowe>0</przedsiebiorstwa_panstwowe>
		<spolki_razem>536</spolki_razem>
		<w_tym_spolki_handlowe>327</w_tym_spolki_handlowe>
		<w_tym_spolki_cywilne>121</w_tym_spolki_cywilne>
		<spóldzielnie>4</spóldzielnie>
		<fundacje>0</fundacje>
		<stowarzyszenia_i_organizacje_spoleczne>0</stowarzyszenia_i_organizacje_spoleczne>
		<osoby_fizyczne_prowadzace_dzialalnosc_gospodarcza>2074</osoby_fizyczne_prowadzace_dzialalnosc_gospodarcza>
	</dane_tablica_T9>
	<dane_tablica_T9>
		<PKD_Sekcja>E</PKD_Sekcja>
		<PKD_Dzial>38</PKD_Dzial>
		<PKD_opis>Działalność związana ze zbieraniem, przetwarzaniem i unieszkodliwianiem odpadów; odzysk surowców</PKD_opis>
		<Ogolem>9234</Ogolem>
		<przedsiebiorstwa_panstwowe>1</przedsiebiorstwa_panstwowe>
		<spolki_razem>4262</spolki_razem>
		<w_tym_spolki_handlowe>3570</w_tym_spolki_handlowe>
		<w_tym_spolki_cywilne>679</w_tym_spolki_cywilne>
		<spóldzielnie>37</spóldzielnie>
		<fundacje>1</fundacje>
		<stowarzyszenia_i_organizacje_spoleczne>1</stowarzyszenia_i_organizacje_spoleczne>
		<osoby_fizyczne_prowadzace_dzialalnosc_gospodarcza>4831</osoby_fizyczne_prowadzace_dzialalnosc_gospodarcza>
	</dane_tablica_T9>
	<dane_tablica_T9>
		<PKD_Sekcja>E</PKD_Sekcja>
		<PKD_Dzial>39</PKD_Dzial>
		<PKD_opis>Działalność związana z rekultywacją i pozostała działalność usługowa związana z gospodarką odpadami</PKD_opis>
		<Ogolem>704</Ogolem>
		<przedsiebiorstwa_panstwowe>0</przedsiebiorstwa_panstwowe>
		<spolki_razem>462</spolki_razem>
		<w_tym_spolki_handlowe>433</w_tym_spolki_handlowe>
		<w_tym_spolki_cywilne>28</w_tym_spolki_cywilne>
		<spóldzielnie>2</spóldzielnie>
		<fundacje>0</fundacje>
		<stowarzyszenia_i_organizacje_spoleczne>0</stowarzyszenia_i_organizacje_spoleczne>
		<osoby_fizyczne_prowadzace_dzialalnosc_gospodarcza>236</osoby_fizyczne_prowadzace_dzialalnosc_gospodarcza>
	</dane_tablica_T9>
	<dane_tablica_T9>
		<PKD_Sekcja>F</PKD_Sekcja>
		<PKD_Dzial>41</PKD_Dzial>
		<PKD_opis>Roboty budowlane związane ze wznoszeniem budynków</PKD_opis>
		<Ogolem>156759</Ogolem>
		<przedsiebiorstwa_panstwowe>20</przedsiebiorstwa_panstwowe>
		<spolki_razem>46879</spolki_razem>
		<w_tym_spolki_handlowe>37911</w_tym_spolki_handlowe>
		<w_tym_spolki_cywilne>8966</w_tym_spolki_cywilne>
		<spóldzielnie>1857</spóldzielnie>
		<fundacje>2</fundacje>
		<stowarzyszenia_i_organizacje_spoleczne>1</stowarzyszenia_i_organizacje_spoleczne>
		<osoby_fizyczne_prowadzace_dzialalnosc_gospodarcza>107829</osoby_fizyczne_prowadzace_dzialalnosc_gospodarcza>
	</dane_tablica_T9>
	<dane_tablica_T9>
		<PKD_Sekcja>F</PKD_Sekcja>
		<PKD_Dzial>42</PKD_Dzial>
		<PKD_opis>Roboty związane z budową obiektów inżynierii lądowej i wodnej</PKD_opis>
		<Ogolem>35593</Ogolem>
		<przedsiebiorstwa_panstwowe>4</przedsiebiorstwa_panstwowe>
		<spolki_razem>10773</spolki_razem>
		<w_tym_spolki_handlowe>7199</w_tym_spolki_handlowe>
		<w_tym_spolki_cywilne>3234</w_tym_spolki_cywilne>
		<spóldzielnie>157</spóldzielnie>
		<fundacje>0</fundacje>
		<stowarzyszenia_i_organizacje_spoleczne>3</stowarzyszenia_i_organizacje_spoleczne>
		<osoby_fizyczne_prowadzace_dzialalnosc_gospodarcza>24443</osoby_fizyczne_prowadzace_dzialalnosc_gospodarcza>
	</dane_tablica_T9>
	<dane_tablica_T9>
		<PKD_Sekcja>F</PKD_Sekcja>
		<PKD_Dzial>43</PKD_Dzial>
		<PKD_opis>Roboty budowlane specjalistyczne</PKD_opis>
		<Ogolem>320993</Ogolem>
		<przedsiebiorstwa_panstwowe>2</przedsiebiorstwa_panstwowe>
		<spolki_razem>28175</spolki_razem>
		<w_tym_spolki_handlowe>14658</w_tym_spolki_handlowe>
		<w_tym_spolki_cywilne>13472</w_tym_spolki_cywilne>
		<spóldzielnie>235</spóldzielnie>
		<fundacje>1</fundacje>
		<stowarzyszenia_i_organizacje_spoleczne>2</stowarzyszenia_i_organizacje_spoleczne>
		<osoby_fizyczne_prowadzace_dzialalnosc_gospodarcza>292501</osoby_fizyczne_prowadzace_dzialalnosc_gospodarcza>
	</dane_tablica_T9>
	<dane_tablica_T9>
		<PKD_Sekcja>G</PKD_Sekcja>
		<PKD_Dzial>45</PKD_Dzial>
		<PKD_opis>Handel hurtowy i detaliczny pojazdami samochodowymi; naprawa pojazdów samochodowych</PKD_opis>
		<Ogolem>158246</Ogolem>
		<przedsiebiorstwa_panstwowe>2</przedsiebiorstwa_panstwowe>
		<spolki_razem>24728</spolki_razem>
		<w_tym_spolki_handlowe>11855</w_tym_spolki_handlowe>
		<w_tym_spolki_cywilne>12873</w_tym_spolki_cywilne>
		<spóldzielnie>55</spóldzielnie>
		<fundacje>0</fundacje>
		<stowarzyszenia_i_organizacje_spoleczne>3</stowarzyszenia_i_organizacje_spoleczne>
		<osoby_fizyczne_prowadzace_dzialalnosc_gospodarcza>133395</osoby_fizyczne_prowadzace_dzialalnosc_gospodarcza>
	</dane_tablica_T9>
	<dane_tablica_T9>
		<PKD_Sekcja>G</PKD_Sekcja>
		<PKD_Dzial>46</PKD_Dzial>
		<PKD_opis>Handel hurtowy, z wyłączeniem handlu pojazdami samochodowymi</PKD_opis>
		<Ogolem>296002</Ogolem>
		<przedsiebiorstwa_panstwowe>5</przedsiebiorstwa_panstwowe>
		<spolki_razem>133985</spolki_razem>
		<w_tym_spolki_handlowe>94488</w_tym_spolki_handlowe>
		<w_tym_spolki_cywilne>39495</w_tym_spolki_cywilne>
		<spóldzielnie>1269</spóldzielnie>
		<fundacje>1</fundacje>
		<stowarzyszenia_i_organizacje_spoleczne>7</stowarzyszenia_i_organizacje_spoleczne>
		<osoby_fizyczne_prowadzace_dzialalnosc_gospodarcza>159748</osoby_fizyczne_prowadzace_dzialalnosc_gospodarcza>
	</dane_tablica_T9>
	<dane_tablica_T9>
		<PKD_Sekcja>G</PKD_Sekcja>
		<PKD_Dzial>47</PKD_Dzial>
		<PKD_opis>Handel detaliczny, z wyłączeniem handlu detalicznego pojazdami samochodowymi</PKD_opis>
		<Ogolem>576225</Ogolem>
		<przedsiebiorstwa_panstwowe>4</przedsiebiorstwa_panstwowe>
		<spolki_razem>104703</spolki_razem>
		<w_tym_spolki_handlowe>38453</w_tym_spolki_handlowe>
		<w_tym_spolki_cywilne>66250</w_tym_spolki_cywilne>
		<spóldzielnie>1706</spóldzielnie>
		<fundacje>13</fundacje>
		<stowarzyszenia_i_organizacje_spoleczne>3</stowarzyszenia_i_organizacje_spoleczne>
		<osoby_fizyczne_prowadzace_dzialalnosc_gospodarcza>469677</osoby_fizyczne_prowadzace_dzialalnosc_gospodarcza>
	</dane_tablica_T9>
	<dane_tablica_T9>
		<PKD_Sekcja>H</PKD_Sekcja>
		<PKD_Dzial>49</PKD_Dzial>
		<PKD_opis>Transport lądowy oraz transport rurociągowy</PKD_opis>
		<Ogolem>234073</Ogolem>
		<przedsiebiorstwa_panstwowe>2</przedsiebiorstwa_panstwowe>
		<spolki_razem>25751</spolki_razem>
		<w_tym_spolki_handlowe>16058</w_tym_spolki_handlowe>
		<w_tym_spolki_cywilne>9693</w_tym_spolki_cywilne>
		<spóldzielnie>126</spóldzielnie>
		<fundacje>0</fundacje>
		<stowarzyszenia_i_organizacje_spoleczne>7</stowarzyszenia_i_organizacje_spoleczne>
		<osoby_fizyczne_prowadzace_dzialalnosc_gospodarcza>208084</osoby_fizyczne_prowadzace_dzialalnosc_gospodarcza>
	</dane_tablica_T9>
	<dane_tablica_T9>
		<PKD_Sekcja>H</PKD_Sekcja>
		<PKD_Dzial>50</PKD_Dzial>
		<PKD_opis>Transport wodny</PKD_opis>
		<Ogolem>1336</Ogolem>
		<przedsiebiorstwa_panstwowe>1</przedsiebiorstwa_panstwowe>
		<spolki_razem>356</spolki_razem>
		<w_tym_spolki_handlowe>235</w_tym_spolki_handlowe>
		<w_tym_spolki_cywilne>121</w_tym_spolki_cywilne>
		<spóldzielnie>2</spóldzielnie>
		<fundacje>0</fundacje>
		<stowarzyszenia_i_organizacje_spoleczne>0</stowarzyszenia_i_organizacje_spoleczne>
		<osoby_fizyczne_prowadzace_dzialalnosc_gospodarcza>965</osoby_fizyczne_prowadzace_dzialalnosc_gospodarcza>
	</dane_tablica_T9>
	<dane_tablica_T9>
		<PKD_Sekcja>H</PKD_Sekcja>
		<PKD_Dzial>51</PKD_Dzial>
		<PKD_opis>Transport lotniczy</PKD_opis>
		<Ogolem>797</Ogolem>
		<przedsiebiorstwa_panstwowe>0</przedsiebiorstwa_panstwowe>
		<spolki_razem>182</spolki_razem>
		<w_tym_spolki_handlowe>177</w_tym_spolki_handlowe>
		<w_tym_spolki_cywilne>5</w_tym_spolki_cywilne>
		<spóldzielnie>1</spóldzielnie>
		<fundacje>1</fundacje>
		<stowarzyszenia_i_organizacje_spoleczne>0</stowarzyszenia_i_organizacje_spoleczne>
		<osoby_fizyczne_prowadzace_dzialalnosc_gospodarcza>555</osoby_fizyczne_prowadzace_dzialalnosc_gospodarcza>
	</dane_tablica_T9>
	<dane_tablica_T9>
		<PKD_Sekcja>H</PKD_Sekcja>
		<PKD_Dzial>52</PKD_Dzial>
		<PKD_opis>Magazynowanie i działalność usługowa wspomagająca transport</PKD_opis>
		<Ogolem>22263</Ogolem>
		<przedsiebiorstwa_panstwowe>3</przedsiebiorstwa_panstwowe>
		<spolki_razem>6750</spolki_razem>
		<w_tym_spolki_handlowe>5078</w_tym_spolki_handlowe>
		<w_tym_spolki_cywilne>1672</w_tym_spolki_cywilne>
		<spóldzielnie>12</spóldzielnie>
		<fundacje>0</fundacje>
		<stowarzyszenia_i_organizacje_spoleczne>3</stowarzyszenia_i_organizacje_spoleczne>
		<osoby_fizyczne_prowadzace_dzialalnosc_gospodarcza>15255</osoby_fizyczne_prowadzace_dzialalnosc_gospodarcza>
	</dane_tablica_T9>
	<dane_tablica_T9>
		<PKD_Sekcja>H</PKD_Sekcja>
		<PKD_Dzial>53</PKD_Dzial>
		<PKD_opis>Działalność pocztowa i kurierska</PKD_opis>
		<Ogolem>5718</Ogolem>
		<przedsiebiorstwa_panstwowe>0</przedsiebiorstwa_panstwowe>
		<spolki_razem>536</spolki_razem>
		<w_tym_spolki_handlowe>418</w_tym_spolki_handlowe>
		<w_tym_spolki_cywilne>118</w_tym_spolki_cywilne>
		<spóldzielnie>3</spóldzielnie>
		<fundacje>0</fundacje>
		<stowarzyszenia_i_organizacje_spoleczne>0</stowarzyszenia_i_organizacje_spoleczne>
		<osoby_fizyczne_prowadzace_dzialalnosc_gospodarcza>5176</osoby_fizyczne_prowadzace_dzialalnosc_gospodarcza>
	</dane_tablica_T9>
	<dane_tablica_T9>
		<PKD_Sekcja>I</PKD_Sekcja>
		<PKD_Dzial>55</PKD_Dzial>
		<PKD_opis>Zakwaterowanie</PKD_opis>
		<Ogolem>36801</Ogolem>
		<przedsiebiorstwa_panstwowe>0</przedsiebiorstwa_panstwowe>
		<spolki_razem>7143</spolki_razem>
		<w_tym_spolki_handlowe>5252</w_tym_spolki_handlowe>
		<w_tym_spolki_cywilne>1891</w_tym_spolki_cywilne>
		<spóldzielnie>45</spóldzielnie>
		<fundacje>4</fundacje>
		<stowarzyszenia_i_organizacje_spoleczne>1</stowarzyszenia_i_organizacje_spoleczne>
		<osoby_fizyczne_prowadzace_dzialalnosc_gospodarcza>28642</osoby_fizyczne_prowadzace_dzialalnosc_gospodarcza>
	</dane_tablica_T9>
	<dane_tablica_T9>
		<PKD_Sekcja>I</PKD_Sekcja>
		<PKD_Dzial>56</PKD_Dzial>
		<PKD_opis>Działalność usługowa związana z wyżywieniem</PKD_opis>
		<Ogolem>96725</Ogolem>
		<przedsiebiorstwa_panstwowe>0</przedsiebiorstwa_panstwowe>
		<spolki_razem>27456</spolki_razem>
		<w_tym_spolki_handlowe>10456</w_tym_spolki_handlowe>
		<w_tym_spolki_cywilne>17000</w_tym_spolki_cywilne>
		<spóldzielnie>256</spóldzielnie>
		<fundacje>1</fundacje>
		<stowarzyszenia_i_organizacje_spoleczne>1</stowarzyszenia_i_organizacje_spoleczne>
		<osoby_fizyczne_prowadzace_dzialalnosc_gospodarcza>68981</osoby_fizyczne_prowadzace_dzialalnosc_gospodarcza>
	</dane_tablica_T9>
	<dane_tablica_T9>
		<PKD_Sekcja>J</PKD_Sekcja>
		<PKD_Dzial>58</PKD_Dzial>
		<PKD_opis>Działalność wydawnicza</PKD_opis>
		<Ogolem>14389</Ogolem>
		<przedsiebiorstwa_panstwowe>1</przedsiebiorstwa_panstwowe>
		<spolki_razem>6624</spolki_razem>
		<w_tym_spolki_handlowe>4727</w_tym_spolki_handlowe>
		<w_tym_spolki_cywilne>1897</w_tym_spolki_cywilne>
		<spóldzielnie>93</spóldzielnie>
		<fundacje>10</fundacje>
		<stowarzyszenia_i_organizacje_spoleczne>20</stowarzyszenia_i_organizacje_spoleczne>
		<osoby_fizyczne_prowadzace_dzialalnosc_gospodarcza>7593</osoby_fizyczne_prowadzace_dzialalnosc_gospodarcza>
	</dane_tablica_T9>
	<dane_tablica_T9>
		<PKD_Sekcja>J</PKD_Sekcja>
		<PKD_Dzial>59</PKD_Dzial>
		<PKD_opis>Działalność związana z produkcją filmów, nagrań wideo, programów telewizyjnych, nagrań dźwiękowych i muzycznych</PKD_opis>
		<Ogolem>14102</Ogolem>
		<przedsiebiorstwa_panstwowe>1</przedsiebiorstwa_panstwowe>
		<spolki_razem>3030</spolki_razem>
		<w_tym_spolki_handlowe>2399</w_tym_spolki_handlowe>
		<w_tym_spolki_cywilne>631</w_tym_spolki_cywilne>
		<spóldzielnie>14</spóldzielnie>
		<fundacje>3</fundacje>
		<stowarzyszenia_i_organizacje_spoleczne>1</stowarzyszenia_i_organizacje_spoleczne>
		<osoby_fizyczne_prowadzace_dzialalnosc_gospodarcza>11018</osoby_fizyczne_prowadzace_dzialalnosc_gospodarcza>
	</dane_tablica_T9>
	<dane_tablica_T9>
		<PKD_Sekcja>J</PKD_Sekcja>
		<PKD_Dzial>60</PKD_Dzial>
		<PKD_opis>Nadawanie programów ogólnodostępnych i abonamentowych</PKD_opis>
		<Ogolem>874</Ogolem>
		<przedsiebiorstwa_panstwowe>0</przedsiebiorstwa_panstwowe>
		<spolki_razem>587</spolki_razem>
		<w_tym_spolki_handlowe>481</w_tym_spolki_handlowe>
		<w_tym_spolki_cywilne>106</w_tym_spolki_cywilne>
		<spóldzielnie>1</spóldzielnie>
		<fundacje>1</fundacje>
		<stowarzyszenia_i_organizacje_spoleczne>3</stowarzyszenia_i_organizacje_spoleczne>
		<osoby_fizyczne_prowadzace_dzialalnosc_gospodarcza>273</osoby_fizyczne_prowadzace_dzialalnosc_gospodarcza>
	</dane_tablica_T9>
	<dane_tablica_T9>
		<PKD_Sekcja>J</PKD_Sekcja>
		<PKD_Dzial>61</PKD_Dzial>
		<PKD_opis>Telekomunikacja</PKD_opis>
		<Ogolem>9811</Ogolem>
		<przedsiebiorstwa_panstwowe>0</przedsiebiorstwa_panstwowe>
		<spolki_razem>3157</spolki_razem>
		<w_tym_spolki_handlowe>2478</w_tym_spolki_handlowe>
		<w_tym_spolki_cywilne>679</w_tym_spolki_cywilne>
		<spóldzielnie>5</spóldzielnie>
		<fundacje>0</fundacje>
		<stowarzyszenia_i_organizacje_spoleczne>2</stowarzyszenia_i_organizacje_spoleczne>
		<osoby_fizyczne_prowadzace_dzialalnosc_gospodarcza>6630</osoby_fizyczne_prowadzace_dzialalnosc_gospodarcza>
	</dane_tablica_T9>
	<dane_tablica_T9>
		<PKD_Sekcja>J</PKD_Sekcja>
		<PKD_Dzial>62</PKD_Dzial>
		<PKD_opis>Działalność związana z oprogramowaniem i doradztwem w zakresie informatyki oraz dzialalność powiązana</PKD_opis>
		<Ogolem>94679</Ogolem>
		<przedsiebiorstwa_panstwowe>0</przedsiebiorstwa_panstwowe>
		<spolki_razem>21095</spolki_razem>
		<w_tym_spolki_handlowe>17897</w_tym_spolki_handlowe>
		<w_tym_spolki_cywilne>3198</w_tym_spolki_cywilne>
		<spóldzielnie>25</spóldzielnie>
		<fundacje>5</fundacje>
		<stowarzyszenia_i_organizacje_spoleczne>3</stowarzyszenia_i_organizacje_spoleczne>
		<osoby_fizyczne_prowadzace_dzialalnosc_gospodarcza>73403</osoby_fizyczne_prowadzace_dzialalnosc_gospodarcza>
	</dane_tablica_T9>
	<dane_tablica_T9>
		<PKD_Sekcja>J</PKD_Sekcja>
		<PKD_Dzial>63</PKD_Dzial>
		<PKD_opis>Działalność usługowa w zakresie informacji</PKD_opis>
		<Ogolem>19486</Ogolem>
		<przedsiebiorstwa_panstwowe>0</przedsiebiorstwa_panstwowe>
		<spolki_razem>9027</spolki_razem>
		<w_tym_spolki_handlowe>7860</w_tym_spolki_handlowe>
		<w_tym_spolki_cywilne>1167</w_tym_spolki_cywilne>
		<spóldzielnie>19</spóldzielnie>
		<fundacje>6</fundacje>
		<stowarzyszenia_i_organizacje_spoleczne>3</stowarzyszenia_i_organizacje_spoleczne>
		<osoby_fizyczne_prowadzace_dzialalnosc_gospodarcza>10382</osoby_fizyczne_prowadzace_dzialalnosc_gospodarcza>
	</dane_tablica_T9>
	<dane_tablica_T9>
		<PKD_Sekcja>K</PKD_Sekcja>
		<PKD_Dzial>64</PKD_Dzial>
		<PKD_opis>Finansowa działalność usługowa, z wyłączeniem ubezpieczeń i funduszów emerytalnych</PKD_opis>
		<Ogolem>27127</Ogolem>
		<przedsiebiorstwa_panstwowe>0</przedsiebiorstwa_panstwowe>
		<spolki_razem>11610</spolki_razem>
		<w_tym_spolki_handlowe>10380</w_tym_spolki_handlowe>
		<w_tym_spolki_cywilne>1230</w_tym_spolki_cywilne>
		<spóldzielnie>690</spóldzielnie>
		<fundacje>3</fundacje>
		<stowarzyszenia_i_organizacje_spoleczne>1184</stowarzyszenia_i_organizacje_spoleczne>
		<osoby_fizyczne_prowadzace_dzialalnosc_gospodarcza>12479</osoby_fizyczne_prowadzace_dzialalnosc_gospodarcza>
	</dane_tablica_T9>
	<dane_tablica_T9>
		<PKD_Sekcja>K</PKD_Sekcja>
		<PKD_Dzial>65</PKD_Dzial>
		<PKD_opis>Ubezpieczenia, reasekuracja oraz fundusze emerytalne, z wyłączeniem obowiązkowego ubezpieczenia społecznego</PKD_opis>
		<Ogolem>1296</Ogolem>
		<przedsiebiorstwa_panstwowe>0</przedsiebiorstwa_panstwowe>
		<spolki_razem>174</spolki_razem>
		<w_tym_spolki_handlowe>144</w_tym_spolki_handlowe>
		<w_tym_spolki_cywilne>30</w_tym_spolki_cywilne>
		<spóldzielnie>0</spóldzielnie>
		<fundacje>0</fundacje>
		<stowarzyszenia_i_organizacje_spoleczne>0</stowarzyszenia_i_organizacje_spoleczne>
		<osoby_fizyczne_prowadzace_dzialalnosc_gospodarcza>1053</osoby_fizyczne_prowadzace_dzialalnosc_gospodarcza>
	</dane_tablica_T9>
	<dane_tablica_T9>
		<PKD_Sekcja>K</PKD_Sekcja>
		<PKD_Dzial>66</PKD_Dzial>
		<PKD_opis>Działalność wspomagająca usługi finansowe oraz ubezpieczenia i fundusze emerytalne</PKD_opis>
		<Ogolem>94846</Ogolem>
		<przedsiebiorstwa_panstwowe>0</przedsiebiorstwa_panstwowe>
		<spolki_razem>9368</spolki_razem>
		<w_tym_spolki_handlowe>6790</w_tym_spolki_handlowe>
		<w_tym_spolki_cywilne>2578</w_tym_spolki_cywilne>
		<spóldzielnie>14</spóldzielnie>
		<fundacje>1</fundacje>
		<stowarzyszenia_i_organizacje_spoleczne>1</stowarzyszenia_i_organizacje_spoleczne>
		<osoby_fizyczne_prowadzace_dzialalnosc_gospodarcza>85383</osoby_fizyczne_prowadzace_dzialalnosc_gospodarcza>
	</dane_tablica_T9>
	<dane_tablica_T9>
		<PKD_Sekcja>L</PKD_Sekcja>
		<PKD_Dzial>68</PKD_Dzial>
		<PKD_opis>Działalność związana z obsługą rynku nieruchomości</PKD_opis>
		<Ogolem>248035</Ogolem>
		<przedsiebiorstwa_panstwowe>12</przedsiebiorstwa_panstwowe>
		<spolki_razem>35644</spolki_razem>
		<w_tym_spolki_handlowe>29481</w_tym_spolki_handlowe>
		<w_tym_spolki_cywilne>5734</w_tym_spolki_cywilne>
		<spóldzielnie>5360</spóldzielnie>
		<fundacje>2</fundacje>
		<stowarzyszenia_i_organizacje_spoleczne>16</stowarzyszenia_i_organizacje_spoleczne>
		<osoby_fizyczne_prowadzace_dzialalnosc_gospodarcza>40317</osoby_fizyczne_prowadzace_dzialalnosc_gospodarcza>
	</dane_tablica_T9>
	<dane_tablica_T9>
		<PKD_Sekcja>M</PKD_Sekcja>
		<PKD_Dzial>69</PKD_Dzial>
		<PKD_opis>Działalność prawnicza, rachunkowo-księgowa i doradztwo podatkowe</PKD_opis>
		<Ogolem>112929</Ogolem>
		<przedsiebiorstwa_panstwowe>0</przedsiebiorstwa_panstwowe>
		<spolki_razem>21101</spolki_razem>
		<w_tym_spolki_handlowe>13469</w_tym_spolki_handlowe>
		<w_tym_spolki_cywilne>7632</w_tym_spolki_cywilne>
		<spóldzielnie>120</spóldzielnie>
		<fundacje>2</fundacje>
		<stowarzyszenia_i_organizacje_spoleczne>5</stowarzyszenia_i_organizacje_spoleczne>
		<osoby_fizyczne_prowadzace_dzialalnosc_gospodarcza>90586</osoby_fizyczne_prowadzace_dzialalnosc_gospodarcza>
	</dane_tablica_T9>
	<dane_tablica_T9>
		<PKD_Sekcja>M</PKD_Sekcja>
		<PKD_Dzial>70</PKD_Dzial>
		<PKD_opis>Działalność firm centralnych (head offices); doradztwo związane z zarządzaniem</PKD_opis>
		<Ogolem>79013</Ogolem>
		<przedsiebiorstwa_panstwowe>3</przedsiebiorstwa_panstwowe>
		<spolki_razem>28518</spolki_razem>
		<w_tym_spolki_handlowe>26487</w_tym_spolki_handlowe>
		<w_tym_spolki_cywilne>2027</w_tym_spolki_cywilne>
		<spóldzielnie>52</spóldzielnie>
		<fundacje>7</fundacje>
		<stowarzyszenia_i_organizacje_spoleczne>8</stowarzyszenia_i_organizacje_spoleczne>
		<osoby_fizyczne_prowadzace_dzialalnosc_gospodarcza>50065</osoby_fizyczne_prowadzace_dzialalnosc_gospodarcza>
	</dane_tablica_T9>
	<dane_tablica_T9>
		<PKD_Sekcja>M</PKD_Sekcja>
		<PKD_Dzial>71</PKD_Dzial>
		<PKD_opis>Działalność w zakresie architektury i inżynierii; badania i analizy techniczne</PKD_opis>
		<Ogolem>94337</Ogolem>
		<przedsiebiorstwa_panstwowe>13</przedsiebiorstwa_panstwowe>
		<spolki_razem>16347</spolki_razem>
		<w_tym_spolki_handlowe>10783</w_tym_spolki_handlowe>
		<w_tym_spolki_cywilne>5563</w_tym_spolki_cywilne>
		<spóldzielnie>181</spóldzielnie>
		<fundacje>0</fundacje>
		<stowarzyszenia_i_organizacje_spoleczne>7</stowarzyszenia_i_organizacje_spoleczne>
		<osoby_fizyczne_prowadzace_dzialalnosc_gospodarcza>77530</osoby_fizyczne_prowadzace_dzialalnosc_gospodarcza>
	</dane_tablica_T9>
	<dane_tablica_T9>
		<PKD_Sekcja>M</PKD_Sekcja>
		<PKD_Dzial>72</PKD_Dzial>
		<PKD_opis>Badania naukowe i prace rozwojowe</PKD_opis>
		<Ogolem>4944</Ogolem>
		<przedsiebiorstwa_panstwowe>0</przedsiebiorstwa_panstwowe>
		<spolki_razem>2468</spolki_razem>
		<w_tym_spolki_handlowe>2338</w_tym_spolki_handlowe>
		<w_tym_spolki_cywilne>130</w_tym_spolki_cywilne>
		<spóldzielnie>8</spóldzielnie>
		<fundacje>18</fundacje>
		<stowarzyszenia_i_organizacje_spoleczne>13</stowarzyszenia_i_organizacje_spoleczne>
		<osoby_fizyczne_prowadzace_dzialalnosc_gospodarcza>2215</osoby_fizyczne_prowadzace_dzialalnosc_gospodarcza>
	</dane_tablica_T9>
	<dane_tablica_T9>
		<PKD_Sekcja>M</PKD_Sekcja>
		<PKD_Dzial>73</PKD_Dzial>
		<PKD_opis>Reklama, badanie rynku i opinii publicznej</PKD_opis>
		<Ogolem>52987</Ogolem>
		<przedsiebiorstwa_panstwowe>1</przedsiebiorstwa_panstwowe>
		<spolki_razem>13383</spolki_razem>
		<w_tym_spolki_handlowe>8942</w_tym_spolki_handlowe>
		<w_tym_spolki_cywilne>4441</w_tym_spolki_cywilne>
		<spóldzielnie>54</spóldzielnie>
		<fundacje>4</fundacje>
		<stowarzyszenia_i_organizacje_spoleczne>5</stowarzyszenia_i_organizacje_spoleczne>
		<osoby_fizyczne_prowadzace_dzialalnosc_gospodarcza>38709</osoby_fizyczne_prowadzace_dzialalnosc_gospodarcza>
	</dane_tablica_T9>
	<dane_tablica_T9>
		<PKD_Sekcja>M</PKD_Sekcja>
		<PKD_Dzial>74</PKD_Dzial>
		<PKD_opis>Pozostała działalność profesjonalna, naukowa i techniczna</PKD_opis>
		<Ogolem>82044</Ogolem>
		<przedsiebiorstwa_panstwowe>0</przedsiebiorstwa_panstwowe>
		<spolki_razem>9552</spolki_razem>
		<w_tym_spolki_handlowe>5350</w_tym_spolki_handlowe>
		<w_tym_spolki_cywilne>4202</w_tym_spolki_cywilne>
		<spóldzielnie>54</spóldzielnie>
		<fundacje>6</fundacje>
		<stowarzyszenia_i_organizacje_spoleczne>7</stowarzyszenia_i_organizacje_spoleczne>
		<osoby_fizyczne_prowadzace_dzialalnosc_gospodarcza>72200</osoby_fizyczne_prowadzace_dzialalnosc_gospodarcza>
	</dane_tablica_T9>
	<dane_tablica_T9>
		<PKD_Sekcja>M</PKD_Sekcja>
		<PKD_Dzial>75</PKD_Dzial>
		<PKD_opis>Działalność weterynaryjna</PKD_opis>
		<Ogolem>10406</Ogolem>
		<przedsiebiorstwa_panstwowe>0</przedsiebiorstwa_panstwowe>
		<spolki_razem>1498</spolki_razem>
		<w_tym_spolki_handlowe>193</w_tym_spolki_handlowe>
		<w_tym_spolki_cywilne>1305</w_tym_spolki_cywilne>
		<spóldzielnie>1</spóldzielnie>
		<fundacje>1</fundacje>
		<stowarzyszenia_i_organizacje_spoleczne>0</stowarzyszenia_i_organizacje_spoleczne>
		<osoby_fizyczne_prowadzace_dzialalnosc_gospodarcza>8897</osoby_fizyczne_prowadzace_dzialalnosc_gospodarcza>
	</dane_tablica_T9>
	<dane_tablica_T9>
		<PKD_Sekcja>N</PKD_Sekcja>
		<PKD_Dzial>77</PKD_Dzial>
		<PKD_opis>Wynajem i dzierżawa</PKD_opis>
		<Ogolem>18704</Ogolem>
		<przedsiebiorstwa_panstwowe>0</przedsiebiorstwa_panstwowe>
		<spolki_razem>5861</spolki_razem>
		<w_tym_spolki_handlowe>4349</w_tym_spolki_handlowe>
		<w_tym_spolki_cywilne>1511</w_tym_spolki_cywilne>
		<spóldzielnie>31</spóldzielnie>
		<fundacje>1</fundacje>
		<stowarzyszenia_i_organizacje_spoleczne>2</stowarzyszenia_i_organizacje_spoleczne>
		<osoby_fizyczne_prowadzace_dzialalnosc_gospodarcza>12754</osoby_fizyczne_prowadzace_dzialalnosc_gospodarcza>
	</dane_tablica_T9>
	<dane_tablica_T9>
		<PKD_Sekcja>N</PKD_Sekcja>
		<PKD_Dzial>78</PKD_Dzial>
		<PKD_opis>Działalność związana z zatrudnieniem</PKD_opis>
		<Ogolem>9854</Ogolem>
		<przedsiebiorstwa_panstwowe>0</przedsiebiorstwa_panstwowe>
		<spolki_razem>6057</spolki_razem>
		<w_tym_spolki_handlowe>5605</w_tym_spolki_handlowe>
		<w_tym_spolki_cywilne>452</w_tym_spolki_cywilne>
		<spóldzielnie>18</spóldzielnie>
		<fundacje>3</fundacje>
		<stowarzyszenia_i_organizacje_spoleczne>1</stowarzyszenia_i_organizacje_spoleczne>
		<osoby_fizyczne_prowadzace_dzialalnosc_gospodarcza>3692</osoby_fizyczne_prowadzace_dzialalnosc_gospodarcza>
	</dane_tablica_T9>
	<dane_tablica_T9>
		<PKD_Sekcja>N</PKD_Sekcja>
		<PKD_Dzial>79</PKD_Dzial>
		<PKD_opis>Działalność organizatorów turystyki, pośredników i agentów turystycznych oraz pozostała działalność usługowa w zakresie rezerwacji i działalności z nią związane</PKD_opis>
		<Ogolem>13745</Ogolem>
		<przedsiebiorstwa_panstwowe>1</przedsiebiorstwa_panstwowe>
		<spolki_razem>4730</spolki_razem>
		<w_tym_spolki_handlowe>3236</w_tym_spolki_handlowe>
		<w_tym_spolki_cywilne>1494</w_tym_spolki_cywilne>
		<spóldzielnie>31</spóldzielnie>
		<fundacje>4</fundacje>
		<stowarzyszenia_i_organizacje_spoleczne>39</stowarzyszenia_i_organizacje_spoleczne>
		<osoby_fizyczne_prowadzace_dzialalnosc_gospodarcza>8892</osoby_fizyczne_prowadzace_dzialalnosc_gospodarcza>
	</dane_tablica_T9>
	<dane_tablica_T9>
		<PKD_Sekcja>N</PKD_Sekcja>
		<PKD_Dzial>80</PKD_Dzial>
		<PKD_opis>Działalność detektywistyczna i ochroniarska</PKD_opis>
		<Ogolem>7191</Ogolem>
		<przedsiebiorstwa_panstwowe>0</przedsiebiorstwa_panstwowe>
		<spolki_razem>3895</spolki_razem>
		<w_tym_spolki_handlowe>2745</w_tym_spolki_handlowe>
		<w_tym_spolki_cywilne>1150</w_tym_spolki_cywilne>
		<spóldzielnie>32</spóldzielnie>
		<fundacje>1</fundacje>
		<stowarzyszenia_i_organizacje_spoleczne>1</stowarzyszenia_i_organizacje_spoleczne>
		<osoby_fizyczne_prowadzace_dzialalnosc_gospodarcza>3259</osoby_fizyczne_prowadzace_dzialalnosc_gospodarcza>
	</dane_tablica_T9>
	<dane_tablica_T9>
		<PKD_Sekcja>N</PKD_Sekcja>
		<PKD_Dzial>81</PKD_Dzial>
		<PKD_opis>Działalność usługowa związana z utrzymaniem porządku w budynkach i zagospodarowaniem terenów zieleni</PKD_opis>
		<Ogolem>45750</Ogolem>
		<przedsiebiorstwa_panstwowe>0</przedsiebiorstwa_panstwowe>
		<spolki_razem>5274</spolki_razem>
		<w_tym_spolki_handlowe>2772</w_tym_spolki_handlowe>
		<w_tym_spolki_cywilne>2363</w_tym_spolki_cywilne>
		<spóldzielnie>279</spóldzielnie>
		<fundacje>0</fundacje>
		<stowarzyszenia_i_organizacje_spoleczne>0</stowarzyszenia_i_organizacje_spoleczne>
		<osoby_fizyczne_prowadzace_dzialalnosc_gospodarcza>40147</osoby_fizyczne_prowadzace_dzialalnosc_gospodarcza>
	</dane_tablica_T9>
	<dane_tablica_T9>
		<PKD_Sekcja>N</PKD_Sekcja>
		<PKD_Dzial>82</PKD_Dzial>
		<PKD_opis>Działalność związana z administracyjną obsługą biura i pozostała działalność wspomagająca prowadzenie działalności gospodarczej</PKD_opis>
		<Ogolem>36997</Ogolem>
		<przedsiebiorstwa_panstwowe>0</przedsiebiorstwa_panstwowe>
		<spolki_razem>8145</spolki_razem>
		<w_tym_spolki_handlowe>5714</w_tym_spolki_handlowe>
		<w_tym_spolki_cywilne>2431</w_tym_spolki_cywilne>
		<spóldzielnie>30</spóldzielnie>
		<fundacje>6</fundacje>
		<stowarzyszenia_i_organizacje_spoleczne>12</stowarzyszenia_i_organizacje_spoleczne>
		<osoby_fizyczne_prowadzace_dzialalnosc_gospodarcza>28736</osoby_fizyczne_prowadzace_dzialalnosc_gospodarcza>
	</dane_tablica_T9>
	<dane_tablica_T9>
		<PKD_Sekcja>O</PKD_Sekcja>
		<PKD_Dzial>84</PKD_Dzial>
		<PKD_opis>Administracja publiczna i obrona narodowa; obowiązkowe zabezpieczenia społeczne</PKD_opis>
		<Ogolem>27111</Ogolem>
		<przedsiebiorstwa_panstwowe>0</przedsiebiorstwa_panstwowe>
		<spolki_razem>86</spolki_razem>
		<w_tym_spolki_handlowe>73</w_tym_spolki_handlowe>
		<w_tym_spolki_cywilne>12</w_tym_spolki_cywilne>
		<spóldzielnie>3</spóldzielnie>
		<fundacje>4</fundacje>
		<stowarzyszenia_i_organizacje_spoleczne>16615</stowarzyszenia_i_organizacje_spoleczne>
		<osoby_fizyczne_prowadzace_dzialalnosc_gospodarcza>110</osoby_fizyczne_prowadzace_dzialalnosc_gospodarcza>
	</dane_tablica_T9>
	<dane_tablica_T9>
		<PKD_Sekcja>P</PKD_Sekcja>
		<PKD_Dzial>85</PKD_Dzial>
		<PKD_opis>Edukacja</PKD_opis>
		<Ogolem>146085</Ogolem>
		<przedsiebiorstwa_panstwowe>0</przedsiebiorstwa_panstwowe>
		<spolki_razem>10628</spolki_razem>
		<w_tym_spolki_handlowe>6231</w_tym_spolki_handlowe>
		<w_tym_spolki_cywilne>4397</w_tym_spolki_cywilne>
		<spóldzielnie>112</spóldzielnie>
		<fundacje>111</fundacje>
		<stowarzyszenia_i_organizacje_spoleczne>1442</stowarzyszenia_i_organizacje_spoleczne>
		<osoby_fizyczne_prowadzace_dzialalnosc_gospodarcza>72761</osoby_fizyczne_prowadzace_dzialalnosc_gospodarcza>
	</dane_tablica_T9>
	<dane_tablica_T9>
		<PKD_Sekcja>Q</PKD_Sekcja>
		<PKD_Dzial>86</PKD_Dzial>
		<PKD_opis>Opieka zdrowotna</PKD_opis>
		<Ogolem>225075</Ogolem>
		<przedsiebiorstwa_panstwowe>0</przedsiebiorstwa_panstwowe>
		<spolki_razem>17336</spolki_razem>
		<w_tym_spolki_handlowe>10113</w_tym_spolki_handlowe>
		<w_tym_spolki_cywilne>7223</w_tym_spolki_cywilne>
		<spóldzielnie>84</spóldzielnie>
		<fundacje>35</fundacje>
		<stowarzyszenia_i_organizacje_spoleczne>20</stowarzyszenia_i_organizacje_spoleczne>
		<osoby_fizyczne_prowadzace_dzialalnosc_gospodarcza>206136</osoby_fizyczne_prowadzace_dzialalnosc_gospodarcza>
	</dane_tablica_T9>
	<dane_tablica_T9>
		<PKD_Sekcja>Q</PKD_Sekcja>
		<PKD_Dzial>87</PKD_Dzial>
		<PKD_opis>Pomoc społeczna z zakwaterowaniem</PKD_opis>
		<Ogolem>3621</Ogolem>
		<przedsiebiorstwa_panstwowe>0</przedsiebiorstwa_panstwowe>
		<spolki_razem>631</spolki_razem>
		<w_tym_spolki_handlowe>523</w_tym_spolki_handlowe>
		<w_tym_spolki_cywilne>108</w_tym_spolki_cywilne>
		<spóldzielnie>12</spóldzielnie>
		<fundacje>17</fundacje>
		<stowarzyszenia_i_organizacje_spoleczne>17</stowarzyszenia_i_organizacje_spoleczne>
		<osoby_fizyczne_prowadzace_dzialalnosc_gospodarcza>959</osoby_fizyczne_prowadzace_dzialalnosc_gospodarcza>
	</dane_tablica_T9>
	<dane_tablica_T9>
		<PKD_Sekcja>Q</PKD_Sekcja>
		<PKD_Dzial>88</PKD_Dzial>
		<PKD_opis>Pomoc społeczna bez zakwaterowania</PKD_opis>
		<Ogolem>12217</Ogolem>
		<przedsiebiorstwa_panstwowe>0</przedsiebiorstwa_panstwowe>
		<spolki_razem>1119</spolki_razem>
		<w_tym_spolki_handlowe>656</w_tym_spolki_handlowe>
		<w_tym_spolki_cywilne>463</w_tym_spolki_cywilne>
		<spóldzielnie>121</spóldzielnie>
		<fundacje>55</fundacje>
		<stowarzyszenia_i_organizacje_spoleczne>59</stowarzyszenia_i_organizacje_spoleczne>
		<osoby_fizyczne_prowadzace_dzialalnosc_gospodarcza>6713</osoby_fizyczne_prowadzace_dzialalnosc_gospodarcza>
	</dane_tablica_T9>
	<dane_tablica_T9>
		<PKD_Sekcja>R</PKD_Sekcja>
		<PKD_Dzial>90</PKD_Dzial>
		<PKD_opis>Działalność twórcza związana z kulturą i rozrywką</PKD_opis>
		<Ogolem>20543</Ogolem>
		<przedsiebiorstwa_panstwowe>0</przedsiebiorstwa_panstwowe>
		<spolki_razem>2005</spolki_razem>
		<w_tym_spolki_handlowe>875</w_tym_spolki_handlowe>
		<w_tym_spolki_cywilne>1130</w_tym_spolki_cywilne>
		<spóldzielnie>28</spóldzielnie>
		<fundacje>55</fundacje>
		<stowarzyszenia_i_organizacje_spoleczne>92</stowarzyszenia_i_organizacje_spoleczne>
		<osoby_fizyczne_prowadzace_dzialalnosc_gospodarcza>15963</osoby_fizyczne_prowadzace_dzialalnosc_gospodarcza>
	</dane_tablica_T9>
	<dane_tablica_T9>
		<PKD_Sekcja>R</PKD_Sekcja>
		<PKD_Dzial>91</PKD_Dzial>
		<PKD_opis>Działalność bibliotek, archiwów, muzeów oraz pozostała działalność związana z kulturą</PKD_opis>
		<Ogolem>4811</Ogolem>
		<przedsiebiorstwa_panstwowe>0</przedsiebiorstwa_panstwowe>
		<spolki_razem>521</spolki_razem>
		<w_tym_spolki_handlowe>396</w_tym_spolki_handlowe>
		<w_tym_spolki_cywilne>125</w_tym_spolki_cywilne>
		<spóldzielnie>10</spóldzielnie>
		<fundacje>16</fundacje>
		<stowarzyszenia_i_organizacje_spoleczne>14</stowarzyszenia_i_organizacje_spoleczne>
		<osoby_fizyczne_prowadzace_dzialalnosc_gospodarcza>1500</osoby_fizyczne_prowadzace_dzialalnosc_gospodarcza>
	</dane_tablica_T9>
	<dane_tablica_T9>
		<PKD_Sekcja>R</PKD_Sekcja>
		<PKD_Dzial>92</PKD_Dzial>
		<PKD_opis>Działalność związana z grami losowymi i zakładami wzajemnymi</PKD_opis>
		<Ogolem>1164</Ogolem>
		<przedsiebiorstwa_panstwowe>0</przedsiebiorstwa_panstwowe>
		<spolki_razem>360</spolki_razem>
		<w_tym_spolki_handlowe>262</w_tym_spolki_handlowe>
		<w_tym_spolki_cywilne>98</w_tym_spolki_cywilne>
		<spóldzielnie>3</spóldzielnie>
		<fundacje>0</fundacje>
		<stowarzyszenia_i_organizacje_spoleczne>0</stowarzyszenia_i_organizacje_spoleczne>
		<osoby_fizyczne_prowadzace_dzialalnosc_gospodarcza>800</osoby_fizyczne_prowadzace_dzialalnosc_gospodarcza>
	</dane_tablica_T9>
	<dane_tablica_T9>
		<PKD_Sekcja>R</PKD_Sekcja>
		<PKD_Dzial>93</PKD_Dzial>
		<PKD_opis>Działalność sportowa, rozrywkowa i rekreacyjna</PKD_opis>
		<Ogolem>52400</Ogolem>
		<przedsiebiorstwa_panstwowe>0</przedsiebiorstwa_panstwowe>
		<spolki_razem>6392</spolki_razem>
		<w_tym_spolki_handlowe>3588</w_tym_spolki_handlowe>
		<w_tym_spolki_cywilne>2804</w_tym_spolki_cywilne>
		<spóldzielnie>49</spóldzielnie>
		<fundacje>185</fundacje>
		<stowarzyszenia_i_organizacje_spoleczne>29263</stowarzyszenia_i_organizacje_spoleczne>
		<osoby_fizyczne_prowadzace_dzialalnosc_gospodarcza>15995</osoby_fizyczne_prowadzace_dzialalnosc_gospodarcza>
	</dane_tablica_T9>
	<dane_tablica_T9>
		<PKD_Sekcja>S</PKD_Sekcja>
		<PKD_Dzial>94</PKD_Dzial>
		<PKD_opis>Działalność organizacji członkowskich</PKD_opis>
		<Ogolem>140678</Ogolem>
		<przedsiebiorstwa_panstwowe>0</przedsiebiorstwa_panstwowe>
		<spolki_razem>120</spolki_razem>
		<w_tym_spolki_handlowe>103</w_tym_spolki_handlowe>
		<w_tym_spolki_cywilne>7</w_tym_spolki_cywilne>
		<spóldzielnie>35</spóldzielnie>
		<fundacje>23179</fundacje>
		<stowarzyszenia_i_organizacje_spoleczne>65509</stowarzyszenia_i_organizacje_spoleczne>
		<osoby_fizyczne_prowadzace_dzialalnosc_gospodarcza>23</osoby_fizyczne_prowadzace_dzialalnosc_gospodarcza>
	</dane_tablica_T9>
	<dane_tablica_T9>
		<PKD_Sekcja>S</PKD_Sekcja>
		<PKD_Dzial>95</PKD_Dzial>
		<PKD_opis>Naprawa i konserwacja komputerów i artykułów użytku osobistego i domowego</PKD_opis>
		<Ogolem>31245</Ogolem>
		<przedsiebiorstwa_panstwowe>1</przedsiebiorstwa_panstwowe>
		<spolki_razem>2438</spolki_razem>
		<w_tym_spolki_handlowe>858</w_tym_spolki_handlowe>
		<w_tym_spolki_cywilne>1580</w_tym_spolki_cywilne>
		<spóldzielnie>12</spóldzielnie>
		<fundacje>0</fundacje>
		<stowarzyszenia_i_organizacje_spoleczne>0</stowarzyszenia_i_organizacje_spoleczne>
		<osoby_fizyczne_prowadzace_dzialalnosc_gospodarcza>28789</osoby_fizyczne_prowadzace_dzialalnosc_gospodarcza>
	</dane_tablica_T9>
	<dane_tablica_T9>
		<PKD_Sekcja>S</PKD_Sekcja>
		<PKD_Dzial>96</PKD_Dzial>
		<PKD_opis>Pozostała indywidualna działalność usługowa</PKD_opis>
		<Ogolem>113397</Ogolem>
		<przedsiebiorstwa_panstwowe>0</przedsiebiorstwa_panstwowe>
		<spolki_razem>8647</spolki_razem>
		<w_tym_spolki_handlowe>3840</w_tym_spolki_handlowe>
		<w_tym_spolki_cywilne>4807</w_tym_spolki_cywilne>
		<spóldzielnie>77</spóldzielnie>
		<fundacje>5</fundacje>
		<stowarzyszenia_i_organizacje_spoleczne>10</stowarzyszenia_i_organizacje_spoleczne>
		<osoby_fizyczne_prowadzace_dzialalnosc_gospodarcza>104609</osoby_fizyczne_prowadzace_dzialalnosc_gospodarcza>
	</dane_tablica_T9>
	<dane_tablica_T9>
		<PKD_Sekcja>T</PKD_Sekcja>
		<PKD_Dzial>97</PKD_Dzial>
		<PKD_opis>Gospodarstwa domowe zatrudniające pracowników</PKD_opis>
		<Ogolem>0</Ogolem>
		<przedsiebiorstwa_panstwowe>0</przedsiebiorstwa_panstwowe>
		<spolki_razem>0</spolki_razem>
		<w_tym_spolki_handlowe>0</w_tym_spolki_handlowe>
		<w_tym_spolki_cywilne>0</w_tym_spolki_cywilne>
		<spóldzielnie>0</spóldzielnie>
		<fundacje>0</fundacje>
		<stowarzyszenia_i_organizacje_spoleczne>0</stowarzyszenia_i_organizacje_spoleczne>
		<osoby_fizyczne_prowadzace_dzialalnosc_gospodarcza>0</osoby_fizyczne_prowadzace_dzialalnosc_gospodarcza>
	</dane_tablica_T9>
	<dane_tablica_T9>
		<PKD_Sekcja>T</PKD_Sekcja>
		<PKD_Dzial>98</PKD_Dzial>
		<PKD_opis>Gospodarstwa domowe produkujące wyroby i świadczące usługi na własne potrzeby</PKD_opis>
		<Ogolem>0</Ogolem>
		<przedsiebiorstwa_panstwowe>0</przedsiebiorstwa_panstwowe>
		<spolki_razem>0</spolki_razem>
		<w_tym_spolki_handlowe>0</w_tym_spolki_handlowe>
		<w_tym_spolki_cywilne>0</w_tym_spolki_cywilne>
		<spóldzielnie>0</spóldzielnie>
		<fundacje>0</fundacje>
		<stowarzyszenia_i_organizacje_spoleczne>0</stowarzyszenia_i_organizacje_spoleczne>
		<osoby_fizyczne_prowadzace_dzialalnosc_gospodarcza>0</osoby_fizyczne_prowadzace_dzialalnosc_gospodarcza>
	</dane_tablica_T9>
	<dane_tablica_T9>
		<PKD_Sekcja>U</PKD_Sekcja>
		<PKD_Dzial>99</PKD_Dzial>
		<PKD_opis>Organizacje i zespoły eksterytorialne</PKD_opis>
		<Ogolem>231</Ogolem>
		<przedsiebiorstwa_panstwowe>0</przedsiebiorstwa_panstwowe>
		<spolki_razem>2</spolki_razem>
		<w_tym_spolki_handlowe>1</w_tym_spolki_handlowe>
		<w_tym_spolki_cywilne>1</w_tym_spolki_cywilne>
		<spóldzielnie>0</spóldzielnie>
		<fundacje>0</fundacje>
		<stowarzyszenia_i_organizacje_spoleczne>1</stowarzyszenia_i_organizacje_spoleczne>
		<osoby_fizyczne_prowadzace_dzialalnosc_gospodarcza>0</osoby_fizyczne_prowadzace_dzialalnosc_gospodarcza>
	</dane_tablica_T9>
</TABLICA_T9>