<!-- 
GRUDZIEŃ 2017
Tablica 9: Podmioty gospodarki narodowej (bez osób fizycznych prowadzących wyłącznie indywidualne gospodarstwa rolne) według sekcji i działów Polskiej Klasyfikacji Działalności (PKD)												
-->

<TABLICA_T9 xmlns:xsi="http://www.w3.org/2001/XMLSchema-instance">
	<dane_tablica_T9>
		<PKD_Sekcja>A</PKD_Sekcja>
		<PKD_Dzial>1</PKD_Dzial>
		<PKD_opis>Uprawy rolne, chów i hodowla zwierząt, łowiectwo, włączając działalność usługową</PKD_opis>
		<Ogolem>53363</Ogolem>
		<przedsiebiorstwa_panstwowe>3</przedsiebiorstwa_panstwowe>
		<spolki_razem>9392</spolki_razem>
		<w_tym_spolki_handlowe>7222</w_tym_spolki_handlowe>
		<w_tym_spolki_cywilne>1201</w_tym_spolki_cywilne>
		<spóldzielnie>2549</spóldzielnie>
		<fundacje>2</fundacje>
		<stowarzyszenia_i_organizacje_spoleczne>2514</stowarzyszenia_i_organizacje_spoleczne>
		<osoby_fizyczne_prowadzace_dzialalnosc_gospodarcza>38162</osoby_fizyczne_prowadzace_dzialalnosc_gospodarcza>
	</dane_tablica_T9>
	<dane_tablica_T9>
		<PKD_Sekcja>A</PKD_Sekcja>
		<PKD_Dzial>2</PKD_Dzial>
		<PKD_opis>Lesnictwo i pozyskiwanie drewna</PKD_opis>
		<Ogolem>18586</Ogolem>
		<przedsiebiorstwa_panstwowe>1</przedsiebiorstwa_panstwowe>
		<spolki_razem>2033</spolki_razem>
		<w_tym_spolki_handlowe>551</w_tym_spolki_handlowe>
		<w_tym_spolki_cywilne>1377</w_tym_spolki_cywilne>
		<spóldzielnie>18</spóldzielnie>
		<fundacje>0</fundacje>
		<stowarzyszenia_i_organizacje_spoleczne>2</stowarzyszenia_i_organizacje_spoleczne>
		<osoby_fizyczne_prowadzace_dzialalnosc_gospodarcza>16085</osoby_fizyczne_prowadzace_dzialalnosc_gospodarcza>
	</dane_tablica_T9>
	<dane_tablica_T9>
		<PKD_Sekcja>A</PKD_Sekcja>
		<PKD_Dzial>3</PKD_Dzial>
		<PKD_opis>Rybactwo</PKD_opis>
		<Ogolem>2084</Ogolem>
		<przedsiebiorstwa_panstwowe>0</przedsiebiorstwa_panstwowe>
		<spolki_razem>615</spolki_razem>
		<w_tym_spolki_handlowe>289</w_tym_spolki_handlowe>
		<w_tym_spolki_cywilne>326</w_tym_spolki_cywilne>
		<spóldzielnie>10</spóldzielnie>
		<fundacje>0</fundacje>
		<stowarzyszenia_i_organizacje_spoleczne>4</stowarzyszenia_i_organizacje_spoleczne>
		<osoby_fizyczne_prowadzace_dzialalnosc_gospodarcza>1451</osoby_fizyczne_prowadzace_dzialalnosc_gospodarcza>
	</dane_tablica_T9>
	<dane_tablica_T9>
		<PKD_Sekcja>B</PKD_Sekcja>
		<PKD_Dzial>5</PKD_Dzial>
		<PKD_opis>Wydobywanie węgla kamiennego i węgla brunatnego (lignitu)</PKD_opis>
		<Ogolem>116</Ogolem>
		<przedsiebiorstwa_panstwowe>0</przedsiebiorstwa_panstwowe>
		<spolki_razem>99</spolki_razem>
		<w_tym_spolki_handlowe>97</w_tym_spolki_handlowe>
		<w_tym_spolki_cywilne>2</w_tym_spolki_cywilne>
		<spóldzielnie>2</spóldzielnie>
		<fundacje>0</fundacje>
		<stowarzyszenia_i_organizacje_spoleczne>0</stowarzyszenia_i_organizacje_spoleczne>
		<osoby_fizyczne_prowadzace_dzialalnosc_gospodarcza>13</osoby_fizyczne_prowadzace_dzialalnosc_gospodarcza>
	</dane_tablica_T9>
	<dane_tablica_T9>
		<PKD_Sekcja>B</PKD_Sekcja>
		<PKD_Dzial>6</PKD_Dzial>
		<PKD_opis>Górnictwo ropy naftowej i gazu ziemnego</PKD_opis>
		<Ogolem>127</Ogolem>
		<przedsiebiorstwa_panstwowe>0</przedsiebiorstwa_panstwowe>
		<spolki_razem>110</spolki_razem>
		<w_tym_spolki_handlowe>109</w_tym_spolki_handlowe>
		<w_tym_spolki_cywilne>1</w_tym_spolki_cywilne>
		<spóldzielnie>0</spóldzielnie>
		<fundacje>0</fundacje>
		<stowarzyszenia_i_organizacje_spoleczne>0</stowarzyszenia_i_organizacje_spoleczne>
		<osoby_fizyczne_prowadzace_dzialalnosc_gospodarcza>7</osoby_fizyczne_prowadzace_dzialalnosc_gospodarcza>
	</dane_tablica_T9>
	<dane_tablica_T9>
		<PKD_Sekcja>B</PKD_Sekcja>
		<PKD_Dzial>7</PKD_Dzial>
		<PKD_opis>Górnictwo rud metali</PKD_opis>
		<Ogolem>38</Ogolem>
		<przedsiebiorstwa_panstwowe>1</przedsiebiorstwa_panstwowe>
		<spolki_razem>29</spolki_razem>
		<w_tym_spolki_handlowe>29</w_tym_spolki_handlowe>
		<w_tym_spolki_cywilne>0</w_tym_spolki_cywilne>
		<spóldzielnie>0</spóldzielnie>
		<fundacje>0</fundacje>
		<stowarzyszenia_i_organizacje_spoleczne>1</stowarzyszenia_i_organizacje_spoleczne>
		<osoby_fizyczne_prowadzace_dzialalnosc_gospodarcza>7</osoby_fizyczne_prowadzace_dzialalnosc_gospodarcza>
	</dane_tablica_T9>
	<dane_tablica_T9>
		<PKD_Sekcja>B</PKD_Sekcja>
		<PKD_Dzial>8</PKD_Dzial>
		<PKD_opis>Pozostałe górnictwo i wydobywanie</PKD_opis>
		<Ogolem>3697</Ogolem>
		<przedsiebiorstwa_panstwowe>1</przedsiebiorstwa_panstwowe>
		<spolki_razem>1895</spolki_razem>
		<w_tym_spolki_handlowe>1527</w_tym_spolki_handlowe>
		<w_tym_spolki_cywilne>368</w_tym_spolki_cywilne>
		<spóldzielnie>8</spóldzielnie>
		<fundacje>0</fundacje>
		<stowarzyszenia_i_organizacje_spoleczne>0</stowarzyszenia_i_organizacje_spoleczne>
		<osoby_fizyczne_prowadzace_dzialalnosc_gospodarcza>1792</osoby_fizyczne_prowadzace_dzialalnosc_gospodarcza>
	</dane_tablica_T9>
	<dane_tablica_T9>
		<PKD_Sekcja>B</PKD_Sekcja>
		<PKD_Dzial>9</PKD_Dzial>
		<PKD_opis>Działalność usługowa wspomagająca górnictwo i wydobywanie</PKD_opis>
		<Ogolem>836</Ogolem>
		<przedsiebiorstwa_panstwowe>0</przedsiebiorstwa_panstwowe>
		<spolki_razem>401</spolki_razem>
		<w_tym_spolki_handlowe>384</w_tym_spolki_handlowe>
		<w_tym_spolki_cywilne>17</w_tym_spolki_cywilne>
		<spóldzielnie>0</spóldzielnie>
		<fundacje>0</fundacje>
		<stowarzyszenia_i_organizacje_spoleczne>0</stowarzyszenia_i_organizacje_spoleczne>
		<osoby_fizyczne_prowadzace_dzialalnosc_gospodarcza>428</osoby_fizyczne_prowadzace_dzialalnosc_gospodarcza>
	</dane_tablica_T9>
	<dane_tablica_T9>
		<PKD_Sekcja>C</PKD_Sekcja>
		<PKD_Dzial>10</PKD_Dzial>
		<PKD_opis>Produkcja artykułów spożywczych</PKD_opis>
		<Ogolem>34011</Ogolem>
		<przedsiebiorstwa_panstwowe>3</przedsiebiorstwa_panstwowe>
		<spolki_razem>14020</spolki_razem>
		<w_tym_spolki_handlowe>8593</w_tym_spolki_handlowe>
		<w_tym_spolki_cywilne>5426</w_tym_spolki_cywilne>
		<spóldzielnie>426</spóldzielnie>
		<fundacje>1</fundacje>
		<stowarzyszenia_i_organizacje_spoleczne>2</stowarzyszenia_i_organizacje_spoleczne>
		<osoby_fizyczne_prowadzace_dzialalnosc_gospodarcza>19507</osoby_fizyczne_prowadzace_dzialalnosc_gospodarcza>
	</dane_tablica_T9>
	<dane_tablica_T9>
		<PKD_Sekcja>C</PKD_Sekcja>
		<PKD_Dzial>11</PKD_Dzial>
		<PKD_opis>Produkcja napojów</PKD_opis>
		<Ogolem>1956</Ogolem>
		<przedsiebiorstwa_panstwowe>2</przedsiebiorstwa_panstwowe>
		<spolki_razem>1446</spolki_razem>
		<w_tym_spolki_handlowe>1170</w_tym_spolki_handlowe>
		<w_tym_spolki_cywilne>276</w_tym_spolki_cywilne>
		<spóldzielnie>16</spóldzielnie>
		<fundacje>0</fundacje>
		<stowarzyszenia_i_organizacje_spoleczne>0</stowarzyszenia_i_organizacje_spoleczne>
		<osoby_fizyczne_prowadzace_dzialalnosc_gospodarcza>488</osoby_fizyczne_prowadzace_dzialalnosc_gospodarcza>
	</dane_tablica_T9>
	<dane_tablica_T9>
		<PKD_Sekcja>C</PKD_Sekcja>
		<PKD_Dzial>12</PKD_Dzial>
		<PKD_opis>Produkcja wyrobów tytoniowych</PKD_opis>
		<Ogolem>85</Ogolem>
		<przedsiebiorstwa_panstwowe>0</przedsiebiorstwa_panstwowe>
		<spolki_razem>77</spolki_razem>
		<w_tym_spolki_handlowe>75</w_tym_spolki_handlowe>
		<w_tym_spolki_cywilne>2</w_tym_spolki_cywilne>
		<spóldzielnie>0</spóldzielnie>
		<fundacje>0</fundacje>
		<stowarzyszenia_i_organizacje_spoleczne>0</stowarzyszenia_i_organizacje_spoleczne>
		<osoby_fizyczne_prowadzace_dzialalnosc_gospodarcza>7</osoby_fizyczne_prowadzace_dzialalnosc_gospodarcza>
	</dane_tablica_T9>
	<dane_tablica_T9>
		<PKD_Sekcja>C</PKD_Sekcja>
		<PKD_Dzial>13</PKD_Dzial>
		<PKD_opis>Produkcja wyrobów tekstylnych</PKD_opis>
		<Ogolem>10460</Ogolem>
		<przedsiebiorstwa_panstwowe>1</przedsiebiorstwa_panstwowe>
		<spolki_razem>2196</spolki_razem>
		<w_tym_spolki_handlowe>1524</w_tym_spolki_handlowe>
		<w_tym_spolki_cywilne>672</w_tym_spolki_cywilne>
		<spóldzielnie>68</spóldzielnie>
		<fundacje>1</fundacje>
		<stowarzyszenia_i_organizacje_spoleczne>0</stowarzyszenia_i_organizacje_spoleczne>
		<osoby_fizyczne_prowadzace_dzialalnosc_gospodarcza>8179</osoby_fizyczne_prowadzace_dzialalnosc_gospodarcza>
	</dane_tablica_T9>
	<dane_tablica_T9>
		<PKD_Sekcja>C</PKD_Sekcja>
		<PKD_Dzial>14</PKD_Dzial>
		<PKD_opis>Produkcja odzieży</PKD_opis>
		<Ogolem>29754</Ogolem>
		<przedsiebiorstwa_panstwowe>4</przedsiebiorstwa_panstwowe>
		<spolki_razem>5962</spolki_razem>
		<w_tym_spolki_handlowe>3178</w_tym_spolki_handlowe>
		<w_tym_spolki_cywilne>2784</w_tym_spolki_cywilne>
		<spóldzielnie>230</spóldzielnie>
		<fundacje>0</fundacje>
		<stowarzyszenia_i_organizacje_spoleczne>0</stowarzyszenia_i_organizacje_spoleczne>
		<osoby_fizyczne_prowadzace_dzialalnosc_gospodarcza>23446</osoby_fizyczne_prowadzace_dzialalnosc_gospodarcza>
	</dane_tablica_T9>
	<dane_tablica_T9>
		<PKD_Sekcja>C</PKD_Sekcja>
		<PKD_Dzial>15</PKD_Dzial>
		<PKD_opis>Produkcja skór i wyrobów ze skór wyprawionych</PKD_opis>
		<Ogolem>6441</Ogolem>
		<przedsiebiorstwa_panstwowe>4</przedsiebiorstwa_panstwowe>
		<spolki_razem>1251</spolki_razem>
		<w_tym_spolki_handlowe>607</w_tym_spolki_handlowe>
		<w_tym_spolki_cywilne>644</w_tym_spolki_cywilne>
		<spóldzielnie>49</spóldzielnie>
		<fundacje>0</fundacje>
		<stowarzyszenia_i_organizacje_spoleczne>0</stowarzyszenia_i_organizacje_spoleczne>
		<osoby_fizyczne_prowadzace_dzialalnosc_gospodarcza>5115</osoby_fizyczne_prowadzace_dzialalnosc_gospodarcza>
	</dane_tablica_T9>
	<dane_tablica_T9>
		<PKD_Sekcja>C</PKD_Sekcja>
		<PKD_Dzial>16</PKD_Dzial>
		<PKD_opis>Produkcja wyrobów z drewna oraz korka, z wyłączeniem mebli; produkcja wyrobów ze słomy i materiałów używanych do wyplatania</PKD_opis>
		<Ogolem>35751</Ogolem>
		<przedsiebiorstwa_panstwowe>2</przedsiebiorstwa_panstwowe>
		<spolki_razem>7775</spolki_razem>
		<w_tym_spolki_handlowe>4812</w_tym_spolki_handlowe>
		<w_tym_spolki_cywilne>2962</w_tym_spolki_cywilne>
		<spóldzielnie>80</spóldzielnie>
		<fundacje>0</fundacje>
		<stowarzyszenia_i_organizacje_spoleczne>0</stowarzyszenia_i_organizacje_spoleczne>
		<osoby_fizyczne_prowadzace_dzialalnosc_gospodarcza>27860</osoby_fizyczne_prowadzace_dzialalnosc_gospodarcza>
	</dane_tablica_T9>
	<dane_tablica_T9>
		<PKD_Sekcja>C</PKD_Sekcja>
		<PKD_Dzial>17</PKD_Dzial>
		<PKD_opis>Produkcja papieru i wyrobów z papieru</PKD_opis>
		<Ogolem>5521</Ogolem>
		<przedsiebiorstwa_panstwowe>1</przedsiebiorstwa_panstwowe>
		<spolki_razem>1968</spolki_razem>
		<w_tym_spolki_handlowe>1436</w_tym_spolki_handlowe>
		<w_tym_spolki_cywilne>532</w_tym_spolki_cywilne>
		<spóldzielnie>19</spóldzielnie>
		<fundacje>1</fundacje>
		<stowarzyszenia_i_organizacje_spoleczne>0</stowarzyszenia_i_organizacje_spoleczne>
		<osoby_fizyczne_prowadzace_dzialalnosc_gospodarcza>3526</osoby_fizyczne_prowadzace_dzialalnosc_gospodarcza>
	</dane_tablica_T9>
	<dane_tablica_T9>
		<PKD_Sekcja>C</PKD_Sekcja>
		<PKD_Dzial>18</PKD_Dzial>
		<PKD_opis>Poligrafia i reprodukcja zapisanych nośników informacji</PKD_opis>
		<Ogolem>18571</Ogolem>
		<przedsiebiorstwa_panstwowe>1</przedsiebiorstwa_panstwowe>
		<spolki_razem>5404</spolki_razem>
		<w_tym_spolki_handlowe>2858</w_tym_spolki_handlowe>
		<w_tym_spolki_cywilne>2546</w_tym_spolki_cywilne>
		<spóldzielnie>46</spóldzielnie>
		<fundacje>1</fundacje>
		<stowarzyszenia_i_organizacje_spoleczne>1</stowarzyszenia_i_organizacje_spoleczne>
		<osoby_fizyczne_prowadzace_dzialalnosc_gospodarcza>13098</osoby_fizyczne_prowadzace_dzialalnosc_gospodarcza>
	</dane_tablica_T9>
	<dane_tablica_T9>
		<PKD_Sekcja>C</PKD_Sekcja>
		<PKD_Dzial>19</PKD_Dzial>
		<PKD_opis>Wytwarzanie i przetwarzanie koksu i produktów rafinacji ropy naftowej</PKD_opis>
		<Ogolem>418</Ogolem>
		<przedsiebiorstwa_panstwowe>0</przedsiebiorstwa_panstwowe>
		<spolki_razem>340</spolki_razem>
		<w_tym_spolki_handlowe>323</w_tym_spolki_handlowe>
		<w_tym_spolki_cywilne>17</w_tym_spolki_cywilne>
		<spóldzielnie>1</spóldzielnie>
		<fundacje>0</fundacje>
		<stowarzyszenia_i_organizacje_spoleczne>0</stowarzyszenia_i_organizacje_spoleczne>
		<osoby_fizyczne_prowadzace_dzialalnosc_gospodarcza>74</osoby_fizyczne_prowadzace_dzialalnosc_gospodarcza>
	</dane_tablica_T9>
	<dane_tablica_T9>
		<PKD_Sekcja>C</PKD_Sekcja>
		<PKD_Dzial>20</PKD_Dzial>
		<PKD_opis>Produkcja chemikaliów i wyrobów chemicznych</PKD_opis>
		<Ogolem>5810</Ogolem>
		<przedsiebiorstwa_panstwowe>1</przedsiebiorstwa_panstwowe>
		<spolki_razem>3632</spolki_razem>
		<w_tym_spolki_handlowe>2971</w_tym_spolki_handlowe>
		<w_tym_spolki_cywilne>660</w_tym_spolki_cywilne>
		<spóldzielnie>25</spóldzielnie>
		<fundacje>0</fundacje>
		<stowarzyszenia_i_organizacje_spoleczne>0</stowarzyszenia_i_organizacje_spoleczne>
		<osoby_fizyczne_prowadzace_dzialalnosc_gospodarcza>2104</osoby_fizyczne_prowadzace_dzialalnosc_gospodarcza>
	</dane_tablica_T9>
	<dane_tablica_T9>
		<PKD_Sekcja>C</PKD_Sekcja>
		<PKD_Dzial>21</PKD_Dzial>
		<PKD_opis>Produkcja podstawowych substancji farmaceutycznych oraz leków i pozostałych wyrobów farmaceutycznych</PKD_opis>
		<Ogolem>806</Ogolem>
		<przedsiebiorstwa_panstwowe>0</przedsiebiorstwa_panstwowe>
		<spolki_razem>608</spolki_razem>
		<w_tym_spolki_handlowe>576</w_tym_spolki_handlowe>
		<w_tym_spolki_cywilne>32</w_tym_spolki_cywilne>
		<spóldzielnie>9</spóldzielnie>
		<fundacje>0</fundacje>
		<stowarzyszenia_i_organizacje_spoleczne>0</stowarzyszenia_i_organizacje_spoleczne>
		<osoby_fizyczne_prowadzace_dzialalnosc_gospodarcza>185</osoby_fizyczne_prowadzace_dzialalnosc_gospodarcza>
	</dane_tablica_T9>
	<dane_tablica_T9>
		<PKD_Sekcja>C</PKD_Sekcja>
		<PKD_Dzial>22</PKD_Dzial>
		<PKD_opis>Produkcja wyrobów z gumy i tworzyw sztucznych</PKD_opis>
		<Ogolem>16101</Ogolem>
		<przedsiebiorstwa_panstwowe>2</przedsiebiorstwa_panstwowe>
		<spolki_razem>6682</spolki_razem>
		<w_tym_spolki_handlowe>4625</w_tym_spolki_handlowe>
		<w_tym_spolki_cywilne>2057</w_tym_spolki_cywilne>
		<spóldzielnie>56</spóldzielnie>
		<fundacje>0</fundacje>
		<stowarzyszenia_i_organizacje_spoleczne>0</stowarzyszenia_i_organizacje_spoleczne>
		<osoby_fizyczne_prowadzace_dzialalnosc_gospodarcza>9326</osoby_fizyczne_prowadzace_dzialalnosc_gospodarcza>
	</dane_tablica_T9>
	<dane_tablica_T9>
		<PKD_Sekcja>C</PKD_Sekcja>
		<PKD_Dzial>23</PKD_Dzial>
		<PKD_opis>Produkcja wyrobów z pozostałych mineralnych surowców niemetalicznych</PKD_opis>
		<Ogolem>20540</Ogolem>
		<przedsiebiorstwa_panstwowe>8</przedsiebiorstwa_panstwowe>
		<spolki_razem>6281</spolki_razem>
		<w_tym_spolki_handlowe>4009</w_tym_spolki_handlowe>
		<w_tym_spolki_cywilne>2272</w_tym_spolki_cywilne>
		<spóldzielnie>75</spóldzielnie>
		<fundacje>0</fundacje>
		<stowarzyszenia_i_organizacje_spoleczne>0</stowarzyszenia_i_organizacje_spoleczne>
		<osoby_fizyczne_prowadzace_dzialalnosc_gospodarcza>14160</osoby_fizyczne_prowadzace_dzialalnosc_gospodarcza>
	</dane_tablica_T9>
	<dane_tablica_T9>
		<PKD_Sekcja>C</PKD_Sekcja>
		<PKD_Dzial>24</PKD_Dzial>
		<PKD_opis>Produkcja metali</PKD_opis>
		<Ogolem>2347</Ogolem>
		<przedsiebiorstwa_panstwowe>0</przedsiebiorstwa_panstwowe>
		<spolki_razem>1176</spolki_razem>
		<w_tym_spolki_handlowe>994</w_tym_spolki_handlowe>
		<w_tym_spolki_cywilne>182</w_tym_spolki_cywilne>
		<spóldzielnie>9</spóldzielnie>
		<fundacje>0</fundacje>
		<stowarzyszenia_i_organizacje_spoleczne>0</stowarzyszenia_i_organizacje_spoleczne>
		<osoby_fizyczne_prowadzace_dzialalnosc_gospodarcza>1155</osoby_fizyczne_prowadzace_dzialalnosc_gospodarcza>
	</dane_tablica_T9>
	<dane_tablica_T9>
		<PKD_Sekcja>C</PKD_Sekcja>
		<PKD_Dzial>25</PKD_Dzial>
		<PKD_opis>Produkcja metalowych wyrobów gotowych, z wyłączeniem maszyn i urządzeń</PKD_opis>
		<Ogolem>64901</Ogolem>
		<przedsiebiorstwa_panstwowe>2</przedsiebiorstwa_panstwowe>
		<spolki_razem>13286</spolki_razem>
		<w_tym_spolki_handlowe>9103</w_tym_spolki_handlowe>
		<w_tym_spolki_cywilne>4183</w_tym_spolki_cywilne>
		<spóldzielnie>154</spóldzielnie>
		<fundacje>0</fundacje>
		<stowarzyszenia_i_organizacje_spoleczne>1</stowarzyszenia_i_organizacje_spoleczne>
		<osoby_fizyczne_prowadzace_dzialalnosc_gospodarcza>51408</osoby_fizyczne_prowadzace_dzialalnosc_gospodarcza>
	</dane_tablica_T9>
	<dane_tablica_T9>
		<PKD_Sekcja>C</PKD_Sekcja>
		<PKD_Dzial>26</PKD_Dzial>
		<PKD_opis>Produkcja komputerów, wyrobów elektronicznych i optycznych</PKD_opis>
		<Ogolem>6942</Ogolem>
		<przedsiebiorstwa_panstwowe>5</przedsiebiorstwa_panstwowe>
		<spolki_razem>2973</spolki_razem>
		<w_tym_spolki_handlowe>2302</w_tym_spolki_handlowe>
		<w_tym_spolki_cywilne>671</w_tym_spolki_cywilne>
		<spóldzielnie>18</spóldzielnie>
		<fundacje>0</fundacje>
		<stowarzyszenia_i_organizacje_spoleczne>1</stowarzyszenia_i_organizacje_spoleczne>
		<osoby_fizyczne_prowadzace_dzialalnosc_gospodarcza>3913</osoby_fizyczne_prowadzace_dzialalnosc_gospodarcza>
	</dane_tablica_T9>
	<dane_tablica_T9>
		<PKD_Sekcja>C</PKD_Sekcja>
		<PKD_Dzial>27</PKD_Dzial>
		<PKD_opis>Produkcja urządzeń elektrycznych</PKD_opis>
		<Ogolem>4412</Ogolem>
		<przedsiebiorstwa_panstwowe>1</przedsiebiorstwa_panstwowe>
		<spolki_razem>2091</spolki_razem>
		<w_tym_spolki_handlowe>1646</w_tym_spolki_handlowe>
		<w_tym_spolki_cywilne>445</w_tym_spolki_cywilne>
		<spóldzielnie>38</spóldzielnie>
		<fundacje>0</fundacje>
		<stowarzyszenia_i_organizacje_spoleczne>0</stowarzyszenia_i_organizacje_spoleczne>
		<osoby_fizyczne_prowadzace_dzialalnosc_gospodarcza>2260</osoby_fizyczne_prowadzace_dzialalnosc_gospodarcza>
	</dane_tablica_T9>
	<dane_tablica_T9>
		<PKD_Sekcja>C</PKD_Sekcja>
		<PKD_Dzial>28</PKD_Dzial>
		<PKD_opis>Produkcja maszyn i urządzeń, gdzie indziej niesklasyfikowana</PKD_opis>
		<Ogolem>9744</Ogolem>
		<przedsiebiorstwa_panstwowe>9</przedsiebiorstwa_panstwowe>
		<spolki_razem>4557</spolki_razem>
		<w_tym_spolki_handlowe>3654</w_tym_spolki_handlowe>
		<w_tym_spolki_cywilne>903</w_tym_spolki_cywilne>
		<spóldzielnie>34</spóldzielnie>
		<fundacje>0</fundacje>
		<stowarzyszenia_i_organizacje_spoleczne>1</stowarzyszenia_i_organizacje_spoleczne>
		<osoby_fizyczne_prowadzace_dzialalnosc_gospodarcza>5091</osoby_fizyczne_prowadzace_dzialalnosc_gospodarcza>
	</dane_tablica_T9>
	<dane_tablica_T9>
		<PKD_Sekcja>C</PKD_Sekcja>
		<PKD_Dzial>29</PKD_Dzial>
		<PKD_opis>Produkcja pojazdów samochodowych, przyczep i naczep, z wyłączeniem motocykli</PKD_opis>
		<Ogolem>2770</Ogolem>
		<przedsiebiorstwa_panstwowe>0</przedsiebiorstwa_panstwowe>
		<spolki_razem>1433</spolki_razem>
		<w_tym_spolki_handlowe>1139</w_tym_spolki_handlowe>
		<w_tym_spolki_cywilne>294</w_tym_spolki_cywilne>
		<spóldzielnie>25</spóldzielnie>
		<fundacje>0</fundacje>
		<stowarzyszenia_i_organizacje_spoleczne>0</stowarzyszenia_i_organizacje_spoleczne>
		<osoby_fizyczne_prowadzace_dzialalnosc_gospodarcza>1300</osoby_fizyczne_prowadzace_dzialalnosc_gospodarcza>
	</dane_tablica_T9>
	<dane_tablica_T9>
		<PKD_Sekcja>C</PKD_Sekcja>
		<PKD_Dzial>30</PKD_Dzial>
		<PKD_opis>Produkcja pozostałego sprzętu transportowego</PKD_opis>
		<Ogolem>3729</Ogolem>
		<przedsiebiorstwa_panstwowe>0</przedsiebiorstwa_panstwowe>
		<spolki_razem>1446</spolki_razem>
		<w_tym_spolki_handlowe>1181</w_tym_spolki_handlowe>
		<w_tym_spolki_cywilne>265</w_tym_spolki_cywilne>
		<spóldzielnie>13</spóldzielnie>
		<fundacje>0</fundacje>
		<stowarzyszenia_i_organizacje_spoleczne>0</stowarzyszenia_i_organizacje_spoleczne>
		<osoby_fizyczne_prowadzace_dzialalnosc_gospodarcza>2262</osoby_fizyczne_prowadzace_dzialalnosc_gospodarcza>
	</dane_tablica_T9>
	<dane_tablica_T9>
		<PKD_Sekcja>C</PKD_Sekcja>
		<PKD_Dzial>31</PKD_Dzial>
		<PKD_opis>Produkcja mebli</PKD_opis>
		<Ogolem>29784</Ogolem>
		<przedsiebiorstwa_panstwowe>1</przedsiebiorstwa_panstwowe>
		<spolki_razem>5174</spolki_razem>
		<w_tym_spolki_handlowe>2905</w_tym_spolki_handlowe>
		<w_tym_spolki_cywilne>2269</w_tym_spolki_cywilne>
		<spóldzielnie>102</spóldzielnie>
		<fundacje>0</fundacje>
		<stowarzyszenia_i_organizacje_spoleczne>0</stowarzyszenia_i_organizacje_spoleczne>
		<osoby_fizyczne_prowadzace_dzialalnosc_gospodarcza>24500</osoby_fizyczne_prowadzace_dzialalnosc_gospodarcza>
	</dane_tablica_T9>
	<dane_tablica_T9>
		<PKD_Sekcja>C</PKD_Sekcja>
		<PKD_Dzial>32</PKD_Dzial>
		<PKD_opis>Pozostała produkcja wyrobów</PKD_opis>
		<Ogolem>24194</Ogolem>
		<przedsiebiorstwa_panstwowe>2</przedsiebiorstwa_panstwowe>
		<spolki_razem>4507</spolki_razem>
		<w_tym_spolki_handlowe>2516</w_tym_spolki_handlowe>
		<w_tym_spolki_cywilne>1991</w_tym_spolki_cywilne>
		<spóldzielnie>75</spóldzielnie>
		<fundacje>0</fundacje>
		<stowarzyszenia_i_organizacje_spoleczne>0</stowarzyszenia_i_organizacje_spoleczne>
		<osoby_fizyczne_prowadzace_dzialalnosc_gospodarcza>19582</osoby_fizyczne_prowadzace_dzialalnosc_gospodarcza>
	</dane_tablica_T9>
	<dane_tablica_T9>
		<PKD_Sekcja>C</PKD_Sekcja>
		<PKD_Dzial>33</PKD_Dzial>
		<PKD_opis>Naprawa, konserwacja i instalowanie maszyn i urządzeń</PKD_opis>
		<Ogolem>46641</Ogolem>
		<przedsiebiorstwa_panstwowe>7</przedsiebiorstwa_panstwowe>
		<spolki_razem>7388</spolki_razem>
		<w_tym_spolki_handlowe>4949</w_tym_spolki_handlowe>
		<w_tym_spolki_cywilne>2435</w_tym_spolki_cywilne>
		<spóldzielnie>49</spóldzielnie>
		<fundacje>1</fundacje>
		<stowarzyszenia_i_organizacje_spoleczne>2</stowarzyszenia_i_organizacje_spoleczne>
		<osoby_fizyczne_prowadzace_dzialalnosc_gospodarcza>39129</osoby_fizyczne_prowadzace_dzialalnosc_gospodarcza>
	</dane_tablica_T9>
	<dane_tablica_T9>
		<PKD_Sekcja>D</PKD_Sekcja>
		<PKD_Dzial>35</PKD_Dzial>
		<PKD_opis>Wytwarzanie i zaopatrywanie w energię elektryczną, gaz, parę wodną, gorącą wodę i powietrze do układów klimatyzacyjnych</PKD_opis>
		<Ogolem>9511</Ogolem>
		<przedsiebiorstwa_panstwowe>0</przedsiebiorstwa_panstwowe>
		<spolki_razem>7619</spolki_razem>
		<w_tym_spolki_handlowe>7246</w_tym_spolki_handlowe>
		<w_tym_spolki_cywilne>373</w_tym_spolki_cywilne>
		<spóldzielnie>30</spóldzielnie>
		<fundacje>0</fundacje>
		<stowarzyszenia_i_organizacje_spoleczne>0</stowarzyszenia_i_organizacje_spoleczne>
		<osoby_fizyczne_prowadzace_dzialalnosc_gospodarcza>1835</osoby_fizyczne_prowadzace_dzialalnosc_gospodarcza>
	</dane_tablica_T9>
	<dane_tablica_T9>
		<PKD_Sekcja>E</PKD_Sekcja>
		<PKD_Dzial>36</PKD_Dzial>
		<PKD_opis>Pobór, uzdatnianie i dostarczanie wody</PKD_opis>
		<Ogolem>1865</Ogolem>
		<przedsiebiorstwa_panstwowe>3</przedsiebiorstwa_panstwowe>
		<spolki_razem>1096</spolki_razem>
		<w_tym_spolki_handlowe>755</w_tym_spolki_handlowe>
		<w_tym_spolki_cywilne>34</w_tym_spolki_cywilne>
		<spóldzielnie>6</spóldzielnie>
		<fundacje>0</fundacje>
		<stowarzyszenia_i_organizacje_spoleczne>0</stowarzyszenia_i_organizacje_spoleczne>
		<osoby_fizyczne_prowadzace_dzialalnosc_gospodarcza>228</osoby_fizyczne_prowadzace_dzialalnosc_gospodarcza>
	</dane_tablica_T9>
	<dane_tablica_T9>
		<PKD_Sekcja>E</PKD_Sekcja>
		<PKD_Dzial>37</PKD_Dzial>
		<PKD_opis>Odprowadzanie i oczyszczanie ścieków</PKD_opis>
		<Ogolem>2726</Ogolem>
		<przedsiebiorstwa_panstwowe>0</przedsiebiorstwa_panstwowe>
		<spolki_razem>535</spolki_razem>
		<w_tym_spolki_handlowe>326</w_tym_spolki_handlowe>
		<w_tym_spolki_cywilne>121</w_tym_spolki_cywilne>
		<spóldzielnie>4</spóldzielnie>
		<fundacje>0</fundacje>
		<stowarzyszenia_i_organizacje_spoleczne>0</stowarzyszenia_i_organizacje_spoleczne>
		<osoby_fizyczne_prowadzace_dzialalnosc_gospodarcza>2074</osoby_fizyczne_prowadzace_dzialalnosc_gospodarcza>
	</dane_tablica_T9>
	<dane_tablica_T9>
		<PKD_Sekcja>E</PKD_Sekcja>
		<PKD_Dzial>38</PKD_Dzial>
		<PKD_opis>Działalność związana ze zbieraniem, przetwarzaniem i unieszkodliwianiem odpadów; odzysk surowców</PKD_opis>
		<Ogolem>9232</Ogolem>
		<przedsiebiorstwa_panstwowe>1</przedsiebiorstwa_panstwowe>
		<spolki_razem>4264</spolki_razem>
		<w_tym_spolki_handlowe>3572</w_tym_spolki_handlowe>
		<w_tym_spolki_cywilne>679</w_tym_spolki_cywilne>
		<spóldzielnie>38</spóldzielnie>
		<fundacje>1</fundacje>
		<stowarzyszenia_i_organizacje_spoleczne>1</stowarzyszenia_i_organizacje_spoleczne>
		<osoby_fizyczne_prowadzace_dzialalnosc_gospodarcza>4826</osoby_fizyczne_prowadzace_dzialalnosc_gospodarcza>
	</dane_tablica_T9>
	<dane_tablica_T9>
		<PKD_Sekcja>E</PKD_Sekcja>
		<PKD_Dzial>39</PKD_Dzial>
		<PKD_opis>Działalność związana z rekultywacją i pozostała działalność usługowa związana z gospodarką odpadami</PKD_opis>
		<Ogolem>703</Ogolem>
		<przedsiebiorstwa_panstwowe>0</przedsiebiorstwa_panstwowe>
		<spolki_razem>462</spolki_razem>
		<w_tym_spolki_handlowe>433</w_tym_spolki_handlowe>
		<w_tym_spolki_cywilne>28</w_tym_spolki_cywilne>
		<spóldzielnie>2</spóldzielnie>
		<fundacje>0</fundacje>
		<stowarzyszenia_i_organizacje_spoleczne>0</stowarzyszenia_i_organizacje_spoleczne>
		<osoby_fizyczne_prowadzace_dzialalnosc_gospodarcza>235</osoby_fizyczne_prowadzace_dzialalnosc_gospodarcza>
	</dane_tablica_T9>
	<dane_tablica_T9>
		<PKD_Sekcja>F</PKD_Sekcja>
		<PKD_Dzial>41</PKD_Dzial>
		<PKD_opis>Roboty budowlane związane ze wznoszeniem budynków</PKD_opis>
		<Ogolem>156668</Ogolem>
		<przedsiebiorstwa_panstwowe>20</przedsiebiorstwa_panstwowe>
		<spolki_razem>47103</spolki_razem>
		<w_tym_spolki_handlowe>38131</w_tym_spolki_handlowe>
		<w_tym_spolki_cywilne>8970</w_tym_spolki_cywilne>
		<spóldzielnie>1854</spóldzielnie>
		<fundacje>2</fundacje>
		<stowarzyszenia_i_organizacje_spoleczne>1</stowarzyszenia_i_organizacje_spoleczne>
		<osoby_fizyczne_prowadzace_dzialalnosc_gospodarcza>107519</osoby_fizyczne_prowadzace_dzialalnosc_gospodarcza>
	</dane_tablica_T9>
	<dane_tablica_T9>
		<PKD_Sekcja>F</PKD_Sekcja>
		<PKD_Dzial>42</PKD_Dzial>
		<PKD_opis>Roboty związane z budową obiektów inżynierii lądowej i wodnej</PKD_opis>
		<Ogolem>35563</Ogolem>
		<przedsiebiorstwa_panstwowe>4</przedsiebiorstwa_panstwowe>
		<spolki_razem>10806</spolki_razem>
		<w_tym_spolki_handlowe>7234</w_tym_spolki_handlowe>
		<w_tym_spolki_cywilne>3232</w_tym_spolki_cywilne>
		<spóldzielnie>157</spóldzielnie>
		<fundacje>0</fundacje>
		<stowarzyszenia_i_organizacje_spoleczne>3</stowarzyszenia_i_organizacje_spoleczne>
		<osoby_fizyczne_prowadzace_dzialalnosc_gospodarcza>24381</osoby_fizyczne_prowadzace_dzialalnosc_gospodarcza>
	</dane_tablica_T9>
	<dane_tablica_T9>
		<PKD_Sekcja>F</PKD_Sekcja>
		<PKD_Dzial>43</PKD_Dzial>
		<PKD_opis>Roboty budowlane specjalistyczne</PKD_opis>
		<Ogolem>320702</Ogolem>
		<przedsiebiorstwa_panstwowe>2</przedsiebiorstwa_panstwowe>
		<spolki_razem>28296</spolki_razem>
		<w_tym_spolki_handlowe>14779</w_tym_spolki_handlowe>
		<w_tym_spolki_cywilne>13472</w_tym_spolki_cywilne>
		<spóldzielnie>238</spóldzielnie>
		<fundacje>1</fundacje>
		<stowarzyszenia_i_organizacje_spoleczne>2</stowarzyszenia_i_organizacje_spoleczne>
		<osoby_fizyczne_prowadzace_dzialalnosc_gospodarcza>292086</osoby_fizyczne_prowadzace_dzialalnosc_gospodarcza>
	</dane_tablica_T9>
	<dane_tablica_T9>
		<PKD_Sekcja>G</PKD_Sekcja>
		<PKD_Dzial>45</PKD_Dzial>
		<PKD_opis>Handel hurtowy i detaliczny pojazdami samochodowymi; naprawa pojazdów samochodowych</PKD_opis>
		<Ogolem>158361</Ogolem>
		<przedsiebiorstwa_panstwowe>2</przedsiebiorstwa_panstwowe>
		<spolki_razem>24821</spolki_razem>
		<w_tym_spolki_handlowe>11947</w_tym_spolki_handlowe>
		<w_tym_spolki_cywilne>12874</w_tym_spolki_cywilne>
		<spóldzielnie>55</spóldzielnie>
		<fundacje>0</fundacje>
		<stowarzyszenia_i_organizacje_spoleczne>3</stowarzyszenia_i_organizacje_spoleczne>
		<osoby_fizyczne_prowadzace_dzialalnosc_gospodarcza>133417</osoby_fizyczne_prowadzace_dzialalnosc_gospodarcza>
	</dane_tablica_T9>
	<dane_tablica_T9>
		<PKD_Sekcja>G</PKD_Sekcja>
		<PKD_Dzial>46</PKD_Dzial>
		<PKD_opis>Handel hurtowy, z wyłączeniem handlu pojazdami samochodowymi</PKD_opis>
		<Ogolem>295801</Ogolem>
		<przedsiebiorstwa_panstwowe>5</przedsiebiorstwa_panstwowe>
		<spolki_razem>134205</spolki_razem>
		<w_tym_spolki_handlowe>94708</w_tym_spolki_handlowe>
		<w_tym_spolki_cywilne>39495</w_tym_spolki_cywilne>
		<spóldzielnie>1273</spóldzielnie>
		<fundacje>1</fundacje>
		<stowarzyszenia_i_organizacje_spoleczne>7</stowarzyszenia_i_organizacje_spoleczne>
		<osoby_fizyczne_prowadzace_dzialalnosc_gospodarcza>159323</osoby_fizyczne_prowadzace_dzialalnosc_gospodarcza>
	</dane_tablica_T9>
	<dane_tablica_T9>
		<PKD_Sekcja>G</PKD_Sekcja>
		<PKD_Dzial>47</PKD_Dzial>
		<PKD_opis>Handel detaliczny, z wyłączeniem handlu detalicznego pojazdami samochodowymi</PKD_opis>
		<Ogolem>574875</Ogolem>
		<przedsiebiorstwa_panstwowe>4</przedsiebiorstwa_panstwowe>
		<spolki_razem>104860</spolki_razem>
		<w_tym_spolki_handlowe>38585</w_tym_spolki_handlowe>
		<w_tym_spolki_cywilne>66275</w_tym_spolki_cywilne>
		<spóldzielnie>1701</spóldzielnie>
		<fundacje>13</fundacje>
		<stowarzyszenia_i_organizacje_spoleczne>3</stowarzyszenia_i_organizacje_spoleczne>
		<osoby_fizyczne_prowadzace_dzialalnosc_gospodarcza>468172</osoby_fizyczne_prowadzace_dzialalnosc_gospodarcza>
	</dane_tablica_T9>
	<dane_tablica_T9>
		<PKD_Sekcja>H</PKD_Sekcja>
		<PKD_Dzial>49</PKD_Dzial>
		<PKD_opis>Transport lądowy oraz transport rurociągowy</PKD_opis>
		<Ogolem>234209</Ogolem>
		<przedsiebiorstwa_panstwowe>2</przedsiebiorstwa_panstwowe>
		<spolki_razem>25942</spolki_razem>
		<w_tym_spolki_handlowe>16238</w_tym_spolki_handlowe>
		<w_tym_spolki_cywilne>9704</w_tym_spolki_cywilne>
		<spóldzielnie>126</spóldzielnie>
		<fundacje>0</fundacje>
		<stowarzyszenia_i_organizacje_spoleczne>7</stowarzyszenia_i_organizacje_spoleczne>
		<osoby_fizyczne_prowadzace_dzialalnosc_gospodarcza>208030</osoby_fizyczne_prowadzace_dzialalnosc_gospodarcza>
	</dane_tablica_T9>
	<dane_tablica_T9>
		<PKD_Sekcja>H</PKD_Sekcja>
		<PKD_Dzial>50</PKD_Dzial>
		<PKD_opis>Transport wodny</PKD_opis>
		<Ogolem>1332</Ogolem>
		<przedsiebiorstwa_panstwowe>1</przedsiebiorstwa_panstwowe>
		<spolki_razem>358</spolki_razem>
		<w_tym_spolki_handlowe>236</w_tym_spolki_handlowe>
		<w_tym_spolki_cywilne>122</w_tym_spolki_cywilne>
		<spóldzielnie>2</spóldzielnie>
		<fundacje>0</fundacje>
		<stowarzyszenia_i_organizacje_spoleczne>0</stowarzyszenia_i_organizacje_spoleczne>
		<osoby_fizyczne_prowadzace_dzialalnosc_gospodarcza>958</osoby_fizyczne_prowadzace_dzialalnosc_gospodarcza>
	</dane_tablica_T9>
	<dane_tablica_T9>
		<PKD_Sekcja>H</PKD_Sekcja>
		<PKD_Dzial>51</PKD_Dzial>
		<PKD_opis>Transport lotniczy</PKD_opis>
		<Ogolem>806</Ogolem>
		<przedsiebiorstwa_panstwowe>0</przedsiebiorstwa_panstwowe>
		<spolki_razem>183</spolki_razem>
		<w_tym_spolki_handlowe>178</w_tym_spolki_handlowe>
		<w_tym_spolki_cywilne>5</w_tym_spolki_cywilne>
		<spóldzielnie>1</spóldzielnie>
		<fundacje>1</fundacje>
		<stowarzyszenia_i_organizacje_spoleczne>0</stowarzyszenia_i_organizacje_spoleczne>
		<osoby_fizyczne_prowadzace_dzialalnosc_gospodarcza>564</osoby_fizyczne_prowadzace_dzialalnosc_gospodarcza>
	</dane_tablica_T9>
	<dane_tablica_T9>
		<PKD_Sekcja>H</PKD_Sekcja>
		<PKD_Dzial>52</PKD_Dzial>
		<PKD_opis>Magazynowanie i działalność usługowa wspomagająca transport</PKD_opis>
		<Ogolem>22319</Ogolem>
		<przedsiebiorstwa_panstwowe>3</przedsiebiorstwa_panstwowe>
		<spolki_razem>6781</spolki_razem>
		<w_tym_spolki_handlowe>5110</w_tym_spolki_handlowe>
		<w_tym_spolki_cywilne>1671</w_tym_spolki_cywilne>
		<spóldzielnie>12</spóldzielnie>
		<fundacje>0</fundacje>
		<stowarzyszenia_i_organizacje_spoleczne>3</stowarzyszenia_i_organizacje_spoleczne>
		<osoby_fizyczne_prowadzace_dzialalnosc_gospodarcza>15280</osoby_fizyczne_prowadzace_dzialalnosc_gospodarcza>
	</dane_tablica_T9>
	<dane_tablica_T9>
		<PKD_Sekcja>H</PKD_Sekcja>
		<PKD_Dzial>53</PKD_Dzial>
		<PKD_opis>Działalność pocztowa i kurierska</PKD_opis>
		<Ogolem>5716</Ogolem>
		<przedsiebiorstwa_panstwowe>0</przedsiebiorstwa_panstwowe>
		<spolki_razem>543</spolki_razem>
		<w_tym_spolki_handlowe>426</w_tym_spolki_handlowe>
		<w_tym_spolki_cywilne>117</w_tym_spolki_cywilne>
		<spóldzielnie>3</spóldzielnie>
		<fundacje>0</fundacje>
		<stowarzyszenia_i_organizacje_spoleczne>0</stowarzyszenia_i_organizacje_spoleczne>
		<osoby_fizyczne_prowadzace_dzialalnosc_gospodarcza>5167</osoby_fizyczne_prowadzace_dzialalnosc_gospodarcza>
	</dane_tablica_T9>
	<dane_tablica_T9>
		<PKD_Sekcja>I</PKD_Sekcja>
		<PKD_Dzial>55</PKD_Dzial>
		<PKD_opis>Zakwaterowanie</PKD_opis>
		<Ogolem>36953</Ogolem>
		<przedsiebiorstwa_panstwowe>0</przedsiebiorstwa_panstwowe>
		<spolki_razem>7199</spolki_razem>
		<w_tym_spolki_handlowe>5300</w_tym_spolki_handlowe>
		<w_tym_spolki_cywilne>1899</w_tym_spolki_cywilne>
		<spóldzielnie>45</spóldzielnie>
		<fundacje>4</fundacje>
		<stowarzyszenia_i_organizacje_spoleczne>1</stowarzyszenia_i_organizacje_spoleczne>
		<osoby_fizyczne_prowadzace_dzialalnosc_gospodarcza>28738</osoby_fizyczne_prowadzace_dzialalnosc_gospodarcza>
	</dane_tablica_T9>
	<dane_tablica_T9>
		<PKD_Sekcja>I</PKD_Sekcja>
		<PKD_Dzial>56</PKD_Dzial>
		<PKD_opis>Działalność usługowa związana z wyżywieniem</PKD_opis>
		<Ogolem>96777</Ogolem>
		<przedsiebiorstwa_panstwowe>0</przedsiebiorstwa_panstwowe>
		<spolki_razem>27560</spolki_razem>
		<w_tym_spolki_handlowe>10547</w_tym_spolki_handlowe>
		<w_tym_spolki_cywilne>17013</w_tym_spolki_cywilne>
		<spóldzielnie>259</spóldzielnie>
		<fundacje>1</fundacje>
		<stowarzyszenia_i_organizacje_spoleczne>2</stowarzyszenia_i_organizacje_spoleczne>
		<osoby_fizyczne_prowadzace_dzialalnosc_gospodarcza>68925</osoby_fizyczne_prowadzace_dzialalnosc_gospodarcza>
	</dane_tablica_T9>
	<dane_tablica_T9>
		<PKD_Sekcja>J</PKD_Sekcja>
		<PKD_Dzial>58</PKD_Dzial>
		<PKD_opis>Działalność wydawnicza</PKD_opis>
		<Ogolem>14375</Ogolem>
		<przedsiebiorstwa_panstwowe>1</przedsiebiorstwa_panstwowe>
		<spolki_razem>6633</spolki_razem>
		<w_tym_spolki_handlowe>4740</w_tym_spolki_handlowe>
		<w_tym_spolki_cywilne>1893</w_tym_spolki_cywilne>
		<spóldzielnie>93</spóldzielnie>
		<fundacje>10</fundacje>
		<stowarzyszenia_i_organizacje_spoleczne>20</stowarzyszenia_i_organizacje_spoleczne>
		<osoby_fizyczne_prowadzace_dzialalnosc_gospodarcza>7569</osoby_fizyczne_prowadzace_dzialalnosc_gospodarcza>
	</dane_tablica_T9>
	<dane_tablica_T9>
		<PKD_Sekcja>J</PKD_Sekcja>
		<PKD_Dzial>59</PKD_Dzial>
		<PKD_opis>Działalność związana z produkcją filmów, nagrań wideo, programów telewizyjnych, nagrań dźwiękowych i muzycznych</PKD_opis>
		<Ogolem>14138</Ogolem>
		<przedsiebiorstwa_panstwowe>1</przedsiebiorstwa_panstwowe>
		<spolki_razem>3041</spolki_razem>
		<w_tym_spolki_handlowe>2410</w_tym_spolki_handlowe>
		<w_tym_spolki_cywilne>631</w_tym_spolki_cywilne>
		<spóldzielnie>14</spóldzielnie>
		<fundacje>3</fundacje>
		<stowarzyszenia_i_organizacje_spoleczne>1</stowarzyszenia_i_organizacje_spoleczne>
		<osoby_fizyczne_prowadzace_dzialalnosc_gospodarcza>11044</osoby_fizyczne_prowadzace_dzialalnosc_gospodarcza>
	</dane_tablica_T9>
	<dane_tablica_T9>
		<PKD_Sekcja>J</PKD_Sekcja>
		<PKD_Dzial>60</PKD_Dzial>
		<PKD_opis>Nadawanie programów ogólnodostępnych i abonamentowych</PKD_opis>
		<Ogolem>875</Ogolem>
		<przedsiebiorstwa_panstwowe>0</przedsiebiorstwa_panstwowe>
		<spolki_razem>585</spolki_razem>
		<w_tym_spolki_handlowe>479</w_tym_spolki_handlowe>
		<w_tym_spolki_cywilne>106</w_tym_spolki_cywilne>
		<spóldzielnie>1</spóldzielnie>
		<fundacje>1</fundacje>
		<stowarzyszenia_i_organizacje_spoleczne>3</stowarzyszenia_i_organizacje_spoleczne>
		<osoby_fizyczne_prowadzace_dzialalnosc_gospodarcza>276</osoby_fizyczne_prowadzace_dzialalnosc_gospodarcza>
	</dane_tablica_T9>
	<dane_tablica_T9>
		<PKD_Sekcja>J</PKD_Sekcja>
		<PKD_Dzial>61</PKD_Dzial>
		<PKD_opis>Telekomunikacja</PKD_opis>
		<Ogolem>9789</Ogolem>
		<przedsiebiorstwa_panstwowe>0</przedsiebiorstwa_panstwowe>
		<spolki_razem>3156</spolki_razem>
		<w_tym_spolki_handlowe>2476</w_tym_spolki_handlowe>
		<w_tym_spolki_cywilne>680</w_tym_spolki_cywilne>
		<spóldzielnie>5</spóldzielnie>
		<fundacje>0</fundacje>
		<stowarzyszenia_i_organizacje_spoleczne>2</stowarzyszenia_i_organizacje_spoleczne>
		<osoby_fizyczne_prowadzace_dzialalnosc_gospodarcza>6609</osoby_fizyczne_prowadzace_dzialalnosc_gospodarcza>
	</dane_tablica_T9>
	<dane_tablica_T9>
		<PKD_Sekcja>J</PKD_Sekcja>
		<PKD_Dzial>62</PKD_Dzial>
		<PKD_opis>Działalność związana z oprogramowaniem i doradztwem w zakresie informatyki oraz dzialalność powiązana</PKD_opis>
		<Ogolem>95796</Ogolem>
		<przedsiebiorstwa_panstwowe>0</przedsiebiorstwa_panstwowe>
		<spolki_razem>21260</spolki_razem>
		<w_tym_spolki_handlowe>18066</w_tym_spolki_handlowe>
		<w_tym_spolki_cywilne>3194</w_tym_spolki_cywilne>
		<spóldzielnie>26</spóldzielnie>
		<fundacje>5</fundacje>
		<stowarzyszenia_i_organizacje_spoleczne>3</stowarzyszenia_i_organizacje_spoleczne>
		<osoby_fizyczne_prowadzace_dzialalnosc_gospodarcza>74354</osoby_fizyczne_prowadzace_dzialalnosc_gospodarcza>
	</dane_tablica_T9>
	<dane_tablica_T9>
		<PKD_Sekcja>J</PKD_Sekcja>
		<PKD_Dzial>63</PKD_Dzial>
		<PKD_opis>Działalność usługowa w zakresie informacji</PKD_opis>
		<Ogolem>19522</Ogolem>
		<przedsiebiorstwa_panstwowe>0</przedsiebiorstwa_panstwowe>
		<spolki_razem>9091</spolki_razem>
		<w_tym_spolki_handlowe>7922</w_tym_spolki_handlowe>
		<w_tym_spolki_cywilne>1169</w_tym_spolki_cywilne>
		<spóldzielnie>18</spóldzielnie>
		<fundacje>6</fundacje>
		<stowarzyszenia_i_organizacje_spoleczne>3</stowarzyszenia_i_organizacje_spoleczne>
		<osoby_fizyczne_prowadzace_dzialalnosc_gospodarcza>10355</osoby_fizyczne_prowadzace_dzialalnosc_gospodarcza>
	</dane_tablica_T9>
	<dane_tablica_T9>
		<PKD_Sekcja>K</PKD_Sekcja>
		<PKD_Dzial>64</PKD_Dzial>
		<PKD_opis>Finansowa działalność usługowa, z wyłączeniem ubezpieczeń i funduszów emerytalnych</PKD_opis>
		<Ogolem>27147</Ogolem>
		<przedsiebiorstwa_panstwowe>0</przedsiebiorstwa_panstwowe>
		<spolki_razem>11623</spolki_razem>
		<w_tym_spolki_handlowe>10391</w_tym_spolki_handlowe>
		<w_tym_spolki_cywilne>1232</w_tym_spolki_cywilne>
		<spóldzielnie>689</spóldzielnie>
		<fundacje>3</fundacje>
		<stowarzyszenia_i_organizacje_spoleczne>1184</stowarzyszenia_i_organizacje_spoleczne>
		<osoby_fizyczne_prowadzace_dzialalnosc_gospodarcza>12478</osoby_fizyczne_prowadzace_dzialalnosc_gospodarcza>
	</dane_tablica_T9>
	<dane_tablica_T9>
		<PKD_Sekcja>K</PKD_Sekcja>
		<PKD_Dzial>65</PKD_Dzial>
		<PKD_opis>Ubezpieczenia, reasekuracja oraz fundusze emerytalne, z wyłączeniem obowiązkowego ubezpieczenia społecznego</PKD_opis>
		<Ogolem>1294</Ogolem>
		<przedsiebiorstwa_panstwowe>0</przedsiebiorstwa_panstwowe>
		<spolki_razem>174</spolki_razem>
		<w_tym_spolki_handlowe>144</w_tym_spolki_handlowe>
		<w_tym_spolki_cywilne>30</w_tym_spolki_cywilne>
		<spóldzielnie>0</spóldzielnie>
		<fundacje>0</fundacje>
		<stowarzyszenia_i_organizacje_spoleczne>0</stowarzyszenia_i_organizacje_spoleczne>
		<osoby_fizyczne_prowadzace_dzialalnosc_gospodarcza>1050</osoby_fizyczne_prowadzace_dzialalnosc_gospodarcza>
	</dane_tablica_T9>
	<dane_tablica_T9>
		<PKD_Sekcja>K</PKD_Sekcja>
		<PKD_Dzial>66</PKD_Dzial>
		<PKD_opis>Działalność wspomagająca usługi finansowe oraz ubezpieczenia i fundusze emerytalne</PKD_opis>
		<Ogolem>94802</Ogolem>
		<przedsiebiorstwa_panstwowe>0</przedsiebiorstwa_panstwowe>
		<spolki_razem>9411</spolki_razem>
		<w_tym_spolki_handlowe>6832</w_tym_spolki_handlowe>
		<w_tym_spolki_cywilne>2579</w_tym_spolki_cywilne>
		<spóldzielnie>14</spóldzielnie>
		<fundacje>1</fundacje>
		<stowarzyszenia_i_organizacje_spoleczne>1</stowarzyszenia_i_organizacje_spoleczne>
		<osoby_fizyczne_prowadzace_dzialalnosc_gospodarcza>85297</osoby_fizyczne_prowadzace_dzialalnosc_gospodarcza>
	</dane_tablica_T9>
	<dane_tablica_T9>
		<PKD_Sekcja>L</PKD_Sekcja>
		<PKD_Dzial>68</PKD_Dzial>
		<PKD_opis>Działalność związana z obsługą rynku nieruchomości</PKD_opis>
		<Ogolem>248859</Ogolem>
		<przedsiebiorstwa_panstwowe>12</przedsiebiorstwa_panstwowe>
		<spolki_razem>35920</spolki_razem>
		<w_tym_spolki_handlowe>29748</w_tym_spolki_handlowe>
		<w_tym_spolki_cywilne>5739</w_tym_spolki_cywilne>
		<spóldzielnie>5364</spóldzielnie>
		<fundacje>2</fundacje>
		<stowarzyszenia_i_organizacje_spoleczne>16</stowarzyszenia_i_organizacje_spoleczne>
		<osoby_fizyczne_prowadzace_dzialalnosc_gospodarcza>40522</osoby_fizyczne_prowadzace_dzialalnosc_gospodarcza>
	</dane_tablica_T9>
	<dane_tablica_T9>
		<PKD_Sekcja>M</PKD_Sekcja>
		<PKD_Dzial>69</PKD_Dzial>
		<PKD_opis>Działalność prawnicza, rachunkowo-księgowa i doradztwo podatkowe</PKD_opis>
		<Ogolem>113470</Ogolem>
		<przedsiebiorstwa_panstwowe>0</przedsiebiorstwa_panstwowe>
		<spolki_razem>21245</spolki_razem>
		<w_tym_spolki_handlowe>13586</w_tym_spolki_handlowe>
		<w_tym_spolki_cywilne>7659</w_tym_spolki_cywilne>
		<spóldzielnie>119</spóldzielnie>
		<fundacje>2</fundacje>
		<stowarzyszenia_i_organizacje_spoleczne>5</stowarzyszenia_i_organizacje_spoleczne>
		<osoby_fizyczne_prowadzace_dzialalnosc_gospodarcza>90981</osoby_fizyczne_prowadzace_dzialalnosc_gospodarcza>
	</dane_tablica_T9>
	<dane_tablica_T9>
		<PKD_Sekcja>M</PKD_Sekcja>
		<PKD_Dzial>70</PKD_Dzial>
		<PKD_opis>Działalność firm centralnych (head offices); doradztwo związane z zarządzaniem</PKD_opis>
		<Ogolem>79476</Ogolem>
		<przedsiebiorstwa_panstwowe>3</przedsiebiorstwa_panstwowe>
		<spolki_razem>28811</spolki_razem>
		<w_tym_spolki_handlowe>26783</w_tym_spolki_handlowe>
		<w_tym_spolki_cywilne>2024</w_tym_spolki_cywilne>
		<spóldzielnie>52</spóldzielnie>
		<fundacje>7</fundacje>
		<stowarzyszenia_i_organizacje_spoleczne>8</stowarzyszenia_i_organizacje_spoleczne>
		<osoby_fizyczne_prowadzace_dzialalnosc_gospodarcza>50236</osoby_fizyczne_prowadzace_dzialalnosc_gospodarcza>
	</dane_tablica_T9>
	<dane_tablica_T9>
		<PKD_Sekcja>M</PKD_Sekcja>
		<PKD_Dzial>71</PKD_Dzial>
		<PKD_opis>Działalność w zakresie architektury i inżynierii; badania i analizy techniczne</PKD_opis>
		<Ogolem>94370</Ogolem>
		<przedsiebiorstwa_panstwowe>13</przedsiebiorstwa_panstwowe>
		<spolki_razem>16387</spolki_razem>
		<w_tym_spolki_handlowe>10833</w_tym_spolki_handlowe>
		<w_tym_spolki_cywilne>5553</w_tym_spolki_cywilne>
		<spóldzielnie>181</spóldzielnie>
		<fundacje>0</fundacje>
		<stowarzyszenia_i_organizacje_spoleczne>7</stowarzyszenia_i_organizacje_spoleczne>
		<osoby_fizyczne_prowadzace_dzialalnosc_gospodarcza>77522</osoby_fizyczne_prowadzace_dzialalnosc_gospodarcza>
	</dane_tablica_T9>
	<dane_tablica_T9>
		<PKD_Sekcja>M</PKD_Sekcja>
		<PKD_Dzial>72</PKD_Dzial>
		<PKD_opis>Badania naukowe i prace rozwojowe</PKD_opis>
		<Ogolem>4965</Ogolem>
		<przedsiebiorstwa_panstwowe>0</przedsiebiorstwa_panstwowe>
		<spolki_razem>2484</spolki_razem>
		<w_tym_spolki_handlowe>2354</w_tym_spolki_handlowe>
		<w_tym_spolki_cywilne>130</w_tym_spolki_cywilne>
		<spóldzielnie>8</spóldzielnie>
		<fundacje>18</fundacje>
		<stowarzyszenia_i_organizacje_spoleczne>13</stowarzyszenia_i_organizacje_spoleczne>
		<osoby_fizyczne_prowadzace_dzialalnosc_gospodarcza>2222</osoby_fizyczne_prowadzace_dzialalnosc_gospodarcza>
	</dane_tablica_T9>
	<dane_tablica_T9>
		<PKD_Sekcja>M</PKD_Sekcja>
		<PKD_Dzial>73</PKD_Dzial>
		<PKD_opis>Reklama, badanie rynku i opinii publicznej</PKD_opis>
		<Ogolem>53060</Ogolem>
		<przedsiebiorstwa_panstwowe>1</przedsiebiorstwa_panstwowe>
		<spolki_razem>13431</spolki_razem>
		<w_tym_spolki_handlowe>8995</w_tym_spolki_handlowe>
		<w_tym_spolki_cywilne>4436</w_tym_spolki_cywilne>
		<spóldzielnie>54</spóldzielnie>
		<fundacje>4</fundacje>
		<stowarzyszenia_i_organizacje_spoleczne>5</stowarzyszenia_i_organizacje_spoleczne>
		<osoby_fizyczne_prowadzace_dzialalnosc_gospodarcza>38730</osoby_fizyczne_prowadzace_dzialalnosc_gospodarcza>
	</dane_tablica_T9>
	<dane_tablica_T9>
		<PKD_Sekcja>M</PKD_Sekcja>
		<PKD_Dzial>74</PKD_Dzial>
		<PKD_opis>Pozostała działalność profesjonalna, naukowa i techniczna</PKD_opis>
		<Ogolem>82231</Ogolem>
		<przedsiebiorstwa_panstwowe>0</przedsiebiorstwa_panstwowe>
		<spolki_razem>9571</spolki_razem>
		<w_tym_spolki_handlowe>5372</w_tym_spolki_handlowe>
		<w_tym_spolki_cywilne>4199</w_tym_spolki_cywilne>
		<spóldzielnie>54</spóldzielnie>
		<fundacje>6</fundacje>
		<stowarzyszenia_i_organizacje_spoleczne>7</stowarzyszenia_i_organizacje_spoleczne>
		<osoby_fizyczne_prowadzace_dzialalnosc_gospodarcza>72369</osoby_fizyczne_prowadzace_dzialalnosc_gospodarcza>
	</dane_tablica_T9>
	<dane_tablica_T9>
		<PKD_Sekcja>M</PKD_Sekcja>
		<PKD_Dzial>75</PKD_Dzial>
		<PKD_opis>Działalność weterynaryjna</PKD_opis>
		<Ogolem>10425</Ogolem>
		<przedsiebiorstwa_panstwowe>0</przedsiebiorstwa_panstwowe>
		<spolki_razem>1505</spolki_razem>
		<w_tym_spolki_handlowe>198</w_tym_spolki_handlowe>
		<w_tym_spolki_cywilne>1307</w_tym_spolki_cywilne>
		<spóldzielnie>1</spóldzielnie>
		<fundacje>1</fundacje>
		<stowarzyszenia_i_organizacje_spoleczne>0</stowarzyszenia_i_organizacje_spoleczne>
		<osoby_fizyczne_prowadzace_dzialalnosc_gospodarcza>8909</osoby_fizyczne_prowadzace_dzialalnosc_gospodarcza>
	</dane_tablica_T9>
	<dane_tablica_T9>
		<PKD_Sekcja>N</PKD_Sekcja>
		<PKD_Dzial>77</PKD_Dzial>
		<PKD_opis>Wynajem i dzierżawa</PKD_opis>
		<Ogolem>18840</Ogolem>
		<przedsiebiorstwa_panstwowe>0</przedsiebiorstwa_panstwowe>
		<spolki_razem>5940</spolki_razem>
		<w_tym_spolki_handlowe>4421</w_tym_spolki_handlowe>
		<w_tym_spolki_cywilne>1518</w_tym_spolki_cywilne>
		<spóldzielnie>32</spóldzielnie>
		<fundacje>1</fundacje>
		<stowarzyszenia_i_organizacje_spoleczne>2</stowarzyszenia_i_organizacje_spoleczne>
		<osoby_fizyczne_prowadzace_dzialalnosc_gospodarcza>12811</osoby_fizyczne_prowadzace_dzialalnosc_gospodarcza>
	</dane_tablica_T9>
	<dane_tablica_T9>
		<PKD_Sekcja>N</PKD_Sekcja>
		<PKD_Dzial>78</PKD_Dzial>
		<PKD_opis>Działalność związana z zatrudnieniem</PKD_opis>
		<Ogolem>9970</Ogolem>
		<przedsiebiorstwa_panstwowe>0</przedsiebiorstwa_panstwowe>
		<spolki_razem>6159</spolki_razem>
		<w_tym_spolki_handlowe>5703</w_tym_spolki_handlowe>
		<w_tym_spolki_cywilne>456</w_tym_spolki_cywilne>
		<spóldzielnie>17</spóldzielnie>
		<fundacje>3</fundacje>
		<stowarzyszenia_i_organizacje_spoleczne>1</stowarzyszenia_i_organizacje_spoleczne>
		<osoby_fizyczne_prowadzace_dzialalnosc_gospodarcza>3707</osoby_fizyczne_prowadzace_dzialalnosc_gospodarcza>
	</dane_tablica_T9>
	<dane_tablica_T9>
		<PKD_Sekcja>N</PKD_Sekcja>
		<PKD_Dzial>79</PKD_Dzial>
		<PKD_opis>Działalność organizatorów turystyki, pośredników i agentów turystycznych oraz pozostała działalność usługowa w zakresie rezerwacji i działalności z nią związane</PKD_opis>
		<Ogolem>13760</Ogolem>
		<przedsiebiorstwa_panstwowe>1</przedsiebiorstwa_panstwowe>
		<spolki_razem>4742</spolki_razem>
		<w_tym_spolki_handlowe>3248</w_tym_spolki_handlowe>
		<w_tym_spolki_cywilne>1494</w_tym_spolki_cywilne>
		<spóldzielnie>31</spóldzielnie>
		<fundacje>4</fundacje>
		<stowarzyszenia_i_organizacje_spoleczne>39</stowarzyszenia_i_organizacje_spoleczne>
		<osoby_fizyczne_prowadzace_dzialalnosc_gospodarcza>8895</osoby_fizyczne_prowadzace_dzialalnosc_gospodarcza>
	</dane_tablica_T9>
	<dane_tablica_T9>
		<PKD_Sekcja>N</PKD_Sekcja>
		<PKD_Dzial>80</PKD_Dzial>
		<PKD_opis>Działalność detektywistyczna i ochroniarska</PKD_opis>
		<Ogolem>7177</Ogolem>
		<przedsiebiorstwa_panstwowe>0</przedsiebiorstwa_panstwowe>
		<spolki_razem>3880</spolki_razem>
		<w_tym_spolki_handlowe>2757</w_tym_spolki_handlowe>
		<w_tym_spolki_cywilne>1123</w_tym_spolki_cywilne>
		<spóldzielnie>32</spóldzielnie>
		<fundacje>1</fundacje>
		<stowarzyszenia_i_organizacje_spoleczne>1</stowarzyszenia_i_organizacje_spoleczne>
		<osoby_fizyczne_prowadzace_dzialalnosc_gospodarcza>3260</osoby_fizyczne_prowadzace_dzialalnosc_gospodarcza>
	</dane_tablica_T9>
	<dane_tablica_T9>
		<PKD_Sekcja>N</PKD_Sekcja>
		<PKD_Dzial>81</PKD_Dzial>
		<PKD_opis>Działalność usługowa związana z utrzymaniem porządku w budynkach i zagospodarowaniem terenów zieleni</PKD_opis>
		<Ogolem>45854</Ogolem>
		<przedsiebiorstwa_panstwowe>0</przedsiebiorstwa_panstwowe>
		<spolki_razem>5299</spolki_razem>
		<w_tym_spolki_handlowe>2793</w_tym_spolki_handlowe>
		<w_tym_spolki_cywilne>2367</w_tym_spolki_cywilne>
		<spóldzielnie>281</spóldzielnie>
		<fundacje>0</fundacje>
		<stowarzyszenia_i_organizacje_spoleczne>0</stowarzyszenia_i_organizacje_spoleczne>
		<osoby_fizyczne_prowadzace_dzialalnosc_gospodarcza>40224</osoby_fizyczne_prowadzace_dzialalnosc_gospodarcza>
	</dane_tablica_T9>
	<dane_tablica_T9>
		<PKD_Sekcja>N</PKD_Sekcja>
		<PKD_Dzial>82</PKD_Dzial>
		<PKD_opis>Działalność związana z administracyjną obsługą biura i pozostała działalność wspomagająca prowadzenie działalności gospodarczej</PKD_opis>
		<Ogolem>37052</Ogolem>
		<przedsiebiorstwa_panstwowe>0</przedsiebiorstwa_panstwowe>
		<spolki_razem>8210</spolki_razem>
		<w_tym_spolki_handlowe>5776</w_tym_spolki_handlowe>
		<w_tym_spolki_cywilne>2434</w_tym_spolki_cywilne>
		<spóldzielnie>31</spóldzielnie>
		<fundacje>6</fundacje>
		<stowarzyszenia_i_organizacje_spoleczne>12</stowarzyszenia_i_organizacje_spoleczne>
		<osoby_fizyczne_prowadzace_dzialalnosc_gospodarcza>28724</osoby_fizyczne_prowadzace_dzialalnosc_gospodarcza>
	</dane_tablica_T9>
	<dane_tablica_T9>
		<PKD_Sekcja>O</PKD_Sekcja>
		<PKD_Dzial>84</PKD_Dzial>
		<PKD_opis>Administracja publiczna i obrona narodowa; obowiązkowe zabezpieczenia społeczne</PKD_opis>
		<Ogolem>27113</Ogolem>
		<przedsiebiorstwa_panstwowe>0</przedsiebiorstwa_panstwowe>
		<spolki_razem>84</spolki_razem>
		<w_tym_spolki_handlowe>71</w_tym_spolki_handlowe>
		<w_tym_spolki_cywilne>12</w_tym_spolki_cywilne>
		<spóldzielnie>3</spóldzielnie>
		<fundacje>5</fundacje>
		<stowarzyszenia_i_organizacje_spoleczne>16618</stowarzyszenia_i_organizacje_spoleczne>
		<osoby_fizyczne_prowadzace_dzialalnosc_gospodarcza>111</osoby_fizyczne_prowadzace_dzialalnosc_gospodarcza>
	</dane_tablica_T9>
	<dane_tablica_T9>
		<PKD_Sekcja>P</PKD_Sekcja>
		<PKD_Dzial>85</PKD_Dzial>
		<PKD_opis>Edukacja</PKD_opis>
		<Ogolem>146018</Ogolem>
		<przedsiebiorstwa_panstwowe>0</przedsiebiorstwa_panstwowe>
		<spolki_razem>10701</spolki_razem>
		<w_tym_spolki_handlowe>6301</w_tym_spolki_handlowe>
		<w_tym_spolki_cywilne>4400</w_tym_spolki_cywilne>
		<spóldzielnie>113</spóldzielnie>
		<fundacje>113</fundacje>
		<stowarzyszenia_i_organizacje_spoleczne>1451</stowarzyszenia_i_organizacje_spoleczne>
		<osoby_fizyczne_prowadzace_dzialalnosc_gospodarcza>72962</osoby_fizyczne_prowadzace_dzialalnosc_gospodarcza>
	</dane_tablica_T9>
	<dane_tablica_T9>
		<PKD_Sekcja>Q</PKD_Sekcja>
		<PKD_Dzial>86</PKD_Dzial>
		<PKD_opis>Opieka zdrowotna</PKD_opis>
		<Ogolem>225859</Ogolem>
		<przedsiebiorstwa_panstwowe>0</przedsiebiorstwa_panstwowe>
		<spolki_razem>17399</spolki_razem>
		<w_tym_spolki_handlowe>10187</w_tym_spolki_handlowe>
		<w_tym_spolki_cywilne>7212</w_tym_spolki_cywilne>
		<spóldzielnie>85</spóldzielnie>
		<fundacje>35</fundacje>
		<stowarzyszenia_i_organizacje_spoleczne>20</stowarzyszenia_i_organizacje_spoleczne>
		<osoby_fizyczne_prowadzace_dzialalnosc_gospodarcza>206858</osoby_fizyczne_prowadzace_dzialalnosc_gospodarcza>
	</dane_tablica_T9>
	<dane_tablica_T9>
		<PKD_Sekcja>Q</PKD_Sekcja>
		<PKD_Dzial>87</PKD_Dzial>
		<PKD_opis>Pomoc społeczna z zakwaterowaniem</PKD_opis>
		<Ogolem>3626</Ogolem>
		<przedsiebiorstwa_panstwowe>0</przedsiebiorstwa_panstwowe>
		<spolki_razem>634</spolki_razem>
		<w_tym_spolki_handlowe>526</w_tym_spolki_handlowe>
		<w_tym_spolki_cywilne>108</w_tym_spolki_cywilne>
		<spóldzielnie>12</spóldzielnie>
		<fundacje>18</fundacje>
		<stowarzyszenia_i_organizacje_spoleczne>18</stowarzyszenia_i_organizacje_spoleczne>
		<osoby_fizyczne_prowadzace_dzialalnosc_gospodarcza>959</osoby_fizyczne_prowadzace_dzialalnosc_gospodarcza>
	</dane_tablica_T9>
	<dane_tablica_T9>
		<PKD_Sekcja>Q</PKD_Sekcja>
		<PKD_Dzial>88</PKD_Dzial>
		<PKD_opis>Pomoc społeczna bez zakwaterowania</PKD_opis>
		<Ogolem>12262</Ogolem>
		<przedsiebiorstwa_panstwowe>0</przedsiebiorstwa_panstwowe>
		<spolki_razem>1126</spolki_razem>
		<w_tym_spolki_handlowe>663</w_tym_spolki_handlowe>
		<w_tym_spolki_cywilne>463</w_tym_spolki_cywilne>
		<spóldzielnie>126</spóldzielnie>
		<fundacje>56</fundacje>
		<stowarzyszenia_i_organizacje_spoleczne>59</stowarzyszenia_i_organizacje_spoleczne>
		<osoby_fizyczne_prowadzace_dzialalnosc_gospodarcza>6722</osoby_fizyczne_prowadzace_dzialalnosc_gospodarcza>
	</dane_tablica_T9>
	<dane_tablica_T9>
		<PKD_Sekcja>R</PKD_Sekcja>
		<PKD_Dzial>90</PKD_Dzial>
		<PKD_opis>Działalność twórcza związana z kulturą i rozrywką</PKD_opis>
		<Ogolem>20616</Ogolem>
		<przedsiebiorstwa_panstwowe>0</przedsiebiorstwa_panstwowe>
		<spolki_razem>2020</spolki_razem>
		<w_tym_spolki_handlowe>891</w_tym_spolki_handlowe>
		<w_tym_spolki_cywilne>1129</w_tym_spolki_cywilne>
		<spóldzielnie>28</spóldzielnie>
		<fundacje>56</fundacje>
		<stowarzyszenia_i_organizacje_spoleczne>95</stowarzyszenia_i_organizacje_spoleczne>
		<osoby_fizyczne_prowadzace_dzialalnosc_gospodarcza>16012</osoby_fizyczne_prowadzace_dzialalnosc_gospodarcza>
	</dane_tablica_T9>
	<dane_tablica_T9>
		<PKD_Sekcja>R</PKD_Sekcja>
		<PKD_Dzial>91</PKD_Dzial>
		<PKD_opis>Działalność bibliotek, archiwów, muzeów oraz pozostała działalność związana z kulturą</PKD_opis>
		<Ogolem>4808</Ogolem>
		<przedsiebiorstwa_panstwowe>0</przedsiebiorstwa_panstwowe>
		<spolki_razem>520</spolki_razem>
		<w_tym_spolki_handlowe>395</w_tym_spolki_handlowe>
		<w_tym_spolki_cywilne>125</w_tym_spolki_cywilne>
		<spóldzielnie>10</spóldzielnie>
		<fundacje>16</fundacje>
		<stowarzyszenia_i_organizacje_spoleczne>14</stowarzyszenia_i_organizacje_spoleczne>
		<osoby_fizyczne_prowadzace_dzialalnosc_gospodarcza>1496</osoby_fizyczne_prowadzace_dzialalnosc_gospodarcza>
	</dane_tablica_T9>
	<dane_tablica_T9>
		<PKD_Sekcja>R</PKD_Sekcja>
		<PKD_Dzial>92</PKD_Dzial>
		<PKD_opis>Działalność związana z grami losowymi i zakładami wzajemnymi</PKD_opis>
		<Ogolem>1159</Ogolem>
		<przedsiebiorstwa_panstwowe>0</przedsiebiorstwa_panstwowe>
		<spolki_razem>360</spolki_razem>
		<w_tym_spolki_handlowe>262</w_tym_spolki_handlowe>
		<w_tym_spolki_cywilne>98</w_tym_spolki_cywilne>
		<spóldzielnie>3</spóldzielnie>
		<fundacje>0</fundacje>
		<stowarzyszenia_i_organizacje_spoleczne>0</stowarzyszenia_i_organizacje_spoleczne>
		<osoby_fizyczne_prowadzace_dzialalnosc_gospodarcza>795</osoby_fizyczne_prowadzace_dzialalnosc_gospodarcza>
	</dane_tablica_T9>
	<dane_tablica_T9>
		<PKD_Sekcja>R</PKD_Sekcja>
		<PKD_Dzial>93</PKD_Dzial>
		<PKD_opis>Działalność sportowa, rozrywkowa i rekreacyjna</PKD_opis>
		<Ogolem>52550</Ogolem>
		<przedsiebiorstwa_panstwowe>0</przedsiebiorstwa_panstwowe>
		<spolki_razem>6426</spolki_razem>
		<w_tym_spolki_handlowe>3621</w_tym_spolki_handlowe>
		<w_tym_spolki_cywilne>2805</w_tym_spolki_cywilne>
		<spóldzielnie>50</spóldzielnie>
		<fundacje>185</fundacje>
		<stowarzyszenia_i_organizacje_spoleczne>29337</stowarzyszenia_i_organizacje_spoleczne>
		<osoby_fizyczne_prowadzace_dzialalnosc_gospodarcza>16032</osoby_fizyczne_prowadzace_dzialalnosc_gospodarcza>
	</dane_tablica_T9>
	<dane_tablica_T9>
		<PKD_Sekcja>S</PKD_Sekcja>
		<PKD_Dzial>94</PKD_Dzial>
		<PKD_opis>Działalność organizacji członkowskich</PKD_opis>
		<Ogolem>140947</Ogolem>
		<przedsiebiorstwa_panstwowe>0</przedsiebiorstwa_panstwowe>
		<spolki_razem>121</spolki_razem>
		<w_tym_spolki_handlowe>104</w_tym_spolki_handlowe>
		<w_tym_spolki_cywilne>7</w_tym_spolki_cywilne>
		<spóldzielnie>35</spóldzielnie>
		<fundacje>23274</fundacje>
		<stowarzyszenia_i_organizacje_spoleczne>65683</stowarzyszenia_i_organizacje_spoleczne>
		<osoby_fizyczne_prowadzace_dzialalnosc_gospodarcza>23</osoby_fizyczne_prowadzace_dzialalnosc_gospodarcza>
	</dane_tablica_T9>
	<dane_tablica_T9>
		<PKD_Sekcja>S</PKD_Sekcja>
		<PKD_Dzial>95</PKD_Dzial>
		<PKD_opis>Naprawa i konserwacja komputerów i artykułów użytku osobistego i domowego</PKD_opis>
		<Ogolem>31212</Ogolem>
		<przedsiebiorstwa_panstwowe>1</przedsiebiorstwa_panstwowe>
		<spolki_razem>2444</spolki_razem>
		<w_tym_spolki_handlowe>862</w_tym_spolki_handlowe>
		<w_tym_spolki_cywilne>1582</w_tym_spolki_cywilne>
		<spóldzielnie>12</spóldzielnie>
		<fundacje>0</fundacje>
		<stowarzyszenia_i_organizacje_spoleczne>0</stowarzyszenia_i_organizacje_spoleczne>
		<osoby_fizyczne_prowadzace_dzialalnosc_gospodarcza>28750</osoby_fizyczne_prowadzace_dzialalnosc_gospodarcza>
	</dane_tablica_T9>
	<dane_tablica_T9>
		<PKD_Sekcja>S</PKD_Sekcja>
		<PKD_Dzial>96</PKD_Dzial>
		<PKD_opis>Pozostała indywidualna działalność usługowa</PKD_opis>
		<Ogolem>113941</Ogolem>
		<przedsiebiorstwa_panstwowe>0</przedsiebiorstwa_panstwowe>
		<spolki_razem>8694</spolki_razem>
		<w_tym_spolki_handlowe>3882</w_tym_spolki_handlowe>
		<w_tym_spolki_cywilne>4812</w_tym_spolki_cywilne>
		<spóldzielnie>77</spóldzielnie>
		<fundacje>5</fundacje>
		<stowarzyszenia_i_organizacje_spoleczne>10</stowarzyszenia_i_organizacje_spoleczne>
		<osoby_fizyczne_prowadzace_dzialalnosc_gospodarcza>105106</osoby_fizyczne_prowadzace_dzialalnosc_gospodarcza>
	</dane_tablica_T9>
	<dane_tablica_T9>
		<PKD_Sekcja>T</PKD_Sekcja>
		<PKD_Dzial>97</PKD_Dzial>
		<PKD_opis>Gospodarstwa domowe zatrudniające pracowników</PKD_opis>
		<Ogolem>0</Ogolem>
		<przedsiebiorstwa_panstwowe>0</przedsiebiorstwa_panstwowe>
		<spolki_razem>0</spolki_razem>
		<w_tym_spolki_handlowe>0</w_tym_spolki_handlowe>
		<w_tym_spolki_cywilne>0</w_tym_spolki_cywilne>
		<spóldzielnie>0</spóldzielnie>
		<fundacje>0</fundacje>
		<stowarzyszenia_i_organizacje_spoleczne>0</stowarzyszenia_i_organizacje_spoleczne>
		<osoby_fizyczne_prowadzace_dzialalnosc_gospodarcza>0</osoby_fizyczne_prowadzace_dzialalnosc_gospodarcza>
	</dane_tablica_T9>
	<dane_tablica_T9>
		<PKD_Sekcja>T</PKD_Sekcja>
		<PKD_Dzial>98</PKD_Dzial>
		<PKD_opis>Gospodarstwa domowe produkujące wyroby i świadczące usługi na własne potrzeby</PKD_opis>
		<Ogolem>0</Ogolem>
		<przedsiebiorstwa_panstwowe>0</przedsiebiorstwa_panstwowe>
		<spolki_razem>0</spolki_razem>
		<w_tym_spolki_handlowe>0</w_tym_spolki_handlowe>
		<w_tym_spolki_cywilne>0</w_tym_spolki_cywilne>
		<spóldzielnie>0</spóldzielnie>
		<fundacje>0</fundacje>
		<stowarzyszenia_i_organizacje_spoleczne>0</stowarzyszenia_i_organizacje_spoleczne>
		<osoby_fizyczne_prowadzace_dzialalnosc_gospodarcza>0</osoby_fizyczne_prowadzace_dzialalnosc_gospodarcza>
	</dane_tablica_T9>
	<dane_tablica_T9>
		<PKD_Sekcja>U</PKD_Sekcja>
		<PKD_Dzial>99</PKD_Dzial>
		<PKD_opis>Organizacje i zespoły eksterytorialne</PKD_opis>
		<Ogolem>232</Ogolem>
		<przedsiebiorstwa_panstwowe>0</przedsiebiorstwa_panstwowe>
		<spolki_razem>2</spolki_razem>
		<w_tym_spolki_handlowe>1</w_tym_spolki_handlowe>
		<w_tym_spolki_cywilne>1</w_tym_spolki_cywilne>
		<spóldzielnie>0</spóldzielnie>
		<fundacje>0</fundacje>
		<stowarzyszenia_i_organizacje_spoleczne>1</stowarzyszenia_i_organizacje_spoleczne>
		<osoby_fizyczne_prowadzace_dzialalnosc_gospodarcza>0</osoby_fizyczne_prowadzace_dzialalnosc_gospodarcza>
	</dane_tablica_T9>
</TABLICA_T9>