<!-- 
Tablica 9: Podmioty gospodarki narodowej (bez osób fizycznych prowadzących wyłącznie indywidualne gospodarstwa rolne) według sekcji i działów Polskiej Klasyfikacji Działalności (PKD)												
-->

<TABLICA_T9>
	<dane_tablica_T9>
		<PKD_Sekcja>A</PKD_Sekcja>
		<PKD_Dzial>01</PKD_Dzial>
		<PKD_opis>Uprawy rolne, chów i hodowla zwierząt, łowiectwo, włączając działalność usługową</PKD_opis>
		<Ogolem>53746</Ogolem>
		<przedsiebiorstwa_panstwowe>3</przedsiebiorstwa_panstwowe>
		<spolki_razem>9399</spolki_razem>
		<w_tym_spolki_handlowe>7246</w_tym_spolki_handlowe>
		<w_tym_spolki_cywilne>1200</w_tym_spolki_cywilne>
		<spóldzielnie>2560</spóldzielnie>
		<fundacje>2</fundacje>
		<stowarzyszenia_i_organizacje_spoleczne>2513</stowarzyszenia_i_organizacje_spoleczne>
		<osoby_fizyczne_prowadzace_dzialalnosc_gospodarcza>38526</osoby_fizyczne_prowadzace_dzialalnosc_gospodarcza>
	</dane_tablica_T9>
	<dane_tablica_T9>
		<PKD_Sekcja>A</PKD_Sekcja>
		<PKD_Dzial>02</PKD_Dzial>
		<PKD_opis>Lesnictwo i pozyskiwanie drewna</PKD_opis>
		<Ogolem>18716</Ogolem>
		<przedsiebiorstwa_panstwowe>1</przedsiebiorstwa_panstwowe>
		<spolki_razem>2032</spolki_razem>
		<w_tym_spolki_handlowe>553</w_tym_spolki_handlowe>
		<w_tym_spolki_cywilne>1375</w_tym_spolki_cywilne>
		<spóldzielnie>18</spóldzielnie>
		<fundacje>0</fundacje>
		<stowarzyszenia_i_organizacje_spoleczne>2</stowarzyszenia_i_organizacje_spoleczne>
		<osoby_fizyczne_prowadzace_dzialalnosc_gospodarcza>16216</osoby_fizyczne_prowadzace_dzialalnosc_gospodarcza>
	</dane_tablica_T9>
	<dane_tablica_T9>
		<PKD_Sekcja>A</PKD_Sekcja>
		<PKD_Dzial>03</PKD_Dzial>
		<PKD_opis>Rybactwo</PKD_opis>
		<Ogolem>2103</Ogolem>
		<przedsiebiorstwa_panstwowe>0</przedsiebiorstwa_panstwowe>
		<spolki_razem>615</spolki_razem>
		<w_tym_spolki_handlowe>290</w_tym_spolki_handlowe>
		<w_tym_spolki_cywilne>325</w_tym_spolki_cywilne>
		<spóldzielnie>11</spóldzielnie>
		<fundacje>0</fundacje>
		<stowarzyszenia_i_organizacje_spoleczne>4</stowarzyszenia_i_organizacje_spoleczne>
		<osoby_fizyczne_prowadzace_dzialalnosc_gospodarcza>1469</osoby_fizyczne_prowadzace_dzialalnosc_gospodarcza>
	</dane_tablica_T9>
	<dane_tablica_T9>
		<PKD_Sekcja>B</PKD_Sekcja>
		<PKD_Dzial>05</PKD_Dzial>
		<PKD_opis>Wydobywanie węgla kamiennego i węgla brunatnego (lignitu)</PKD_opis>
		<Ogolem>117</Ogolem>
		<przedsiebiorstwa_panstwowe>0</przedsiebiorstwa_panstwowe>
		<spolki_razem>99</spolki_razem>
		<w_tym_spolki_handlowe>97</w_tym_spolki_handlowe>
		<w_tym_spolki_cywilne>2</w_tym_spolki_cywilne>
		<spóldzielnie>2</spóldzielnie>
		<fundacje>0</fundacje>
		<stowarzyszenia_i_organizacje_spoleczne>0</stowarzyszenia_i_organizacje_spoleczne>
		<osoby_fizyczne_prowadzace_dzialalnosc_gospodarcza>14</osoby_fizyczne_prowadzace_dzialalnosc_gospodarcza>
	</dane_tablica_T9>
	<dane_tablica_T9>
		<PKD_Sekcja>B</PKD_Sekcja>
		<PKD_Dzial>06</PKD_Dzial>
		<PKD_opis>Górnictwo ropy naftowej i gazu ziemnego</PKD_opis>
		<Ogolem>129</Ogolem>
		<przedsiebiorstwa_panstwowe>0</przedsiebiorstwa_panstwowe>
		<spolki_razem>110</spolki_razem>
		<w_tym_spolki_handlowe>109</w_tym_spolki_handlowe>
		<w_tym_spolki_cywilne>1</w_tym_spolki_cywilne>
		<spóldzielnie>0</spóldzielnie>
		<fundacje>0</fundacje>
		<stowarzyszenia_i_organizacje_spoleczne>0</stowarzyszenia_i_organizacje_spoleczne>
		<osoby_fizyczne_prowadzace_dzialalnosc_gospodarcza>8</osoby_fizyczne_prowadzace_dzialalnosc_gospodarcza>
	</dane_tablica_T9>
	<dane_tablica_T9>
		<PKD_Sekcja>B</PKD_Sekcja>
		<PKD_Dzial>07</PKD_Dzial>
		<PKD_opis>Górnictwo rud metali</PKD_opis>
		<Ogolem>39</Ogolem>
		<przedsiebiorstwa_panstwowe>1</przedsiebiorstwa_panstwowe>
		<spolki_razem>30</spolki_razem>
		<w_tym_spolki_handlowe>30</w_tym_spolki_handlowe>
		<w_tym_spolki_cywilne>0</w_tym_spolki_cywilne>
		<spóldzielnie>0</spóldzielnie>
		<fundacje>0</fundacje>
		<stowarzyszenia_i_organizacje_spoleczne>1</stowarzyszenia_i_organizacje_spoleczne>
		<osoby_fizyczne_prowadzace_dzialalnosc_gospodarcza>7</osoby_fizyczne_prowadzace_dzialalnosc_gospodarcza>
	</dane_tablica_T9>
	<dane_tablica_T9>
		<PKD_Sekcja>B</PKD_Sekcja>
		<PKD_Dzial>08</PKD_Dzial>
		<PKD_opis>Pozostałe górnictwo i wydobywanie</PKD_opis>
		<Ogolem>3732</Ogolem>
		<przedsiebiorstwa_panstwowe>1</przedsiebiorstwa_panstwowe>
		<spolki_razem>1891</spolki_razem>
		<w_tym_spolki_handlowe>1523</w_tym_spolki_handlowe>
		<w_tym_spolki_cywilne>368</w_tym_spolki_cywilne>
		<spóldzielnie>8</spóldzielnie>
		<fundacje>0</fundacje>
		<stowarzyszenia_i_organizacje_spoleczne>0</stowarzyszenia_i_organizacje_spoleczne>
		<osoby_fizyczne_prowadzace_dzialalnosc_gospodarcza>1831</osoby_fizyczne_prowadzace_dzialalnosc_gospodarcza>
	</dane_tablica_T9>
	<dane_tablica_T9>
		<PKD_Sekcja>B</PKD_Sekcja>
		<PKD_Dzial>09</PKD_Dzial>
		<PKD_opis>Działalność usługowa wspomagająca górnictwo i wydobywanie</PKD_opis>
		<Ogolem>842</Ogolem>
		<przedsiebiorstwa_panstwowe>0</przedsiebiorstwa_panstwowe>
		<spolki_razem>402</spolki_razem>
		<w_tym_spolki_handlowe>385</w_tym_spolki_handlowe>
		<w_tym_spolki_cywilne>17</w_tym_spolki_cywilne>
		<spóldzielnie>0</spóldzielnie>
		<fundacje>0</fundacje>
		<stowarzyszenia_i_organizacje_spoleczne>0</stowarzyszenia_i_organizacje_spoleczne>
		<osoby_fizyczne_prowadzace_dzialalnosc_gospodarcza>433</osoby_fizyczne_prowadzace_dzialalnosc_gospodarcza>
	</dane_tablica_T9>
	<dane_tablica_T9>
		<PKD_Sekcja>C</PKD_Sekcja>
		<PKD_Dzial>10</PKD_Dzial>
		<PKD_opis>Produkcja artykułów spożywczych</PKD_opis>
		<Ogolem>33910</Ogolem>
		<przedsiebiorstwa_panstwowe>3</przedsiebiorstwa_panstwowe>
		<spolki_razem>13917</spolki_razem>
		<w_tym_spolki_handlowe>8499</w_tym_spolki_handlowe>
		<w_tym_spolki_cywilne>5417</w_tym_spolki_cywilne>
		<spóldzielnie>427</spóldzielnie>
		<fundacje>1</fundacje>
		<stowarzyszenia_i_organizacje_spoleczne>2</stowarzyszenia_i_organizacje_spoleczne>
		<osoby_fizyczne_prowadzace_dzialalnosc_gospodarcza>19509</osoby_fizyczne_prowadzace_dzialalnosc_gospodarcza>
	</dane_tablica_T9>
	<dane_tablica_T9>
		<PKD_Sekcja>C</PKD_Sekcja>
		<PKD_Dzial>11</PKD_Dzial>
		<PKD_opis>Produkcja napojów</PKD_opis>
		<Ogolem>1946</Ogolem>
		<przedsiebiorstwa_panstwowe>2</przedsiebiorstwa_panstwowe>
		<spolki_razem>1431</spolki_razem>
		<w_tym_spolki_handlowe>1157</w_tym_spolki_handlowe>
		<w_tym_spolki_cywilne>274</w_tym_spolki_cywilne>
		<spóldzielnie>16</spóldzielnie>
		<fundacje>0</fundacje>
		<stowarzyszenia_i_organizacje_spoleczne>0</stowarzyszenia_i_organizacje_spoleczne>
		<osoby_fizyczne_prowadzace_dzialalnosc_gospodarcza>493</osoby_fizyczne_prowadzace_dzialalnosc_gospodarcza>
	</dane_tablica_T9>
	<dane_tablica_T9>
		<PKD_Sekcja>C</PKD_Sekcja>
		<PKD_Dzial>12</PKD_Dzial>
		<PKD_opis>Produkcja wyrobów tytoniowych</PKD_opis>
		<Ogolem>87</Ogolem>
		<przedsiebiorstwa_panstwowe>0</przedsiebiorstwa_panstwowe>
		<spolki_razem>76</spolki_razem>
		<w_tym_spolki_handlowe>73</w_tym_spolki_handlowe>
		<w_tym_spolki_cywilne>3</w_tym_spolki_cywilne>
		<spóldzielnie>0</spóldzielnie>
		<fundacje>0</fundacje>
		<stowarzyszenia_i_organizacje_spoleczne>0</stowarzyszenia_i_organizacje_spoleczne>
		<osoby_fizyczne_prowadzace_dzialalnosc_gospodarcza>10</osoby_fizyczne_prowadzace_dzialalnosc_gospodarcza>
	</dane_tablica_T9>
	<dane_tablica_T9>
		<PKD_Sekcja>C</PKD_Sekcja>
		<PKD_Dzial>13</PKD_Dzial>
		<PKD_opis>Produkcja wyrobów tekstylnych</PKD_opis>
		<Ogolem>10358</Ogolem>
		<przedsiebiorstwa_panstwowe>1</przedsiebiorstwa_panstwowe>
		<spolki_razem>2178</spolki_razem>
		<w_tym_spolki_handlowe>1507</w_tym_spolki_handlowe>
		<w_tym_spolki_cywilne>671</w_tym_spolki_cywilne>
		<spóldzielnie>69</spóldzielnie>
		<fundacje>1</fundacje>
		<stowarzyszenia_i_organizacje_spoleczne>0</stowarzyszenia_i_organizacje_spoleczne>
		<osoby_fizyczne_prowadzace_dzialalnosc_gospodarcza>8095</osoby_fizyczne_prowadzace_dzialalnosc_gospodarcza>
	</dane_tablica_T9>
	<dane_tablica_T9>
		<PKD_Sekcja>C</PKD_Sekcja>
		<PKD_Dzial>14</PKD_Dzial>
		<PKD_opis>Produkcja odzieży</PKD_opis>
		<Ogolem>29868</Ogolem>
		<przedsiebiorstwa_panstwowe>4</przedsiebiorstwa_panstwowe>
		<spolki_razem>5956</spolki_razem>
		<w_tym_spolki_handlowe>3165</w_tym_spolki_handlowe>
		<w_tym_spolki_cywilne>2791</w_tym_spolki_cywilne>
		<spóldzielnie>234</spóldzielnie>
		<fundacje>0</fundacje>
		<stowarzyszenia_i_organizacje_spoleczne>0</stowarzyszenia_i_organizacje_spoleczne>
		<osoby_fizyczne_prowadzace_dzialalnosc_gospodarcza>23562</osoby_fizyczne_prowadzace_dzialalnosc_gospodarcza>
	</dane_tablica_T9>
	<dane_tablica_T9>
		<PKD_Sekcja>C</PKD_Sekcja>
		<PKD_Dzial>15</PKD_Dzial>
		<PKD_opis>Produkcja skór i wyrobów ze skór wyprawionych</PKD_opis>
		<Ogolem>6455</Ogolem>
		<przedsiebiorstwa_panstwowe>4</przedsiebiorstwa_panstwowe>
		<spolki_razem>1248</spolki_razem>
		<w_tym_spolki_handlowe>606</w_tym_spolki_handlowe>
		<w_tym_spolki_cywilne>642</w_tym_spolki_cywilne>
		<spóldzielnie>50</spóldzielnie>
		<fundacje>0</fundacje>
		<stowarzyszenia_i_organizacje_spoleczne>0</stowarzyszenia_i_organizacje_spoleczne>
		<osoby_fizyczne_prowadzace_dzialalnosc_gospodarcza>5130</osoby_fizyczne_prowadzace_dzialalnosc_gospodarcza>
	</dane_tablica_T9>
	<dane_tablica_T9>
		<PKD_Sekcja>C</PKD_Sekcja>
		<PKD_Dzial>16</PKD_Dzial>
		<PKD_opis>Produkcja wyrobów z drewna oraz korka, z wyłączeniem mebli; produkcja wyrobów ze słomy i materiałów używanych do wyplatania</PKD_opis>
		<Ogolem>35801</Ogolem>
		<przedsiebiorstwa_panstwowe>2</przedsiebiorstwa_panstwowe>
		<spolki_razem>7751</spolki_razem>
		<w_tym_spolki_handlowe>4790</w_tym_spolki_handlowe>
		<w_tym_spolki_cywilne>2960</w_tym_spolki_cywilne>
		<spóldzielnie>78</spóldzielnie>
		<fundacje>0</fundacje>
		<stowarzyszenia_i_organizacje_spoleczne>0</stowarzyszenia_i_organizacje_spoleczne>
		<osoby_fizyczne_prowadzace_dzialalnosc_gospodarcza>27936</osoby_fizyczne_prowadzace_dzialalnosc_gospodarcza>
	</dane_tablica_T9>
	<dane_tablica_T9>
		<PKD_Sekcja>C</PKD_Sekcja>
		<PKD_Dzial>17</PKD_Dzial>
		<PKD_opis>Produkcja papieru i wyrobów z papieru</PKD_opis>
		<Ogolem>5534</Ogolem>
		<przedsiebiorstwa_panstwowe>1</przedsiebiorstwa_panstwowe>
		<spolki_razem>1965</spolki_razem>
		<w_tym_spolki_handlowe>1433</w_tym_spolki_handlowe>
		<w_tym_spolki_cywilne>532</w_tym_spolki_cywilne>
		<spóldzielnie>19</spóldzielnie>
		<fundacje>1</fundacje>
		<stowarzyszenia_i_organizacje_spoleczne>0</stowarzyszenia_i_organizacje_spoleczne>
		<osoby_fizyczne_prowadzace_dzialalnosc_gospodarcza>3542</osoby_fizyczne_prowadzace_dzialalnosc_gospodarcza>
	</dane_tablica_T9>
	<dane_tablica_T9>
		<PKD_Sekcja>C</PKD_Sekcja>
		<PKD_Dzial>18</PKD_Dzial>
		<PKD_opis>Poligrafia i reprodukcja zapisanych nośników informacji</PKD_opis>
		<Ogolem>18625</Ogolem>
		<przedsiebiorstwa_panstwowe>1</przedsiebiorstwa_panstwowe>
		<spolki_razem>5392</spolki_razem>
		<w_tym_spolki_handlowe>2838</w_tym_spolki_handlowe>
		<w_tym_spolki_cywilne>2554</w_tym_spolki_cywilne>
		<spóldzielnie>46</spóldzielnie>
		<fundacje>1</fundacje>
		<stowarzyszenia_i_organizacje_spoleczne>1</stowarzyszenia_i_organizacje_spoleczne>
		<osoby_fizyczne_prowadzace_dzialalnosc_gospodarcza>13164</osoby_fizyczne_prowadzace_dzialalnosc_gospodarcza>
	</dane_tablica_T9>
	<dane_tablica_T9>
		<PKD_Sekcja>C</PKD_Sekcja>
		<PKD_Dzial>19</PKD_Dzial>
		<PKD_opis>Wytwarzanie i przetwarzanie koksu i produktów rafinacji ropy naftowej</PKD_opis>
		<Ogolem>415</Ogolem>
		<przedsiebiorstwa_panstwowe>0</przedsiebiorstwa_panstwowe>
		<spolki_razem>338</spolki_razem>
		<w_tym_spolki_handlowe>321</w_tym_spolki_handlowe>
		<w_tym_spolki_cywilne>17</w_tym_spolki_cywilne>
		<spóldzielnie>1</spóldzielnie>
		<fundacje>0</fundacje>
		<stowarzyszenia_i_organizacje_spoleczne>0</stowarzyszenia_i_organizacje_spoleczne>
		<osoby_fizyczne_prowadzace_dzialalnosc_gospodarcza>73</osoby_fizyczne_prowadzace_dzialalnosc_gospodarcza>
	</dane_tablica_T9>
	<dane_tablica_T9>
		<PKD_Sekcja>C</PKD_Sekcja>
		<PKD_Dzial>20</PKD_Dzial>
		<PKD_opis>Produkcja chemikaliów i wyrobów chemicznych</PKD_opis>
		<Ogolem>5759</Ogolem>
		<przedsiebiorstwa_panstwowe>1</przedsiebiorstwa_panstwowe>
		<spolki_razem>3574</spolki_razem>
		<w_tym_spolki_handlowe>2910</w_tym_spolki_handlowe>
		<w_tym_spolki_cywilne>663</w_tym_spolki_cywilne>
		<spóldzielnie>25</spóldzielnie>
		<fundacje>0</fundacje>
		<stowarzyszenia_i_organizacje_spoleczne>0</stowarzyszenia_i_organizacje_spoleczne>
		<osoby_fizyczne_prowadzace_dzialalnosc_gospodarcza>2109</osoby_fizyczne_prowadzace_dzialalnosc_gospodarcza>
	</dane_tablica_T9>
	<dane_tablica_T9>
		<PKD_Sekcja>C</PKD_Sekcja>
		<PKD_Dzial>21</PKD_Dzial>
		<PKD_opis>Produkcja podstawowych substancji farmaceutycznych oraz leków i pozostałych wyrobów farmaceutycznych</PKD_opis>
		<Ogolem>808</Ogolem>
		<przedsiebiorstwa_panstwowe>0</przedsiebiorstwa_panstwowe>
		<spolki_razem>606</spolki_razem>
		<w_tym_spolki_handlowe>574</w_tym_spolki_handlowe>
		<w_tym_spolki_cywilne>32</w_tym_spolki_cywilne>
		<spóldzielnie>9</spóldzielnie>
		<fundacje>0</fundacje>
		<stowarzyszenia_i_organizacje_spoleczne>0</stowarzyszenia_i_organizacje_spoleczne>
		<osoby_fizyczne_prowadzace_dzialalnosc_gospodarcza>189</osoby_fizyczne_prowadzace_dzialalnosc_gospodarcza>
	</dane_tablica_T9>
	<dane_tablica_T9>
		<PKD_Sekcja>C</PKD_Sekcja>
		<PKD_Dzial>22</PKD_Dzial>
		<PKD_opis>Produkcja wyrobów z gumy i tworzyw sztucznych</PKD_opis>
		<Ogolem>16153</Ogolem>
		<przedsiebiorstwa_panstwowe>2</przedsiebiorstwa_panstwowe>
		<spolki_razem>6647</spolki_razem>
		<w_tym_spolki_handlowe>4583</w_tym_spolki_handlowe>
		<w_tym_spolki_cywilne>2064</w_tym_spolki_cywilne>
		<spóldzielnie>57</spóldzielnie>
		<fundacje>0</fundacje>
		<stowarzyszenia_i_organizacje_spoleczne>0</stowarzyszenia_i_organizacje_spoleczne>
		<osoby_fizyczne_prowadzace_dzialalnosc_gospodarcza>9412</osoby_fizyczne_prowadzace_dzialalnosc_gospodarcza>
	</dane_tablica_T9>
	<dane_tablica_T9>
		<PKD_Sekcja>C</PKD_Sekcja>
		<PKD_Dzial>23</PKD_Dzial>
		<PKD_opis>Produkcja wyrobów z pozostałych mineralnych surowców niemetalicznych</PKD_opis>
		<Ogolem>20743</Ogolem>
		<przedsiebiorstwa_panstwowe>8</przedsiebiorstwa_panstwowe>
		<spolki_razem>6274</spolki_razem>
		<w_tym_spolki_handlowe>3997</w_tym_spolki_handlowe>
		<w_tym_spolki_cywilne>2277</w_tym_spolki_cywilne>
		<spóldzielnie>74</spóldzielnie>
		<fundacje>0</fundacje>
		<stowarzyszenia_i_organizacje_spoleczne>0</stowarzyszenia_i_organizacje_spoleczne>
		<osoby_fizyczne_prowadzace_dzialalnosc_gospodarcza>14370</osoby_fizyczne_prowadzace_dzialalnosc_gospodarcza>
	</dane_tablica_T9>
	<dane_tablica_T9>
		<PKD_Sekcja>C</PKD_Sekcja>
		<PKD_Dzial>24</PKD_Dzial>
		<PKD_opis>Produkcja metali</PKD_opis>
		<Ogolem>2362</Ogolem>
		<przedsiebiorstwa_panstwowe>0</przedsiebiorstwa_panstwowe>
		<spolki_razem>1179</spolki_razem>
		<w_tym_spolki_handlowe>996</w_tym_spolki_handlowe>
		<w_tym_spolki_cywilne>183</w_tym_spolki_cywilne>
		<spóldzielnie>10</spóldzielnie>
		<fundacje>0</fundacje>
		<stowarzyszenia_i_organizacje_spoleczne>0</stowarzyszenia_i_organizacje_spoleczne>
		<osoby_fizyczne_prowadzace_dzialalnosc_gospodarcza>1166</osoby_fizyczne_prowadzace_dzialalnosc_gospodarcza>
	</dane_tablica_T9>
	<dane_tablica_T9>
		<PKD_Sekcja>C</PKD_Sekcja>
		<PKD_Dzial>25</PKD_Dzial>
		<PKD_opis>Produkcja metalowych wyrobów gotowych, z wyłączeniem maszyn i urządzeń</PKD_opis>
		<Ogolem>64491</Ogolem>
		<przedsiebiorstwa_panstwowe>2</przedsiebiorstwa_panstwowe>
		<spolki_razem>13102</spolki_razem>
		<w_tym_spolki_handlowe>8941</w_tym_spolki_handlowe>
		<w_tym_spolki_cywilne>4161</w_tym_spolki_cywilne>
		<spóldzielnie>154</spóldzielnie>
		<fundacje>0</fundacje>
		<stowarzyszenia_i_organizacje_spoleczne>2</stowarzyszenia_i_organizacje_spoleczne>
		<osoby_fizyczne_prowadzace_dzialalnosc_gospodarcza>51181</osoby_fizyczne_prowadzace_dzialalnosc_gospodarcza>
	</dane_tablica_T9>
	<dane_tablica_T9>
		<PKD_Sekcja>C</PKD_Sekcja>
		<PKD_Dzial>26</PKD_Dzial>
		<PKD_opis>Produkcja komputerów, wyrobów elektronicznych i optycznych</PKD_opis>
		<Ogolem>6934</Ogolem>
		<przedsiebiorstwa_panstwowe>5</przedsiebiorstwa_panstwowe>
		<spolki_razem>2945</spolki_razem>
		<w_tym_spolki_handlowe>2273</w_tym_spolki_handlowe>
		<w_tym_spolki_cywilne>672</w_tym_spolki_cywilne>
		<spóldzielnie>18</spóldzielnie>
		<fundacje>0</fundacje>
		<stowarzyszenia_i_organizacje_spoleczne>1</stowarzyszenia_i_organizacje_spoleczne>
		<osoby_fizyczne_prowadzace_dzialalnosc_gospodarcza>3932</osoby_fizyczne_prowadzace_dzialalnosc_gospodarcza>
	</dane_tablica_T9>
	<dane_tablica_T9>
		<PKD_Sekcja>C</PKD_Sekcja>
		<PKD_Dzial>27</PKD_Dzial>
		<PKD_opis>Produkcja urządzeń elektrycznych</PKD_opis>
		<Ogolem>4371</Ogolem>
		<przedsiebiorstwa_panstwowe>1</przedsiebiorstwa_panstwowe>
		<spolki_razem>2063</spolki_razem>
		<w_tym_spolki_handlowe>1624</w_tym_spolki_handlowe>
		<w_tym_spolki_cywilne>439</w_tym_spolki_cywilne>
		<spóldzielnie>38</spóldzielnie>
		<fundacje>0</fundacje>
		<stowarzyszenia_i_organizacje_spoleczne>0</stowarzyszenia_i_organizacje_spoleczne>
		<osoby_fizyczne_prowadzace_dzialalnosc_gospodarcza>2248</osoby_fizyczne_prowadzace_dzialalnosc_gospodarcza>
	</dane_tablica_T9>
	<dane_tablica_T9>
		<PKD_Sekcja>C</PKD_Sekcja>
		<PKD_Dzial>28</PKD_Dzial>
		<PKD_opis>Produkcja maszyn i urządzeń, gdzie indziej niesklasyfikowana</PKD_opis>
		<Ogolem>9715</Ogolem>
		<przedsiebiorstwa_panstwowe>9</przedsiebiorstwa_panstwowe>
		<spolki_razem>4531</spolki_razem>
		<w_tym_spolki_handlowe>3628</w_tym_spolki_handlowe>
		<w_tym_spolki_cywilne>903</w_tym_spolki_cywilne>
		<spóldzielnie>34</spóldzielnie>
		<fundacje>0</fundacje>
		<stowarzyszenia_i_organizacje_spoleczne>1</stowarzyszenia_i_organizacje_spoleczne>
		<osoby_fizyczne_prowadzace_dzialalnosc_gospodarcza>5089</osoby_fizyczne_prowadzace_dzialalnosc_gospodarcza>
	</dane_tablica_T9>
	<dane_tablica_T9>
		<PKD_Sekcja>C</PKD_Sekcja>
		<PKD_Dzial>29</PKD_Dzial>
		<PKD_opis>Produkcja pojazdów samochodowych, przyczep i naczep, z wyłączeniem motocykli</PKD_opis>
		<Ogolem>2762</Ogolem>
		<przedsiebiorstwa_panstwowe>0</przedsiebiorstwa_panstwowe>
		<spolki_razem>1415</spolki_razem>
		<w_tym_spolki_handlowe>1122</w_tym_spolki_handlowe>
		<w_tym_spolki_cywilne>293</w_tym_spolki_cywilne>
		<spóldzielnie>25</spóldzielnie>
		<fundacje>0</fundacje>
		<stowarzyszenia_i_organizacje_spoleczne>0</stowarzyszenia_i_organizacje_spoleczne>
		<osoby_fizyczne_prowadzace_dzialalnosc_gospodarcza>1310</osoby_fizyczne_prowadzace_dzialalnosc_gospodarcza>
	</dane_tablica_T9>
	<dane_tablica_T9>
		<PKD_Sekcja>C</PKD_Sekcja>
		<PKD_Dzial>30</PKD_Dzial>
		<PKD_opis>Produkcja pozostałego sprzętu transportowego</PKD_opis>
		<Ogolem>3689</Ogolem>
		<przedsiebiorstwa_panstwowe>0</przedsiebiorstwa_panstwowe>
		<spolki_razem>1414</spolki_razem>
		<w_tym_spolki_handlowe>1150</w_tym_spolki_handlowe>
		<w_tym_spolki_cywilne>264</w_tym_spolki_cywilne>
		<spóldzielnie>13</spóldzielnie>
		<fundacje>0</fundacje>
		<stowarzyszenia_i_organizacje_spoleczne>0</stowarzyszenia_i_organizacje_spoleczne>
		<osoby_fizyczne_prowadzace_dzialalnosc_gospodarcza>2255</osoby_fizyczne_prowadzace_dzialalnosc_gospodarcza>
	</dane_tablica_T9>
	<dane_tablica_T9>
		<PKD_Sekcja>C</PKD_Sekcja>
		<PKD_Dzial>31</PKD_Dzial>
		<PKD_opis>Produkcja mebli</PKD_opis>
		<Ogolem>29461</Ogolem>
		<przedsiebiorstwa_panstwowe>1</przedsiebiorstwa_panstwowe>
		<spolki_razem>5102</spolki_razem>
		<w_tym_spolki_handlowe>2845</w_tym_spolki_handlowe>
		<w_tym_spolki_cywilne>2257</w_tym_spolki_cywilne>
		<spóldzielnie>101</spóldzielnie>
		<fundacje>0</fundacje>
		<stowarzyszenia_i_organizacje_spoleczne>0</stowarzyszenia_i_organizacje_spoleczne>
		<osoby_fizyczne_prowadzace_dzialalnosc_gospodarcza>24250</osoby_fizyczne_prowadzace_dzialalnosc_gospodarcza>
	</dane_tablica_T9>
	<dane_tablica_T9>
		<PKD_Sekcja>C</PKD_Sekcja>
		<PKD_Dzial>32</PKD_Dzial>
		<PKD_opis>Pozostała produkcja wyrobów</PKD_opis>
		<Ogolem>24147</Ogolem>
		<przedsiebiorstwa_panstwowe>2</przedsiebiorstwa_panstwowe>
		<spolki_razem>4485</spolki_razem>
		<w_tym_spolki_handlowe>2497</w_tym_spolki_handlowe>
		<w_tym_spolki_cywilne>1988</w_tym_spolki_cywilne>
		<spóldzielnie>75</spóldzielnie>
		<fundacje>0</fundacje>
		<stowarzyszenia_i_organizacje_spoleczne>0</stowarzyszenia_i_organizacje_spoleczne>
		<osoby_fizyczne_prowadzace_dzialalnosc_gospodarcza>19556</osoby_fizyczne_prowadzace_dzialalnosc_gospodarcza>
	</dane_tablica_T9>
	<dane_tablica_T9>
		<PKD_Sekcja>C</PKD_Sekcja>
		<PKD_Dzial>33</PKD_Dzial>
		<PKD_opis>Naprawa, konserwacja i instalowanie maszyn i urządzeń</PKD_opis>
		<Ogolem>46522</Ogolem>
		<przedsiebiorstwa_panstwowe>7</przedsiebiorstwa_panstwowe>
		<spolki_razem>7316</spolki_razem>
		<w_tym_spolki_handlowe>4873</w_tym_spolki_handlowe>
		<w_tym_spolki_cywilne>2439</w_tym_spolki_cywilne>
		<spóldzielnie>50</spóldzielnie>
		<fundacje>1</fundacje>
		<stowarzyszenia_i_organizacje_spoleczne>1</stowarzyszenia_i_organizacje_spoleczne>
		<osoby_fizyczne_prowadzace_dzialalnosc_gospodarcza>39081</osoby_fizyczne_prowadzace_dzialalnosc_gospodarcza>
	</dane_tablica_T9>
	<dane_tablica_T9>
		<PKD_Sekcja>D</PKD_Sekcja>
		<PKD_Dzial>35</PKD_Dzial>
		<PKD_opis>Wytwarzanie i zaopatrywanie w energię elektryczną, gaz, parę wodną, gorącą wodę i powietrze do układów klimatyzacyjnych</PKD_opis>
		<Ogolem>9452</Ogolem>
		<przedsiebiorstwa_panstwowe>0</przedsiebiorstwa_panstwowe>
		<spolki_razem>7567</spolki_razem>
		<w_tym_spolki_handlowe>7194</w_tym_spolki_handlowe>
		<w_tym_spolki_cywilne>373</w_tym_spolki_cywilne>
		<spóldzielnie>31</spóldzielnie>
		<fundacje>0</fundacje>
		<stowarzyszenia_i_organizacje_spoleczne>0</stowarzyszenia_i_organizacje_spoleczne>
		<osoby_fizyczne_prowadzace_dzialalnosc_gospodarcza>1827</osoby_fizyczne_prowadzace_dzialalnosc_gospodarcza>
	</dane_tablica_T9>
	<dane_tablica_T9>
		<PKD_Sekcja>E</PKD_Sekcja>
		<PKD_Dzial>36</PKD_Dzial>
		<PKD_opis>Pobór, uzdatnianie i dostarczanie wody</PKD_opis>
		<Ogolem>1863</Ogolem>
		<przedsiebiorstwa_panstwowe>3</przedsiebiorstwa_panstwowe>
		<spolki_razem>1093</spolki_razem>
		<w_tym_spolki_handlowe>751</w_tym_spolki_handlowe>
		<w_tym_spolki_cywilne>34</w_tym_spolki_cywilne>
		<spóldzielnie>5</spóldzielnie>
		<fundacje>0</fundacje>
		<stowarzyszenia_i_organizacje_spoleczne>0</stowarzyszenia_i_organizacje_spoleczne>
		<osoby_fizyczne_prowadzace_dzialalnosc_gospodarcza>230</osoby_fizyczne_prowadzace_dzialalnosc_gospodarcza>
	</dane_tablica_T9>
	<dane_tablica_T9>
		<PKD_Sekcja>E</PKD_Sekcja>
		<PKD_Dzial>37</PKD_Dzial>
		<PKD_opis>Odprowadzanie i oczyszczanie ścieków</PKD_opis>
		<Ogolem>2727</Ogolem>
		<przedsiebiorstwa_panstwowe>0</przedsiebiorstwa_panstwowe>
		<spolki_razem>538</spolki_razem>
		<w_tym_spolki_handlowe>329</w_tym_spolki_handlowe>
		<w_tym_spolki_cywilne>121</w_tym_spolki_cywilne>
		<spóldzielnie>4</spóldzielnie>
		<fundacje>0</fundacje>
		<stowarzyszenia_i_organizacje_spoleczne>0</stowarzyszenia_i_organizacje_spoleczne>
		<osoby_fizyczne_prowadzace_dzialalnosc_gospodarcza>2071</osoby_fizyczne_prowadzace_dzialalnosc_gospodarcza>
	</dane_tablica_T9>
	<dane_tablica_T9>
		<PKD_Sekcja>E</PKD_Sekcja>
		<PKD_Dzial>38</PKD_Dzial>
		<PKD_opis>Działalność związana ze zbieraniem, przetwarzaniem i unieszkodliwianiem odpadów; odzysk surowców</PKD_opis>
		<Ogolem>9221</Ogolem>
		<przedsiebiorstwa_panstwowe>1</przedsiebiorstwa_panstwowe>
		<spolki_razem>4226</spolki_razem>
		<w_tym_spolki_handlowe>3533</w_tym_spolki_handlowe>
		<w_tym_spolki_cywilne>680</w_tym_spolki_cywilne>
		<spóldzielnie>36</spóldzielnie>
		<fundacje>1</fundacje>
		<stowarzyszenia_i_organizacje_spoleczne>1</stowarzyszenia_i_organizacje_spoleczne>
		<osoby_fizyczne_prowadzace_dzialalnosc_gospodarcza>4856</osoby_fizyczne_prowadzace_dzialalnosc_gospodarcza>
	</dane_tablica_T9>
	<dane_tablica_T9>
		<PKD_Sekcja>E</PKD_Sekcja>
		<PKD_Dzial>39</PKD_Dzial>
		<PKD_opis>Działalność związana z rekultywacją i pozostała działalność usługowa związana z gospodarką odpadami</PKD_opis>
		<Ogolem>703</Ogolem>
		<przedsiebiorstwa_panstwowe>0</przedsiebiorstwa_panstwowe>
		<spolki_razem>459</spolki_razem>
		<w_tym_spolki_handlowe>430</w_tym_spolki_handlowe>
		<w_tym_spolki_cywilne>28</w_tym_spolki_cywilne>
		<spóldzielnie>2</spóldzielnie>
		<fundacje>0</fundacje>
		<stowarzyszenia_i_organizacje_spoleczne>0</stowarzyszenia_i_organizacje_spoleczne>
		<osoby_fizyczne_prowadzace_dzialalnosc_gospodarcza>238</osoby_fizyczne_prowadzace_dzialalnosc_gospodarcza>
	</dane_tablica_T9>
	<dane_tablica_T9>
		<PKD_Sekcja>F</PKD_Sekcja>
		<PKD_Dzial>41</PKD_Dzial>
		<PKD_opis>Roboty budowlane związane ze wznoszeniem budynków</PKD_opis>
		<Ogolem>156353</Ogolem>
		<przedsiebiorstwa_panstwowe>20</przedsiebiorstwa_panstwowe>
		<spolki_razem>46291</spolki_razem>
		<w_tym_spolki_handlowe>37346</w_tym_spolki_handlowe>
		<w_tym_spolki_cywilne>8943</w_tym_spolki_cywilne>
		<spóldzielnie>1859</spóldzielnie>
		<fundacje>2</fundacje>
		<stowarzyszenia_i_organizacje_spoleczne>1</stowarzyszenia_i_organizacje_spoleczne>
		<osoby_fizyczne_prowadzace_dzialalnosc_gospodarcza>108008</osoby_fizyczne_prowadzace_dzialalnosc_gospodarcza>
	</dane_tablica_T9>
	<dane_tablica_T9>
		<PKD_Sekcja>F</PKD_Sekcja>
		<PKD_Dzial>42</PKD_Dzial>
		<PKD_opis>Roboty związane z budową obiektów inżynierii lądowej i wodnej</PKD_opis>
		<Ogolem>35563</Ogolem>
		<przedsiebiorstwa_panstwowe>4</przedsiebiorstwa_panstwowe>
		<spolki_razem>10724</spolki_razem>
		<w_tym_spolki_handlowe>7149</w_tym_spolki_handlowe>
		<w_tym_spolki_cywilne>3237</w_tym_spolki_cywilne>
		<spóldzielnie>157</spóldzielnie>
		<fundacje>0</fundacje>
		<stowarzyszenia_i_organizacje_spoleczne>3</stowarzyszenia_i_organizacje_spoleczne>
		<osoby_fizyczne_prowadzace_dzialalnosc_gospodarcza>24462</osoby_fizyczne_prowadzace_dzialalnosc_gospodarcza>
	</dane_tablica_T9>
	<dane_tablica_T9>
		<PKD_Sekcja>F</PKD_Sekcja>
		<PKD_Dzial>43</PKD_Dzial>
		<PKD_opis>Roboty budowlane specjalistyczne</PKD_opis>
		<Ogolem>319089</Ogolem>
		<przedsiebiorstwa_panstwowe>2</przedsiebiorstwa_panstwowe>
		<spolki_razem>27966</spolki_razem>
		<w_tym_spolki_handlowe>14447</w_tym_spolki_handlowe>
		<w_tym_spolki_cywilne>13475</w_tym_spolki_cywilne>
		<spóldzielnie>234</spóldzielnie>
		<fundacje>1</fundacje>
		<stowarzyszenia_i_organizacje_spoleczne>2</stowarzyszenia_i_organizacje_spoleczne>
		<osoby_fizyczne_prowadzace_dzialalnosc_gospodarcza>290803</osoby_fizyczne_prowadzace_dzialalnosc_gospodarcza>
	</dane_tablica_T9>
	<dane_tablica_T9>
		<PKD_Sekcja>G</PKD_Sekcja>
		<PKD_Dzial>45</PKD_Dzial>
		<PKD_opis>Handel hurtowy i detaliczny pojazdami samochodowymi; naprawa pojazdów samochodowych</PKD_opis>
		<Ogolem>157672</Ogolem>
		<przedsiebiorstwa_panstwowe>3</przedsiebiorstwa_panstwowe>
		<spolki_razem>24544</spolki_razem>
		<w_tym_spolki_handlowe>11697</w_tym_spolki_handlowe>
		<w_tym_spolki_cywilne>12847</w_tym_spolki_cywilne>
		<spóldzielnie>55</spóldzielnie>
		<fundacje>0</fundacje>
		<stowarzyszenia_i_organizacje_spoleczne>3</stowarzyszenia_i_organizacje_spoleczne>
		<osoby_fizyczne_prowadzace_dzialalnosc_gospodarcza>133003</osoby_fizyczne_prowadzace_dzialalnosc_gospodarcza>
	</dane_tablica_T9>
	<dane_tablica_T9>
		<PKD_Sekcja>G</PKD_Sekcja>
		<PKD_Dzial>46</PKD_Dzial>
		<PKD_opis>Handel hurtowy, z wyłączeniem handlu pojazdami samochodowymi</PKD_opis>
		<Ogolem>296311</Ogolem>
		<przedsiebiorstwa_panstwowe>5</przedsiebiorstwa_panstwowe>
		<spolki_razem>133520</spolki_razem>
		<w_tym_spolki_handlowe>94005</w_tym_spolki_handlowe>
		<w_tym_spolki_cywilne>39513</w_tym_spolki_cywilne>
		<spóldzielnie>1261</spóldzielnie>
		<fundacje>1</fundacje>
		<stowarzyszenia_i_organizacje_spoleczne>7</stowarzyszenia_i_organizacje_spoleczne>
		<osoby_fizyczne_prowadzace_dzialalnosc_gospodarcza>160522</osoby_fizyczne_prowadzace_dzialalnosc_gospodarcza>
	</dane_tablica_T9>
	<dane_tablica_T9>
		<PKD_Sekcja>G</PKD_Sekcja>
		<PKD_Dzial>47</PKD_Dzial>
		<PKD_opis>Handel detaliczny, z wyłączeniem handlu detalicznego pojazdami samochodowymi</PKD_opis>
		<Ogolem>579187</Ogolem>
		<przedsiebiorstwa_panstwowe>4</przedsiebiorstwa_panstwowe>
		<spolki_razem>104339</spolki_razem>
		<w_tym_spolki_handlowe>38072</w_tym_spolki_handlowe>
		<w_tym_spolki_cywilne>66267</w_tym_spolki_cywilne>
		<spóldzielnie>1711</spóldzielnie>
		<fundacje>13</fundacje>
		<stowarzyszenia_i_organizacje_spoleczne>3</stowarzyszenia_i_organizacje_spoleczne>
		<osoby_fizyczne_prowadzace_dzialalnosc_gospodarcza>472998</osoby_fizyczne_prowadzace_dzialalnosc_gospodarcza>
	</dane_tablica_T9>
	<dane_tablica_T9>
		<PKD_Sekcja>H</PKD_Sekcja>
		<PKD_Dzial>49</PKD_Dzial>
		<PKD_opis>Transport lądowy oraz transport rurociągowy</PKD_opis>
		<Ogolem>233381</Ogolem>
		<przedsiebiorstwa_panstwowe>2</przedsiebiorstwa_panstwowe>
		<spolki_razem>25370</spolki_razem>
		<w_tym_spolki_handlowe>15697</w_tym_spolki_handlowe>
		<w_tym_spolki_cywilne>9673</w_tym_spolki_cywilne>
		<spóldzielnie>124</spóldzielnie>
		<fundacje>0</fundacje>
		<stowarzyszenia_i_organizacje_spoleczne>6</stowarzyszenia_i_organizacje_spoleczne>
		<osoby_fizyczne_prowadzace_dzialalnosc_gospodarcza>207775</osoby_fizyczne_prowadzace_dzialalnosc_gospodarcza>
	</dane_tablica_T9>
	<dane_tablica_T9>
		<PKD_Sekcja>H</PKD_Sekcja>
		<PKD_Dzial>50</PKD_Dzial>
		<PKD_opis>Transport wodny</PKD_opis>
		<Ogolem>1570</Ogolem>
		<przedsiebiorstwa_panstwowe>1</przedsiebiorstwa_panstwowe>
		<spolki_razem>354</spolki_razem>
		<w_tym_spolki_handlowe>232</w_tym_spolki_handlowe>
		<w_tym_spolki_cywilne>122</w_tym_spolki_cywilne>
		<spóldzielnie>2</spóldzielnie>
		<fundacje>0</fundacje>
		<stowarzyszenia_i_organizacje_spoleczne>0</stowarzyszenia_i_organizacje_spoleczne>
		<osoby_fizyczne_prowadzace_dzialalnosc_gospodarcza>1201</osoby_fizyczne_prowadzace_dzialalnosc_gospodarcza>
	</dane_tablica_T9>
	<dane_tablica_T9>
		<PKD_Sekcja>H</PKD_Sekcja>
		<PKD_Dzial>51</PKD_Dzial>
		<PKD_opis>Transport lotniczy</PKD_opis>
		<Ogolem>773</Ogolem>
		<przedsiebiorstwa_panstwowe>0</przedsiebiorstwa_panstwowe>
		<spolki_razem>181</spolki_razem>
		<w_tym_spolki_handlowe>176</w_tym_spolki_handlowe>
		<w_tym_spolki_cywilne>5</w_tym_spolki_cywilne>
		<spóldzielnie>1</spóldzielnie>
		<fundacje>1</fundacje>
		<stowarzyszenia_i_organizacje_spoleczne>0</stowarzyszenia_i_organizacje_spoleczne>
		<osoby_fizyczne_prowadzace_dzialalnosc_gospodarcza>534</osoby_fizyczne_prowadzace_dzialalnosc_gospodarcza>
	</dane_tablica_T9>
	<dane_tablica_T9>
		<PKD_Sekcja>H</PKD_Sekcja>
		<PKD_Dzial>52</PKD_Dzial>
		<PKD_opis>Magazynowanie i działalność usługowa wspomagająca transport</PKD_opis>
		<Ogolem>22152</Ogolem>
		<przedsiebiorstwa_panstwowe>3</przedsiebiorstwa_panstwowe>
		<spolki_razem>6688</spolki_razem>
		<w_tym_spolki_handlowe>5022</w_tym_spolki_handlowe>
		<w_tym_spolki_cywilne>1666</w_tym_spolki_cywilne>
		<spóldzielnie>12</spóldzielnie>
		<fundacje>0</fundacje>
		<stowarzyszenia_i_organizacje_spoleczne>4</stowarzyszenia_i_organizacje_spoleczne>
		<osoby_fizyczne_prowadzace_dzialalnosc_gospodarcza>15204</osoby_fizyczne_prowadzace_dzialalnosc_gospodarcza>
	</dane_tablica_T9>
	<dane_tablica_T9>
		<PKD_Sekcja>H</PKD_Sekcja>
		<PKD_Dzial>53</PKD_Dzial>
		<PKD_opis>Działalność pocztowa i kurierska</PKD_opis>
		<Ogolem>5642</Ogolem>
		<przedsiebiorstwa_panstwowe>0</przedsiebiorstwa_panstwowe>
		<spolki_razem>526</spolki_razem>
		<w_tym_spolki_handlowe>409</w_tym_spolki_handlowe>
		<w_tym_spolki_cywilne>117</w_tym_spolki_cywilne>
		<spóldzielnie>3</spóldzielnie>
		<fundacje>0</fundacje>
		<stowarzyszenia_i_organizacje_spoleczne>0</stowarzyszenia_i_organizacje_spoleczne>
		<osoby_fizyczne_prowadzace_dzialalnosc_gospodarcza>5110</osoby_fizyczne_prowadzace_dzialalnosc_gospodarcza>
	</dane_tablica_T9>
	<dane_tablica_T9>
		<PKD_Sekcja>I</PKD_Sekcja>
		<PKD_Dzial>55</PKD_Dzial>
		<PKD_opis>Zakwaterowanie</PKD_opis>
		<Ogolem>36819</Ogolem>
		<przedsiebiorstwa_panstwowe>0</przedsiebiorstwa_panstwowe>
		<spolki_razem>7057</spolki_razem>
		<w_tym_spolki_handlowe>5179</w_tym_spolki_handlowe>
		<w_tym_spolki_cywilne>1878</w_tym_spolki_cywilne>
		<spóldzielnie>46</spóldzielnie>
		<fundacje>4</fundacje>
		<stowarzyszenia_i_organizacje_spoleczne>1</stowarzyszenia_i_organizacje_spoleczne>
		<osoby_fizyczne_prowadzace_dzialalnosc_gospodarcza>28746</osoby_fizyczne_prowadzace_dzialalnosc_gospodarcza>
	</dane_tablica_T9>
	<dane_tablica_T9>
		<PKD_Sekcja>I</PKD_Sekcja>
		<PKD_Dzial>56</PKD_Dzial>
		<PKD_opis>Działalność usługowa związana z wyżywieniem</PKD_opis>
		<Ogolem>96843</Ogolem>
		<przedsiebiorstwa_panstwowe>0</przedsiebiorstwa_panstwowe>
		<spolki_razem>27241</spolki_razem>
		<w_tym_spolki_handlowe>10270</w_tym_spolki_handlowe>
		<w_tym_spolki_cywilne>16971</w_tym_spolki_cywilne>
		<spóldzielnie>248</spóldzielnie>
		<fundacje>1</fundacje>
		<stowarzyszenia_i_organizacje_spoleczne>1</stowarzyszenia_i_organizacje_spoleczne>
		<osoby_fizyczne_prowadzace_dzialalnosc_gospodarcza>69321</osoby_fizyczne_prowadzace_dzialalnosc_gospodarcza>
	</dane_tablica_T9>
	<dane_tablica_T9>
		<PKD_Sekcja>J</PKD_Sekcja>
		<PKD_Dzial>58</PKD_Dzial>
		<PKD_opis>Działalność wydawnicza</PKD_opis>
		<Ogolem>14404</Ogolem>
		<przedsiebiorstwa_panstwowe>1</przedsiebiorstwa_panstwowe>
		<spolki_razem>6610</spolki_razem>
		<w_tym_spolki_handlowe>4711</w_tym_spolki_handlowe>
		<w_tym_spolki_cywilne>1899</w_tym_spolki_cywilne>
		<spóldzielnie>93</spóldzielnie>
		<fundacje>10</fundacje>
		<stowarzyszenia_i_organizacje_spoleczne>20</stowarzyszenia_i_organizacje_spoleczne>
		<osoby_fizyczne_prowadzace_dzialalnosc_gospodarcza>7621</osoby_fizyczne_prowadzace_dzialalnosc_gospodarcza>
	</dane_tablica_T9>
	<dane_tablica_T9>
		<PKD_Sekcja>J</PKD_Sekcja>
		<PKD_Dzial>59</PKD_Dzial>
		<PKD_opis>Działalność związana z produkcją filmów, nagrań wideo, programów telewizyjnych, nagrań dźwiękowych i muzycznych</PKD_opis>
		<Ogolem>14062</Ogolem>
		<przedsiebiorstwa_panstwowe>1</przedsiebiorstwa_panstwowe>
		<spolki_razem>3003</spolki_razem>
		<w_tym_spolki_handlowe>2372</w_tym_spolki_handlowe>
		<w_tym_spolki_cywilne>631</w_tym_spolki_cywilne>
		<spóldzielnie>13</spóldzielnie>
		<fundacje>3</fundacje>
		<stowarzyszenia_i_organizacje_spoleczne>1</stowarzyszenia_i_organizacje_spoleczne>
		<osoby_fizyczne_prowadzace_dzialalnosc_gospodarcza>11006</osoby_fizyczne_prowadzace_dzialalnosc_gospodarcza>
	</dane_tablica_T9>
	<dane_tablica_T9>
		<PKD_Sekcja>J</PKD_Sekcja>
		<PKD_Dzial>60</PKD_Dzial>
		<PKD_opis>Nadawanie programów ogólnodostępnych i abonamentowych</PKD_opis>
		<Ogolem>873</Ogolem>
		<przedsiebiorstwa_panstwowe>0</przedsiebiorstwa_panstwowe>
		<spolki_razem>588</spolki_razem>
		<w_tym_spolki_handlowe>483</w_tym_spolki_handlowe>
		<w_tym_spolki_cywilne>105</w_tym_spolki_cywilne>
		<spóldzielnie>1</spóldzielnie>
		<fundacje>1</fundacje>
		<stowarzyszenia_i_organizacje_spoleczne>3</stowarzyszenia_i_organizacje_spoleczne>
		<osoby_fizyczne_prowadzace_dzialalnosc_gospodarcza>271</osoby_fizyczne_prowadzace_dzialalnosc_gospodarcza>
	</dane_tablica_T9>
	<dane_tablica_T9>
		<PKD_Sekcja>J</PKD_Sekcja>
		<PKD_Dzial>61</PKD_Dzial>
		<PKD_opis>Telekomunikacja</PKD_opis>
		<Ogolem>9756</Ogolem>
		<przedsiebiorstwa_panstwowe>0</przedsiebiorstwa_panstwowe>
		<spolki_razem>3134</spolki_razem>
		<w_tym_spolki_handlowe>2454</w_tym_spolki_handlowe>
		<w_tym_spolki_cywilne>680</w_tym_spolki_cywilne>
		<spóldzielnie>5</spóldzielnie>
		<fundacje>0</fundacje>
		<stowarzyszenia_i_organizacje_spoleczne>2</stowarzyszenia_i_organizacje_spoleczne>
		<osoby_fizyczne_prowadzace_dzialalnosc_gospodarcza>6598</osoby_fizyczne_prowadzace_dzialalnosc_gospodarcza>
	</dane_tablica_T9>
	<dane_tablica_T9>
		<PKD_Sekcja>J</PKD_Sekcja>
		<PKD_Dzial>62</PKD_Dzial>
		<PKD_opis>Działalność związana z oprogramowaniem i doradztwem w zakresie informatyki oraz dzialalność powiązana</PKD_opis>
		<Ogolem>92658</Ogolem>
		<przedsiebiorstwa_panstwowe>0</przedsiebiorstwa_panstwowe>
		<spolki_razem>20826</spolki_razem>
		<w_tym_spolki_handlowe>17623</w_tym_spolki_handlowe>
		<w_tym_spolki_cywilne>3203</w_tym_spolki_cywilne>
		<spóldzielnie>25</spóldzielnie>
		<fundacje>5</fundacje>
		<stowarzyszenia_i_organizacje_spoleczne>2</stowarzyszenia_i_organizacje_spoleczne>
		<osoby_fizyczne_prowadzace_dzialalnosc_gospodarcza>71653</osoby_fizyczne_prowadzace_dzialalnosc_gospodarcza>
	</dane_tablica_T9>
	<dane_tablica_T9>
		<PKD_Sekcja>J</PKD_Sekcja>
		<PKD_Dzial>63</PKD_Dzial>
		<PKD_opis>Działalność usługowa w zakresie informacji</PKD_opis>
		<Ogolem>19425</Ogolem>
		<przedsiebiorstwa_panstwowe>0</przedsiebiorstwa_panstwowe>
		<spolki_razem>8939</spolki_razem>
		<w_tym_spolki_handlowe>7774</w_tym_spolki_handlowe>
		<w_tym_spolki_cywilne>1165</w_tym_spolki_cywilne>
		<spóldzielnie>19</spóldzielnie>
		<fundacje>6</fundacje>
		<stowarzyszenia_i_organizacje_spoleczne>3</stowarzyszenia_i_organizacje_spoleczne>
		<osoby_fizyczne_prowadzace_dzialalnosc_gospodarcza>10410</osoby_fizyczne_prowadzace_dzialalnosc_gospodarcza>
	</dane_tablica_T9>
	<dane_tablica_T9>
		<PKD_Sekcja>K</PKD_Sekcja>
		<PKD_Dzial>64</PKD_Dzial>
		<PKD_opis>Finansowa działalność usługowa, z wyłączeniem ubezpieczeń i funduszów emerytalnych</PKD_opis>
		<Ogolem>27101</Ogolem>
		<przedsiebiorstwa_panstwowe>0</przedsiebiorstwa_panstwowe>
		<spolki_razem>11534</spolki_razem>
		<w_tym_spolki_handlowe>10305</w_tym_spolki_handlowe>
		<w_tym_spolki_cywilne>1229</w_tym_spolki_cywilne>
		<spóldzielnie>692</spóldzielnie>
		<fundacje>3</fundacje>
		<stowarzyszenia_i_organizacje_spoleczne>1183</stowarzyszenia_i_organizacje_spoleczne>
		<osoby_fizyczne_prowadzace_dzialalnosc_gospodarcza>12505</osoby_fizyczne_prowadzace_dzialalnosc_gospodarcza>
	</dane_tablica_T9>
	<dane_tablica_T9>
		<PKD_Sekcja>K</PKD_Sekcja>
		<PKD_Dzial>65</PKD_Dzial>
		<PKD_opis>Ubezpieczenia, reasekuracja oraz fundusze emerytalne, z wyłączeniem obowiązkowego ubezpieczenia społecznego</PKD_opis>
		<Ogolem>1300</Ogolem>
		<przedsiebiorstwa_panstwowe>0</przedsiebiorstwa_panstwowe>
		<spolki_razem>174</spolki_razem>
		<w_tym_spolki_handlowe>144</w_tym_spolki_handlowe>
		<w_tym_spolki_cywilne>30</w_tym_spolki_cywilne>
		<spóldzielnie>0</spóldzielnie>
		<fundacje>0</fundacje>
		<stowarzyszenia_i_organizacje_spoleczne>0</stowarzyszenia_i_organizacje_spoleczne>
		<osoby_fizyczne_prowadzace_dzialalnosc_gospodarcza>1056</osoby_fizyczne_prowadzace_dzialalnosc_gospodarcza>
	</dane_tablica_T9>
	<dane_tablica_T9>
		<PKD_Sekcja>K</PKD_Sekcja>
		<PKD_Dzial>66</PKD_Dzial>
		<PKD_opis>Działalność wspomagająca usługi finansowe oraz ubezpieczenia i fundusze emerytalne</PKD_opis>
		<Ogolem>95026</Ogolem>
		<przedsiebiorstwa_panstwowe>0</przedsiebiorstwa_panstwowe>
		<spolki_razem>9247</spolki_razem>
		<w_tym_spolki_handlowe>6669</w_tym_spolki_handlowe>
		<w_tym_spolki_cywilne>2578</w_tym_spolki_cywilne>
		<spóldzielnie>14</spóldzielnie>
		<fundacje>1</fundacje>
		<stowarzyszenia_i_organizacje_spoleczne>0</stowarzyszenia_i_organizacje_spoleczne>
		<osoby_fizyczne_prowadzace_dzialalnosc_gospodarcza>85683</osoby_fizyczne_prowadzace_dzialalnosc_gospodarcza>
	</dane_tablica_T9>
	<dane_tablica_T9>
		<PKD_Sekcja>L</PKD_Sekcja>
		<PKD_Dzial>68</PKD_Dzial>
		<PKD_opis>Działalność związana z obsługą rynku nieruchomości</PKD_opis>
		<Ogolem>246648</Ogolem>
		<przedsiebiorstwa_panstwowe>12</przedsiebiorstwa_panstwowe>
		<spolki_razem>35140</spolki_razem>
		<w_tym_spolki_handlowe>28985</w_tym_spolki_handlowe>
		<w_tym_spolki_cywilne>5725</w_tym_spolki_cywilne>
		<spóldzielnie>5370</spóldzielnie>
		<fundacje>2</fundacje>
		<stowarzyszenia_i_organizacje_spoleczne>15</stowarzyszenia_i_organizacje_spoleczne>
		<osoby_fizyczne_prowadzace_dzialalnosc_gospodarcza>39986</osoby_fizyczne_prowadzace_dzialalnosc_gospodarcza>
	</dane_tablica_T9>
	<dane_tablica_T9>
		<PKD_Sekcja>M</PKD_Sekcja>
		<PKD_Dzial>69</PKD_Dzial>
		<PKD_opis>Działalność prawnicza, rachunkowo-księgowa i doradztwo podatkowe</PKD_opis>
		<Ogolem>112038</Ogolem>
		<przedsiebiorstwa_panstwowe>0</przedsiebiorstwa_panstwowe>
		<spolki_razem>20864</spolki_razem>
		<w_tym_spolki_handlowe>13228</w_tym_spolki_handlowe>
		<w_tym_spolki_cywilne>7636</w_tym_spolki_cywilne>
		<spóldzielnie>119</spóldzielnie>
		<fundacje>2</fundacje>
		<stowarzyszenia_i_organizacje_spoleczne>5</stowarzyszenia_i_organizacje_spoleczne>
		<osoby_fizyczne_prowadzace_dzialalnosc_gospodarcza>89935</osoby_fizyczne_prowadzace_dzialalnosc_gospodarcza>
	</dane_tablica_T9>
	<dane_tablica_T9>
		<PKD_Sekcja>M</PKD_Sekcja>
		<PKD_Dzial>70</PKD_Dzial>
		<PKD_opis>Działalność firm centralnych (head offices); doradztwo związane z zarządzaniem</PKD_opis>
		<Ogolem>77998</Ogolem>
		<przedsiebiorstwa_panstwowe>3</przedsiebiorstwa_panstwowe>
		<spolki_razem>27968</spolki_razem>
		<w_tym_spolki_handlowe>25940</w_tym_spolki_handlowe>
		<w_tym_spolki_cywilne>2024</w_tym_spolki_cywilne>
		<spóldzielnie>50</spóldzielnie>
		<fundacje>7</fundacje>
		<stowarzyszenia_i_organizacje_spoleczne>8</stowarzyszenia_i_organizacje_spoleczne>
		<osoby_fizyczne_prowadzace_dzialalnosc_gospodarcza>49603</osoby_fizyczne_prowadzace_dzialalnosc_gospodarcza>
	</dane_tablica_T9>
	<dane_tablica_T9>
		<PKD_Sekcja>M</PKD_Sekcja>
		<PKD_Dzial>71</PKD_Dzial>
		<PKD_opis>Działalność w zakresie architektury i inżynierii; badania i analizy techniczne</PKD_opis>
		<Ogolem>93954</Ogolem>
		<przedsiebiorstwa_panstwowe>13</przedsiebiorstwa_panstwowe>
		<spolki_razem>16266</spolki_razem>
		<w_tym_spolki_handlowe>10699</w_tym_spolki_handlowe>
		<w_tym_spolki_cywilne>5566</w_tym_spolki_cywilne>
		<spóldzielnie>181</spóldzielnie>
		<fundacje>0</fundacje>
		<stowarzyszenia_i_organizacje_spoleczne>7</stowarzyszenia_i_organizacje_spoleczne>
		<osoby_fizyczne_prowadzace_dzialalnosc_gospodarcza>77230</osoby_fizyczne_prowadzace_dzialalnosc_gospodarcza>
	</dane_tablica_T9>
	<dane_tablica_T9>
		<PKD_Sekcja>M</PKD_Sekcja>
		<PKD_Dzial>72</PKD_Dzial>
		<PKD_opis>Badania naukowe i prace rozwojowe</PKD_opis>
		<Ogolem>4874</Ogolem>
		<przedsiebiorstwa_panstwowe>0</przedsiebiorstwa_panstwowe>
		<spolki_razem>2410</spolki_razem>
		<w_tym_spolki_handlowe>2279</w_tym_spolki_handlowe>
		<w_tym_spolki_cywilne>131</w_tym_spolki_cywilne>
		<spóldzielnie>8</spóldzielnie>
		<fundacje>18</fundacje>
		<stowarzyszenia_i_organizacje_spoleczne>13</stowarzyszenia_i_organizacje_spoleczne>
		<osoby_fizyczne_prowadzace_dzialalnosc_gospodarcza>2203</osoby_fizyczne_prowadzace_dzialalnosc_gospodarcza>
	</dane_tablica_T9>
	<dane_tablica_T9>
		<PKD_Sekcja>M</PKD_Sekcja>
		<PKD_Dzial>73</PKD_Dzial>
		<PKD_opis>Reklama, badanie rynku i opinii publicznej</PKD_opis>
		<Ogolem>52750</Ogolem>
		<przedsiebiorstwa_panstwowe>1</przedsiebiorstwa_panstwowe>
		<spolki_razem>13277</spolki_razem>
		<w_tym_spolki_handlowe>8828</w_tym_spolki_handlowe>
		<w_tym_spolki_cywilne>4449</w_tym_spolki_cywilne>
		<spóldzielnie>53</spóldzielnie>
		<fundacje>4</fundacje>
		<stowarzyszenia_i_organizacje_spoleczne>5</stowarzyszenia_i_organizacje_spoleczne>
		<osoby_fizyczne_prowadzace_dzialalnosc_gospodarcza>38582</osoby_fizyczne_prowadzace_dzialalnosc_gospodarcza>
	</dane_tablica_T9>
	<dane_tablica_T9>
		<PKD_Sekcja>M</PKD_Sekcja>
		<PKD_Dzial>74</PKD_Dzial>
		<PKD_opis>Pozostała działalność profesjonalna, naukowa i techniczna</PKD_opis>
		<Ogolem>81595</Ogolem>
		<przedsiebiorstwa_panstwowe>0</przedsiebiorstwa_panstwowe>
		<spolki_razem>9468</spolki_razem>
		<w_tym_spolki_handlowe>5268</w_tym_spolki_handlowe>
		<w_tym_spolki_cywilne>4200</w_tym_spolki_cywilne>
		<spóldzielnie>54</spóldzielnie>
		<fundacje>5</fundacje>
		<stowarzyszenia_i_organizacje_spoleczne>7</stowarzyszenia_i_organizacje_spoleczne>
		<osoby_fizyczne_prowadzace_dzialalnosc_gospodarcza>71836</osoby_fizyczne_prowadzace_dzialalnosc_gospodarcza>
	</dane_tablica_T9>
	<dane_tablica_T9>
		<PKD_Sekcja>M</PKD_Sekcja>
		<PKD_Dzial>75</PKD_Dzial>
		<PKD_opis>Działalność weterynaryjna</PKD_opis>
		<Ogolem>10410</Ogolem>
		<przedsiebiorstwa_panstwowe>0</przedsiebiorstwa_panstwowe>
		<spolki_razem>1500</spolki_razem>
		<w_tym_spolki_handlowe>193</w_tym_spolki_handlowe>
		<w_tym_spolki_cywilne>1307</w_tym_spolki_cywilne>
		<spóldzielnie>1</spóldzielnie>
		<fundacje>1</fundacje>
		<stowarzyszenia_i_organizacje_spoleczne>0</stowarzyszenia_i_organizacje_spoleczne>
		<osoby_fizyczne_prowadzace_dzialalnosc_gospodarcza>8899</osoby_fizyczne_prowadzace_dzialalnosc_gospodarcza>
	</dane_tablica_T9>
	<dane_tablica_T9>
		<PKD_Sekcja>N</PKD_Sekcja>
		<PKD_Dzial>77</PKD_Dzial>
		<PKD_opis>Wynajem i dzierżawa</PKD_opis>
		<Ogolem>18590</Ogolem>
		<przedsiebiorstwa_panstwowe>0</przedsiebiorstwa_panstwowe>
		<spolki_razem>5794</spolki_razem>
		<w_tym_spolki_handlowe>4287</w_tym_spolki_handlowe>
		<w_tym_spolki_cywilne>1506</w_tym_spolki_cywilne>
		<spóldzielnie>30</spóldzielnie>
		<fundacje>1</fundacje>
		<stowarzyszenia_i_organizacje_spoleczne>2</stowarzyszenia_i_organizacje_spoleczne>
		<osoby_fizyczne_prowadzace_dzialalnosc_gospodarcza>12708</osoby_fizyczne_prowadzace_dzialalnosc_gospodarcza>
	</dane_tablica_T9>
	<dane_tablica_T9>
		<PKD_Sekcja>N</PKD_Sekcja>
		<PKD_Dzial>78</PKD_Dzial>
		<PKD_opis>Działalność związana z zatrudnieniem</PKD_opis>
		<Ogolem>9604</Ogolem>
		<przedsiebiorstwa_panstwowe>0</przedsiebiorstwa_panstwowe>
		<spolki_razem>5854</spolki_razem>
		<w_tym_spolki_handlowe>5408</w_tym_spolki_handlowe>
		<w_tym_spolki_cywilne>446</w_tym_spolki_cywilne>
		<spóldzielnie>18</spóldzielnie>
		<fundacje>3</fundacje>
		<stowarzyszenia_i_organizacje_spoleczne>1</stowarzyszenia_i_organizacje_spoleczne>
		<osoby_fizyczne_prowadzace_dzialalnosc_gospodarcza>3637</osoby_fizyczne_prowadzace_dzialalnosc_gospodarcza>
	</dane_tablica_T9>
	<dane_tablica_T9>
		<PKD_Sekcja>N</PKD_Sekcja>
		<PKD_Dzial>79</PKD_Dzial>
		<PKD_opis>Działalność organizatorów turystyki, pośredników i agentów turystycznych oraz pozostała działalność usługowa w zakresie rezerwacji i działalności z nią związane</PKD_opis>
		<Ogolem>13759</Ogolem>
		<przedsiebiorstwa_panstwowe>1</przedsiebiorstwa_panstwowe>
		<spolki_razem>4707</spolki_razem>
		<w_tym_spolki_handlowe>3211</w_tym_spolki_handlowe>
		<w_tym_spolki_cywilne>1496</w_tym_spolki_cywilne>
		<spóldzielnie>31</spóldzielnie>
		<fundacje>4</fundacje>
		<stowarzyszenia_i_organizacje_spoleczne>40</stowarzyszenia_i_organizacje_spoleczne>
		<osoby_fizyczne_prowadzace_dzialalnosc_gospodarcza>8927</osoby_fizyczne_prowadzace_dzialalnosc_gospodarcza>
	</dane_tablica_T9>
	<dane_tablica_T9>
		<PKD_Sekcja>N</PKD_Sekcja>
		<PKD_Dzial>80</PKD_Dzial>
		<PKD_opis>Działalność detektywistyczna i ochroniarska</PKD_opis>
		<Ogolem>7131</Ogolem>
		<przedsiebiorstwa_panstwowe>0</przedsiebiorstwa_panstwowe>
		<spolki_razem>3842</spolki_razem>
		<w_tym_spolki_handlowe>2711</w_tym_spolki_handlowe>
		<w_tym_spolki_cywilne>1131</w_tym_spolki_cywilne>
		<spóldzielnie>32</spóldzielnie>
		<fundacje>1</fundacje>
		<stowarzyszenia_i_organizacje_spoleczne>0</stowarzyszenia_i_organizacje_spoleczne>
		<osoby_fizyczne_prowadzace_dzialalnosc_gospodarcza>3253</osoby_fizyczne_prowadzace_dzialalnosc_gospodarcza>
	</dane_tablica_T9>
	<dane_tablica_T9>
		<PKD_Sekcja>N</PKD_Sekcja>
		<PKD_Dzial>81</PKD_Dzial>
		<PKD_opis>Działalność usługowa związana z utrzymaniem porządku w budynkach i zagospodarowaniem terenów zieleni</PKD_opis>
		<Ogolem>45727</Ogolem>
		<przedsiebiorstwa_panstwowe>0</przedsiebiorstwa_panstwowe>
		<spolki_razem>5230</spolki_razem>
		<w_tym_spolki_handlowe>2737</w_tym_spolki_handlowe>
		<w_tym_spolki_cywilne>2354</w_tym_spolki_cywilne>
		<spóldzielnie>274</spóldzielnie>
		<fundacje>0</fundacje>
		<stowarzyszenia_i_organizacje_spoleczne>0</stowarzyszenia_i_organizacje_spoleczne>
		<osoby_fizyczne_prowadzace_dzialalnosc_gospodarcza>40173</osoby_fizyczne_prowadzace_dzialalnosc_gospodarcza>
	</dane_tablica_T9>
	<dane_tablica_T9>
		<PKD_Sekcja>N</PKD_Sekcja>
		<PKD_Dzial>82</PKD_Dzial>
		<PKD_opis>Działalność związana z administracyjną obsługą biura i pozostała działalność wspomagająca prowadzenie działalności gospodarczej</PKD_opis>
		<Ogolem>36711</Ogolem>
		<przedsiebiorstwa_panstwowe>0</przedsiebiorstwa_panstwowe>
		<spolki_razem>8021</spolki_razem>
		<w_tym_spolki_handlowe>5600</w_tym_spolki_handlowe>
		<w_tym_spolki_cywilne>2421</w_tym_spolki_cywilne>
		<spóldzielnie>29</spóldzielnie>
		<fundacje>5</fundacje>
		<stowarzyszenia_i_organizacje_spoleczne>12</stowarzyszenia_i_organizacje_spoleczne>
		<osoby_fizyczne_prowadzace_dzialalnosc_gospodarcza>28576</osoby_fizyczne_prowadzace_dzialalnosc_gospodarcza>
	</dane_tablica_T9>
	<dane_tablica_T9>
		<PKD_Sekcja>O</PKD_Sekcja>
		<PKD_Dzial>84</PKD_Dzial>
		<PKD_opis>Administracja publiczna i obrona narodowa; obowiązkowe zabezpieczenia społeczne</PKD_opis>
		<Ogolem>27106</Ogolem>
		<przedsiebiorstwa_panstwowe>0</przedsiebiorstwa_panstwowe>
		<spolki_razem>84</spolki_razem>
		<w_tym_spolki_handlowe>71</w_tym_spolki_handlowe>
		<w_tym_spolki_cywilne>12</w_tym_spolki_cywilne>
		<spóldzielnie>3</spóldzielnie>
		<fundacje>4</fundacje>
		<stowarzyszenia_i_organizacje_spoleczne>16616</stowarzyszenia_i_organizacje_spoleczne>
		<osoby_fizyczne_prowadzace_dzialalnosc_gospodarcza>111</osoby_fizyczne_prowadzace_dzialalnosc_gospodarcza>
	</dane_tablica_T9>
	<dane_tablica_T9>
		<PKD_Sekcja>P</PKD_Sekcja>
		<PKD_Dzial>85</PKD_Dzial>
		<PKD_opis>Edukacja</PKD_opis>
		<Ogolem>146731</Ogolem>
		<przedsiebiorstwa_panstwowe>0</przedsiebiorstwa_panstwowe>
		<spolki_razem>10477</spolki_razem>
		<w_tym_spolki_handlowe>6102</w_tym_spolki_handlowe>
		<w_tym_spolki_cywilne>4375</w_tym_spolki_cywilne>
		<spóldzielnie>111</spóldzielnie>
		<fundacje>107</fundacje>
		<stowarzyszenia_i_organizacje_spoleczne>1437</stowarzyszenia_i_organizacje_spoleczne>
		<osoby_fizyczne_prowadzace_dzialalnosc_gospodarcza>71921</osoby_fizyczne_prowadzace_dzialalnosc_gospodarcza>
	</dane_tablica_T9>
	<dane_tablica_T9>
		<PKD_Sekcja>Q</PKD_Sekcja>
		<PKD_Dzial>86</PKD_Dzial>
		<PKD_opis>Opieka zdrowotna</PKD_opis>
		<Ogolem>223232</Ogolem>
		<przedsiebiorstwa_panstwowe>0</przedsiebiorstwa_panstwowe>
		<spolki_razem>17229</spolki_razem>
		<w_tym_spolki_handlowe>9989</w_tym_spolki_handlowe>
		<w_tym_spolki_cywilne>7240</w_tym_spolki_cywilne>
		<spóldzielnie>82</spóldzielnie>
		<fundacje>34</fundacje>
		<stowarzyszenia_i_organizacje_spoleczne>20</stowarzyszenia_i_organizacje_spoleczne>
		<osoby_fizyczne_prowadzace_dzialalnosc_gospodarcza>204402</osoby_fizyczne_prowadzace_dzialalnosc_gospodarcza>
	</dane_tablica_T9>
	<dane_tablica_T9>
		<PKD_Sekcja>Q</PKD_Sekcja>
		<PKD_Dzial>87</PKD_Dzial>
		<PKD_opis>Pomoc społeczna z zakwaterowaniem</PKD_opis>
		<Ogolem>3601</Ogolem>
		<przedsiebiorstwa_panstwowe>0</przedsiebiorstwa_panstwowe>
		<spolki_razem>621</spolki_razem>
		<w_tym_spolki_handlowe>514</w_tym_spolki_handlowe>
		<w_tym_spolki_cywilne>107</w_tym_spolki_cywilne>
		<spóldzielnie>11</spóldzielnie>
		<fundacje>16</fundacje>
		<stowarzyszenia_i_organizacje_spoleczne>17</stowarzyszenia_i_organizacje_spoleczne>
		<osoby_fizyczne_prowadzace_dzialalnosc_gospodarcza>955</osoby_fizyczne_prowadzace_dzialalnosc_gospodarcza>
	</dane_tablica_T9>
	<dane_tablica_T9>
		<PKD_Sekcja>Q</PKD_Sekcja>
		<PKD_Dzial>88</PKD_Dzial>
		<PKD_opis>Pomoc społeczna bez zakwaterowania</PKD_opis>
		<Ogolem>12139</Ogolem>
		<przedsiebiorstwa_panstwowe>0</przedsiebiorstwa_panstwowe>
		<spolki_razem>1087</spolki_razem>
		<w_tym_spolki_handlowe>636</w_tym_spolki_handlowe>
		<w_tym_spolki_cywilne>451</w_tym_spolki_cywilne>
		<spóldzielnie>121</spóldzielnie>
		<fundacje>53</fundacje>
		<stowarzyszenia_i_organizacje_spoleczne>61</stowarzyszenia_i_organizacje_spoleczne>
		<osoby_fizyczne_prowadzace_dzialalnosc_gospodarcza>6682</osoby_fizyczne_prowadzace_dzialalnosc_gospodarcza>
	</dane_tablica_T9>
	<dane_tablica_T9>
		<PKD_Sekcja>R</PKD_Sekcja>
		<PKD_Dzial>90</PKD_Dzial>
		<PKD_opis>Działalność twórcza związana z kulturą i rozrywką</PKD_opis>
		<Ogolem>20373</Ogolem>
		<przedsiebiorstwa_panstwowe>0</przedsiebiorstwa_panstwowe>
		<spolki_razem>1999</spolki_razem>
		<w_tym_spolki_handlowe>870</w_tym_spolki_handlowe>
		<w_tym_spolki_cywilne>1129</w_tym_spolki_cywilne>
		<spóldzielnie>28</spóldzielnie>
		<fundacje>54</fundacje>
		<stowarzyszenia_i_organizacje_spoleczne>93</stowarzyszenia_i_organizacje_spoleczne>
		<osoby_fizyczne_prowadzace_dzialalnosc_gospodarcza>15802</osoby_fizyczne_prowadzace_dzialalnosc_gospodarcza>
	</dane_tablica_T9>
	<dane_tablica_T9>
		<PKD_Sekcja>R</PKD_Sekcja>
		<PKD_Dzial>91</PKD_Dzial>
		<PKD_opis>Działalność bibliotek, archiwów, muzeów oraz pozostała działalność związana z kulturą</PKD_opis>
		<Ogolem>4818</Ogolem>
		<przedsiebiorstwa_panstwowe>0</przedsiebiorstwa_panstwowe>
		<spolki_razem>519</spolki_razem>
		<w_tym_spolki_handlowe>394</w_tym_spolki_handlowe>
		<w_tym_spolki_cywilne>125</w_tym_spolki_cywilne>
		<spóldzielnie>11</spóldzielnie>
		<fundacje>15</fundacje>
		<stowarzyszenia_i_organizacje_spoleczne>14</stowarzyszenia_i_organizacje_spoleczne>
		<osoby_fizyczne_prowadzace_dzialalnosc_gospodarcza>1513</osoby_fizyczne_prowadzace_dzialalnosc_gospodarcza>
	</dane_tablica_T9>
	<dane_tablica_T9>
		<PKD_Sekcja>R</PKD_Sekcja>
		<PKD_Dzial>92</PKD_Dzial>
		<PKD_opis>Działalność związana z grami losowymi i zakładami wzajemnymi</PKD_opis>
		<Ogolem>1167</Ogolem>
		<przedsiebiorstwa_panstwowe>0</przedsiebiorstwa_panstwowe>
		<spolki_razem>362</spolki_razem>
		<w_tym_spolki_handlowe>265</w_tym_spolki_handlowe>
		<w_tym_spolki_cywilne>97</w_tym_spolki_cywilne>
		<spóldzielnie>3</spóldzielnie>
		<fundacje>0</fundacje>
		<stowarzyszenia_i_organizacje_spoleczne>0</stowarzyszenia_i_organizacje_spoleczne>
		<osoby_fizyczne_prowadzace_dzialalnosc_gospodarcza>801</osoby_fizyczne_prowadzace_dzialalnosc_gospodarcza>
	</dane_tablica_T9>
	<dane_tablica_T9>
		<PKD_Sekcja>R</PKD_Sekcja>
		<PKD_Dzial>93</PKD_Dzial>
		<PKD_opis>Działalność sportowa, rozrywkowa i rekreacyjna</PKD_opis>
		<Ogolem>52189</Ogolem>
		<przedsiebiorstwa_panstwowe>0</przedsiebiorstwa_panstwowe>
		<spolki_razem>6356</spolki_razem>
		<w_tym_spolki_handlowe>3557</w_tym_spolki_handlowe>
		<w_tym_spolki_cywilne>2799</w_tym_spolki_cywilne>
		<spóldzielnie>46</spóldzielnie>
		<fundacje>185</fundacje>
		<stowarzyszenia_i_organizacje_spoleczne>29129</stowarzyszenia_i_organizacje_spoleczne>
		<osoby_fizyczne_prowadzace_dzialalnosc_gospodarcza>15957</osoby_fizyczne_prowadzace_dzialalnosc_gospodarcza>
	</dane_tablica_T9>
	<dane_tablica_T9>
		<PKD_Sekcja>S</PKD_Sekcja>
		<PKD_Dzial>94</PKD_Dzial>
		<PKD_opis>Działalność organizacji członkowskich</PKD_opis>
		<Ogolem>140038</Ogolem>
		<przedsiebiorstwa_panstwowe>0</przedsiebiorstwa_panstwowe>
		<spolki_razem>121</spolki_razem>
		<w_tym_spolki_handlowe>104</w_tym_spolki_handlowe>
		<w_tym_spolki_cywilne>7</w_tym_spolki_cywilne>
		<spóldzielnie>35</spóldzielnie>
		<fundacje>22951</fundacje>
		<stowarzyszenia_i_organizacje_spoleczne>65134</stowarzyszenia_i_organizacje_spoleczne>
		<osoby_fizyczne_prowadzace_dzialalnosc_gospodarcza>24</osoby_fizyczne_prowadzace_dzialalnosc_gospodarcza>
	</dane_tablica_T9>
	<dane_tablica_T9>
		<PKD_Sekcja>S</PKD_Sekcja>
		<PKD_Dzial>95</PKD_Dzial>
		<PKD_opis>Naprawa i konserwacja komputerów i artykułów użytku osobistego i domowego</PKD_opis>
		<Ogolem>31272</Ogolem>
		<przedsiebiorstwa_panstwowe>1</przedsiebiorstwa_panstwowe>
		<spolki_razem>2422</spolki_razem>
		<w_tym_spolki_handlowe>842</w_tym_spolki_handlowe>
		<w_tym_spolki_cywilne>1580</w_tym_spolki_cywilne>
		<spóldzielnie>13</spóldzielnie>
		<fundacje>0</fundacje>
		<stowarzyszenia_i_organizacje_spoleczne>0</stowarzyszenia_i_organizacje_spoleczne>
		<osoby_fizyczne_prowadzace_dzialalnosc_gospodarcza>28831</osoby_fizyczne_prowadzace_dzialalnosc_gospodarcza>
	</dane_tablica_T9>
	<dane_tablica_T9>
		<PKD_Sekcja>S</PKD_Sekcja>
		<PKD_Dzial>96</PKD_Dzial>
		<PKD_opis>Pozostała indywidualna działalność usługowa</PKD_opis>
		<Ogolem>112117</Ogolem>
		<przedsiebiorstwa_panstwowe>0</przedsiebiorstwa_panstwowe>
		<spolki_razem>8548</spolki_razem>
		<w_tym_spolki_handlowe>3756</w_tym_spolki_handlowe>
		<w_tym_spolki_cywilne>4792</w_tym_spolki_cywilne>
		<spóldzielnie>77</spóldzielnie>
		<fundacje>4</fundacje>
		<stowarzyszenia_i_organizacje_spoleczne>9</stowarzyszenia_i_organizacje_spoleczne>
		<osoby_fizyczne_prowadzace_dzialalnosc_gospodarcza>103430</osoby_fizyczne_prowadzace_dzialalnosc_gospodarcza>
	</dane_tablica_T9>
	<dane_tablica_T9>
		<PKD_Sekcja>T</PKD_Sekcja>
		<PKD_Dzial>97</PKD_Dzial>
		<PKD_opis>Gospodarstwa domowe zatrudniające pracowników</PKD_opis>
		<Ogolem>0</Ogolem>
		<przedsiebiorstwa_panstwowe>0</przedsiebiorstwa_panstwowe>
		<spolki_razem>0</spolki_razem>
		<w_tym_spolki_handlowe>0</w_tym_spolki_handlowe>
		<w_tym_spolki_cywilne>0</w_tym_spolki_cywilne>
		<spóldzielnie>0</spóldzielnie>
		<fundacje>0</fundacje>
		<stowarzyszenia_i_organizacje_spoleczne>0</stowarzyszenia_i_organizacje_spoleczne>
		<osoby_fizyczne_prowadzace_dzialalnosc_gospodarcza>0</osoby_fizyczne_prowadzace_dzialalnosc_gospodarcza>
	</dane_tablica_T9>
	<dane_tablica_T9>
		<PKD_Sekcja>T</PKD_Sekcja>
		<PKD_Dzial>98</PKD_Dzial>
		<PKD_opis>Gospodarstwa domowe produkujące wyroby i świadczące usługi na własne potrzeby</PKD_opis>
		<Ogolem>0</Ogolem>
		<przedsiebiorstwa_panstwowe>0</przedsiebiorstwa_panstwowe>
		<spolki_razem>0</spolki_razem>
		<w_tym_spolki_handlowe>0</w_tym_spolki_handlowe>
		<w_tym_spolki_cywilne>0</w_tym_spolki_cywilne>
		<spóldzielnie>0</spóldzielnie>
		<fundacje>0</fundacje>
		<stowarzyszenia_i_organizacje_spoleczne>0</stowarzyszenia_i_organizacje_spoleczne>
		<osoby_fizyczne_prowadzace_dzialalnosc_gospodarcza>0</osoby_fizyczne_prowadzace_dzialalnosc_gospodarcza>
	</dane_tablica_T9>
	<dane_tablica_T9>
		<PKD_Sekcja>U</PKD_Sekcja>
		<PKD_Dzial>99</PKD_Dzial>
		<PKD_opis>Organizacje i zespoły eksterytorialne</PKD_opis>
		<Ogolem>230</Ogolem>
		<przedsiebiorstwa_panstwowe>0</przedsiebiorstwa_panstwowe>
		<spolki_razem>2</spolki_razem>
		<w_tym_spolki_handlowe>1</w_tym_spolki_handlowe>
		<w_tym_spolki_cywilne>1</w_tym_spolki_cywilne>
		<spóldzielnie>0</spóldzielnie>
		<fundacje>0</fundacje>
		<stowarzyszenia_i_organizacje_spoleczne>1</stowarzyszenia_i_organizacje_spoleczne>
		<osoby_fizyczne_prowadzace_dzialalnosc_gospodarcza>0</osoby_fizyczne_prowadzace_dzialalnosc_gospodarcza>
	</dane_tablica_T9>
</TABLICA_T9>