<!--
PAŹDZIERNIK 2017
Tablica 5: Podmioty gospodarki narodowej (bez osób fizycznych prowadzących wyłącznie indywidualne gospodarstwa rolne) nowo zarejestrowane w rejestrze REGON według sekcji i działów Polskiej Klasyfikacji Działalności (PKD)												
-->

<TABLICA_T5>
	<dane_tablica_T5>
		<PKD_Sekcja>A</PKD_Sekcja>
		<PKD_Dzial>1</PKD_Dzial>
		<PKD_opis>Uprawy rolne, chów i hodowla zwierząt, łowiectwo, włączając działalność usługową</PKD_opis>
		<Ogolem>134</Ogolem>
		<przedsiebiorstwa_panstwowe>0</przedsiebiorstwa_panstwowe>
		<spolki_razem>25</spolki_razem>
		<w_tym_spolki_handlowe_razem>11</w_tym_spolki_handlowe_razem>
		<w_tym_spolki_handlowe_akcyjne>0</w_tym_spolki_handlowe_akcyjne>
		<w_tym_spolki_handlowe_zoo>10</w_tym_spolki_handlowe_zoo>
		<w_tym_spolki_cywilne>1</w_tym_spolki_cywilne>
		<spóldzielnie>2</spóldzielnie>
		<osoby_fizyczne_prowadzace_dzialalnosc_gospodarcza>107</osoby_fizyczne_prowadzace_dzialalnosc_gospodarcza>
	</dane_tablica_T5>
	<dane_tablica_T5>
		<PKD_Sekcja>A</PKD_Sekcja>
		<PKD_Dzial>2</PKD_Dzial>
		<PKD_opis>Leśnictwo i pozyskiwanie drewna</PKD_opis>
		<Ogolem>81</Ogolem>
		<przedsiebiorstwa_panstwowe>0</przedsiebiorstwa_panstwowe>
		<spolki_razem>9</spolki_razem>
		<w_tym_spolki_handlowe_razem>6</w_tym_spolki_handlowe_razem>
		<w_tym_spolki_handlowe_akcyjne>0</w_tym_spolki_handlowe_akcyjne>
		<w_tym_spolki_handlowe_zoo>5</w_tym_spolki_handlowe_zoo>
		<w_tym_spolki_cywilne>2</w_tym_spolki_cywilne>
		<spóldzielnie>0</spóldzielnie>
		<osoby_fizyczne_prowadzace_dzialalnosc_gospodarcza>72</osoby_fizyczne_prowadzace_dzialalnosc_gospodarcza>
	</dane_tablica_T5>
	<dane_tablica_T5>
		<PKD_Sekcja>A</PKD_Sekcja>
		<PKD_Dzial>3</PKD_Dzial>
		<PKD_opis>Rybactwo</PKD_opis>
		<Ogolem>10</Ogolem>
		<przedsiebiorstwa_panstwowe>0</przedsiebiorstwa_panstwowe>
		<spolki_razem>5</spolki_razem>
		<w_tym_spolki_handlowe_razem>4</w_tym_spolki_handlowe_razem>
		<w_tym_spolki_handlowe_akcyjne>0</w_tym_spolki_handlowe_akcyjne>
		<w_tym_spolki_handlowe_zoo>3</w_tym_spolki_handlowe_zoo>
		<w_tym_spolki_cywilne>1</w_tym_spolki_cywilne>
		<spóldzielnie>0</spóldzielnie>
		<osoby_fizyczne_prowadzace_dzialalnosc_gospodarcza>5</osoby_fizyczne_prowadzace_dzialalnosc_gospodarcza>
	</dane_tablica_T5>
	<dane_tablica_T5>
		<PKD_Sekcja>B</PKD_Sekcja>
		<PKD_Dzial>5</PKD_Dzial>
		<PKD_opis>Wydobywanie węgla kamiennego i węgla brunatnego (lignitu)</PKD_opis>
		<Ogolem>0</Ogolem>
		<przedsiebiorstwa_panstwowe>0</przedsiebiorstwa_panstwowe>
		<spolki_razem>0</spolki_razem>
		<w_tym_spolki_handlowe_razem>0</w_tym_spolki_handlowe_razem>
		<w_tym_spolki_handlowe_akcyjne>0</w_tym_spolki_handlowe_akcyjne>
		<w_tym_spolki_handlowe_zoo>0</w_tym_spolki_handlowe_zoo>
		<w_tym_spolki_cywilne>0</w_tym_spolki_cywilne>
		<spóldzielnie>0</spóldzielnie>
		<osoby_fizyczne_prowadzace_dzialalnosc_gospodarcza>0</osoby_fizyczne_prowadzace_dzialalnosc_gospodarcza>
	</dane_tablica_T5>
	<dane_tablica_T5>
		<PKD_Sekcja>B</PKD_Sekcja>
		<PKD_Dzial>6</PKD_Dzial>
		<PKD_opis>Górnictwo ropy naftowej i gazu ziemnego</PKD_opis>
		<Ogolem>0</Ogolem>
		<przedsiebiorstwa_panstwowe>0</przedsiebiorstwa_panstwowe>
		<spolki_razem>0</spolki_razem>
		<w_tym_spolki_handlowe_razem>0</w_tym_spolki_handlowe_razem>
		<w_tym_spolki_handlowe_akcyjne>0</w_tym_spolki_handlowe_akcyjne>
		<w_tym_spolki_handlowe_zoo>0</w_tym_spolki_handlowe_zoo>
		<w_tym_spolki_cywilne>0</w_tym_spolki_cywilne>
		<spóldzielnie>0</spóldzielnie>
		<osoby_fizyczne_prowadzace_dzialalnosc_gospodarcza>0</osoby_fizyczne_prowadzace_dzialalnosc_gospodarcza>
	</dane_tablica_T5>
	<dane_tablica_T5>
		<PKD_Sekcja>B</PKD_Sekcja>
		<PKD_Dzial>7</PKD_Dzial>
		<PKD_opis>Górnictwo rud metali</PKD_opis>
		<Ogolem>0</Ogolem>
		<przedsiebiorstwa_panstwowe>0</przedsiebiorstwa_panstwowe>
		<spolki_razem>0</spolki_razem>
		<w_tym_spolki_handlowe_razem>0</w_tym_spolki_handlowe_razem>
		<w_tym_spolki_handlowe_akcyjne>0</w_tym_spolki_handlowe_akcyjne>
		<w_tym_spolki_handlowe_zoo>0</w_tym_spolki_handlowe_zoo>
		<w_tym_spolki_cywilne>0</w_tym_spolki_cywilne>
		<spóldzielnie>0</spóldzielnie>
		<osoby_fizyczne_prowadzace_dzialalnosc_gospodarcza>0</osoby_fizyczne_prowadzace_dzialalnosc_gospodarcza>
	</dane_tablica_T5>
	<dane_tablica_T5>
		<PKD_Sekcja>B</PKD_Sekcja>
		<PKD_Dzial>8</PKD_Dzial>
		<PKD_opis>Pozostałe górnictwo i wydobywanie</PKD_opis>
		<Ogolem>10</Ogolem>
		<przedsiebiorstwa_panstwowe>0</przedsiebiorstwa_panstwowe>
		<spolki_razem>4</spolki_razem>
		<w_tym_spolki_handlowe_razem>3</w_tym_spolki_handlowe_razem>
		<w_tym_spolki_handlowe_akcyjne>0</w_tym_spolki_handlowe_akcyjne>
		<w_tym_spolki_handlowe_zoo>3</w_tym_spolki_handlowe_zoo>
		<w_tym_spolki_cywilne>1</w_tym_spolki_cywilne>
		<spóldzielnie>0</spóldzielnie>
		<osoby_fizyczne_prowadzace_dzialalnosc_gospodarcza>6</osoby_fizyczne_prowadzace_dzialalnosc_gospodarcza>
	</dane_tablica_T5>
	<dane_tablica_T5>
		<PKD_Sekcja>B</PKD_Sekcja>
		<PKD_Dzial>9</PKD_Dzial>
		<PKD_opis>Działalność usługowa wspomagająca górnictwo i wydobywanie</PKD_opis>
		<Ogolem>8</Ogolem>
		<przedsiebiorstwa_panstwowe>0</przedsiebiorstwa_panstwowe>
		<spolki_razem>2</spolki_razem>
		<w_tym_spolki_handlowe_razem>2</w_tym_spolki_handlowe_razem>
		<w_tym_spolki_handlowe_akcyjne>0</w_tym_spolki_handlowe_akcyjne>
		<w_tym_spolki_handlowe_zoo>2</w_tym_spolki_handlowe_zoo>
		<w_tym_spolki_cywilne>0</w_tym_spolki_cywilne>
		<spóldzielnie>0</spóldzielnie>
		<osoby_fizyczne_prowadzace_dzialalnosc_gospodarcza>6</osoby_fizyczne_prowadzace_dzialalnosc_gospodarcza>
	</dane_tablica_T5>
	<dane_tablica_T5>
		<PKD_Sekcja>C</PKD_Sekcja>
		<PKD_Dzial>10</PKD_Dzial>
		<PKD_opis>Produkcja artykułów spożywczych</PKD_opis>
		<Ogolem>176</Ogolem>
		<przedsiebiorstwa_panstwowe>0</przedsiebiorstwa_panstwowe>
		<spolki_razem>57</spolki_razem>
		<w_tym_spolki_handlowe_razem>43</w_tym_spolki_handlowe_razem>
		<w_tym_spolki_handlowe_akcyjne>1</w_tym_spolki_handlowe_akcyjne>
		<w_tym_spolki_handlowe_zoo>36</w_tym_spolki_handlowe_zoo>
		<w_tym_spolki_cywilne>14</w_tym_spolki_cywilne>
		<spóldzielnie>2</spóldzielnie>
		<osoby_fizyczne_prowadzace_dzialalnosc_gospodarcza>116</osoby_fizyczne_prowadzace_dzialalnosc_gospodarcza>
	</dane_tablica_T5>
	<dane_tablica_T5>
		<PKD_Sekcja>C</PKD_Sekcja>
		<PKD_Dzial>11</PKD_Dzial>
		<PKD_opis>Produkcja napojów</PKD_opis>
		<Ogolem>13</Ogolem>
		<przedsiebiorstwa_panstwowe>0</przedsiebiorstwa_panstwowe>
		<spolki_razem>11</spolki_razem>
		<w_tym_spolki_handlowe_razem>10</w_tym_spolki_handlowe_razem>
		<w_tym_spolki_handlowe_akcyjne>1</w_tym_spolki_handlowe_akcyjne>
		<w_tym_spolki_handlowe_zoo>9</w_tym_spolki_handlowe_zoo>
		<w_tym_spolki_cywilne>1</w_tym_spolki_cywilne>
		<spóldzielnie>0</spóldzielnie>
		<osoby_fizyczne_prowadzace_dzialalnosc_gospodarcza>2</osoby_fizyczne_prowadzace_dzialalnosc_gospodarcza>
	</dane_tablica_T5>
	<dane_tablica_T5>
		<PKD_Sekcja>C</PKD_Sekcja>
		<PKD_Dzial>12</PKD_Dzial>
		<PKD_opis>Produkcja wyrobów tytoniowych</PKD_opis>
		<Ogolem>0</Ogolem>
		<przedsiebiorstwa_panstwowe>0</przedsiebiorstwa_panstwowe>
		<spolki_razem>0</spolki_razem>
		<w_tym_spolki_handlowe_razem>0</w_tym_spolki_handlowe_razem>
		<w_tym_spolki_handlowe_akcyjne>0</w_tym_spolki_handlowe_akcyjne>
		<w_tym_spolki_handlowe_zoo>0</w_tym_spolki_handlowe_zoo>
		<w_tym_spolki_cywilne>0</w_tym_spolki_cywilne>
		<spóldzielnie>0</spóldzielnie>
		<osoby_fizyczne_prowadzace_dzialalnosc_gospodarcza>0</osoby_fizyczne_prowadzace_dzialalnosc_gospodarcza>
	</dane_tablica_T5>
	<dane_tablica_T5>
		<PKD_Sekcja>C</PKD_Sekcja>
		<PKD_Dzial>13</PKD_Dzial>
		<PKD_opis>Produkcja wyrobów tekstylnych</PKD_opis>
		<Ogolem>98</Ogolem>
		<przedsiebiorstwa_panstwowe>0</przedsiebiorstwa_panstwowe>
		<spolki_razem>5</spolki_razem>
		<w_tym_spolki_handlowe_razem>2</w_tym_spolki_handlowe_razem>
		<w_tym_spolki_handlowe_akcyjne>0</w_tym_spolki_handlowe_akcyjne>
		<w_tym_spolki_handlowe_zoo>2</w_tym_spolki_handlowe_zoo>
		<w_tym_spolki_cywilne>3</w_tym_spolki_cywilne>
		<spóldzielnie>0</spóldzielnie>
		<osoby_fizyczne_prowadzace_dzialalnosc_gospodarcza>92</osoby_fizyczne_prowadzace_dzialalnosc_gospodarcza>
	</dane_tablica_T5>
	<dane_tablica_T5>
		<PKD_Sekcja>C</PKD_Sekcja>
		<PKD_Dzial>14</PKD_Dzial>
		<PKD_opis>Produkcja odzieży</PKD_opis>
		<Ogolem>140</Ogolem>
		<przedsiebiorstwa_panstwowe>0</przedsiebiorstwa_panstwowe>
		<spolki_razem>12</spolki_razem>
		<w_tym_spolki_handlowe_razem>10</w_tym_spolki_handlowe_razem>
		<w_tym_spolki_handlowe_akcyjne>0</w_tym_spolki_handlowe_akcyjne>
		<w_tym_spolki_handlowe_zoo>8</w_tym_spolki_handlowe_zoo>
		<w_tym_spolki_cywilne>2</w_tym_spolki_cywilne>
		<spóldzielnie>0</spóldzielnie>
		<osoby_fizyczne_prowadzace_dzialalnosc_gospodarcza>128</osoby_fizyczne_prowadzace_dzialalnosc_gospodarcza>
	</dane_tablica_T5>
	<dane_tablica_T5>
		<PKD_Sekcja>C</PKD_Sekcja>
		<PKD_Dzial>15</PKD_Dzial>
		<PKD_opis>Produkcja skór i wyrobów ze skór wyprawionych</PKD_opis>
		<Ogolem>36</Ogolem>
		<przedsiebiorstwa_panstwowe>0</przedsiebiorstwa_panstwowe>
		<spolki_razem>5</spolki_razem>
		<w_tym_spolki_handlowe_razem>3</w_tym_spolki_handlowe_razem>
		<w_tym_spolki_handlowe_akcyjne>0</w_tym_spolki_handlowe_akcyjne>
		<w_tym_spolki_handlowe_zoo>2</w_tym_spolki_handlowe_zoo>
		<w_tym_spolki_cywilne>2</w_tym_spolki_cywilne>
		<spóldzielnie>0</spóldzielnie>
		<osoby_fizyczne_prowadzace_dzialalnosc_gospodarcza>31</osoby_fizyczne_prowadzace_dzialalnosc_gospodarcza>
	</dane_tablica_T5>
	<dane_tablica_T5>
		<PKD_Sekcja>C</PKD_Sekcja>
		<PKD_Dzial>16</PKD_Dzial>
		<PKD_opis>Produkcja wyrobów z drewna oraz korka, z wyłączeniem mebli; produkcja wyrobów ze słomy i materiałów używanych do wyplatania</PKD_opis>
		<Ogolem>171</Ogolem>
		<przedsiebiorstwa_panstwowe>0</przedsiebiorstwa_panstwowe>
		<spolki_razem>19</spolki_razem>
		<w_tym_spolki_handlowe_razem>18</w_tym_spolki_handlowe_razem>
		<w_tym_spolki_handlowe_akcyjne>0</w_tym_spolki_handlowe_akcyjne>
		<w_tym_spolki_handlowe_zoo>14</w_tym_spolki_handlowe_zoo>
		<w_tym_spolki_cywilne>1</w_tym_spolki_cywilne>
		<spóldzielnie>0</spóldzielnie>
		<osoby_fizyczne_prowadzace_dzialalnosc_gospodarcza>152</osoby_fizyczne_prowadzace_dzialalnosc_gospodarcza>
	</dane_tablica_T5>
	<dane_tablica_T5>
		<PKD_Sekcja>C</PKD_Sekcja>
		<PKD_Dzial>17</PKD_Dzial>
		<PKD_opis>Produkcja papieru i wyrobów z papieru</PKD_opis>
		<Ogolem>23</Ogolem>
		<przedsiebiorstwa_panstwowe>0</przedsiebiorstwa_panstwowe>
		<spolki_razem>6</spolki_razem>
		<w_tym_spolki_handlowe_razem>4</w_tym_spolki_handlowe_razem>
		<w_tym_spolki_handlowe_akcyjne>0</w_tym_spolki_handlowe_akcyjne>
		<w_tym_spolki_handlowe_zoo>4</w_tym_spolki_handlowe_zoo>
		<w_tym_spolki_cywilne>2</w_tym_spolki_cywilne>
		<spóldzielnie>0</spóldzielnie>
		<osoby_fizyczne_prowadzace_dzialalnosc_gospodarcza>17</osoby_fizyczne_prowadzace_dzialalnosc_gospodarcza>
	</dane_tablica_T5>
	<dane_tablica_T5>
		<PKD_Sekcja>C</PKD_Sekcja>
		<PKD_Dzial>18</PKD_Dzial>
		<PKD_opis>Poligrafia i reprodukcja zapisanych nośników informacji</PKD_opis>
		<Ogolem>69</Ogolem>
		<przedsiebiorstwa_panstwowe>0</przedsiebiorstwa_panstwowe>
		<spolki_razem>8</spolki_razem>
		<w_tym_spolki_handlowe_razem>8</w_tym_spolki_handlowe_razem>
		<w_tym_spolki_handlowe_akcyjne>0</w_tym_spolki_handlowe_akcyjne>
		<w_tym_spolki_handlowe_zoo>7</w_tym_spolki_handlowe_zoo>
		<w_tym_spolki_cywilne>0</w_tym_spolki_cywilne>
		<spóldzielnie>0</spóldzielnie>
		<osoby_fizyczne_prowadzace_dzialalnosc_gospodarcza>61</osoby_fizyczne_prowadzace_dzialalnosc_gospodarcza>
	</dane_tablica_T5>
	<dane_tablica_T5>
		<PKD_Sekcja>C</PKD_Sekcja>
		<PKD_Dzial>19</PKD_Dzial>
		<PKD_opis>Wytwarzanie i przetwarzanie koksu i produktów rafinacji ropy naftowej</PKD_opis>
		<Ogolem>1</Ogolem>
		<przedsiebiorstwa_panstwowe>0</przedsiebiorstwa_panstwowe>
		<spolki_razem>1</spolki_razem>
		<w_tym_spolki_handlowe_razem>1</w_tym_spolki_handlowe_razem>
		<w_tym_spolki_handlowe_akcyjne>0</w_tym_spolki_handlowe_akcyjne>
		<w_tym_spolki_handlowe_zoo>1</w_tym_spolki_handlowe_zoo>
		<w_tym_spolki_cywilne>0</w_tym_spolki_cywilne>
		<spóldzielnie>0</spóldzielnie>
		<osoby_fizyczne_prowadzace_dzialalnosc_gospodarcza>0</osoby_fizyczne_prowadzace_dzialalnosc_gospodarcza>
	</dane_tablica_T5>
	<dane_tablica_T5>
		<PKD_Sekcja>C</PKD_Sekcja>
		<PKD_Dzial>20</PKD_Dzial>
		<PKD_opis>Produkcja chemikaliów i wyrobów chemicznych</PKD_opis>
		<Ogolem>33</Ogolem>
		<przedsiebiorstwa_panstwowe>0</przedsiebiorstwa_panstwowe>
		<spolki_razem>18</spolki_razem>
		<w_tym_spolki_handlowe_razem>17</w_tym_spolki_handlowe_razem>
		<w_tym_spolki_handlowe_akcyjne>1</w_tym_spolki_handlowe_akcyjne>
		<w_tym_spolki_handlowe_zoo>15</w_tym_spolki_handlowe_zoo>
		<w_tym_spolki_cywilne>1</w_tym_spolki_cywilne>
		<spóldzielnie>0</spóldzielnie>
		<osoby_fizyczne_prowadzace_dzialalnosc_gospodarcza>15</osoby_fizyczne_prowadzace_dzialalnosc_gospodarcza>
	</dane_tablica_T5>
	<dane_tablica_T5>
		<PKD_Sekcja>C</PKD_Sekcja>
		<PKD_Dzial>21</PKD_Dzial>
		<PKD_opis>Produkcja podstawowych substancji farmaceutycznych oraz leków i pozostałych wyrobów farmaceutycznych</PKD_opis>
		<Ogolem>4</Ogolem>
		<przedsiebiorstwa_panstwowe>0</przedsiebiorstwa_panstwowe>
		<spolki_razem>3</spolki_razem>
		<w_tym_spolki_handlowe_razem>3</w_tym_spolki_handlowe_razem>
		<w_tym_spolki_handlowe_akcyjne>0</w_tym_spolki_handlowe_akcyjne>
		<w_tym_spolki_handlowe_zoo>3</w_tym_spolki_handlowe_zoo>
		<w_tym_spolki_cywilne>0</w_tym_spolki_cywilne>
		<spóldzielnie>0</spóldzielnie>
		<osoby_fizyczne_prowadzace_dzialalnosc_gospodarcza>1</osoby_fizyczne_prowadzace_dzialalnosc_gospodarcza>
	</dane_tablica_T5>
	<dane_tablica_T5>
		<PKD_Sekcja>C</PKD_Sekcja>
		<PKD_Dzial>22</PKD_Dzial>
		<PKD_opis>Produkcja wyrobów z gumy i tworzyw sztucznych</PKD_opis>
		<Ogolem>63</Ogolem>
		<przedsiebiorstwa_panstwowe>0</przedsiebiorstwa_panstwowe>
		<spolki_razem>25</spolki_razem>
		<w_tym_spolki_handlowe_razem>24</w_tym_spolki_handlowe_razem>
		<w_tym_spolki_handlowe_akcyjne>0</w_tym_spolki_handlowe_akcyjne>
		<w_tym_spolki_handlowe_zoo>16</w_tym_spolki_handlowe_zoo>
		<w_tym_spolki_cywilne>1</w_tym_spolki_cywilne>
		<spóldzielnie>0</spóldzielnie>
		<osoby_fizyczne_prowadzace_dzialalnosc_gospodarcza>38</osoby_fizyczne_prowadzace_dzialalnosc_gospodarcza>
	</dane_tablica_T5>
	<dane_tablica_T5>
		<PKD_Sekcja>C</PKD_Sekcja>
		<PKD_Dzial>23</PKD_Dzial>
		<PKD_opis>Produkcja wyrobów z pozostałych mineralnych surowców niemetalicznych</PKD_opis>
		<Ogolem>74</Ogolem>
		<przedsiebiorstwa_panstwowe>0</przedsiebiorstwa_panstwowe>
		<spolki_razem>11</spolki_razem>
		<w_tym_spolki_handlowe_razem>10</w_tym_spolki_handlowe_razem>
		<w_tym_spolki_handlowe_akcyjne>2</w_tym_spolki_handlowe_akcyjne>
		<w_tym_spolki_handlowe_zoo>6</w_tym_spolki_handlowe_zoo>
		<w_tym_spolki_cywilne>1</w_tym_spolki_cywilne>
		<spóldzielnie>1</spóldzielnie>
		<osoby_fizyczne_prowadzace_dzialalnosc_gospodarcza>62</osoby_fizyczne_prowadzace_dzialalnosc_gospodarcza>
	</dane_tablica_T5>
	<dane_tablica_T5>
		<PKD_Sekcja>C</PKD_Sekcja>
		<PKD_Dzial>24</PKD_Dzial>
		<PKD_opis>Produkcja metali</PKD_opis>
		<Ogolem>13</Ogolem>
		<przedsiebiorstwa_panstwowe>0</przedsiebiorstwa_panstwowe>
		<spolki_razem>6</spolki_razem>
		<w_tym_spolki_handlowe_razem>6</w_tym_spolki_handlowe_razem>
		<w_tym_spolki_handlowe_akcyjne>0</w_tym_spolki_handlowe_akcyjne>
		<w_tym_spolki_handlowe_zoo>5</w_tym_spolki_handlowe_zoo>
		<w_tym_spolki_cywilne>0</w_tym_spolki_cywilne>
		<spóldzielnie>0</spóldzielnie>
		<osoby_fizyczne_prowadzace_dzialalnosc_gospodarcza>7</osoby_fizyczne_prowadzace_dzialalnosc_gospodarcza>
	</dane_tablica_T5>
	<dane_tablica_T5>
		<PKD_Sekcja>C</PKD_Sekcja>
		<PKD_Dzial>25</PKD_Dzial>
		<PKD_opis>Produkcja metalowych wyrobów gotowych, z wyłączeniem maszyn i urządzeń</PKD_opis>
		<Ogolem>551</Ogolem>
		<przedsiebiorstwa_panstwowe>0</przedsiebiorstwa_panstwowe>
		<spolki_razem>75</spolki_razem>
		<w_tym_spolki_handlowe_razem>65</w_tym_spolki_handlowe_razem>
		<w_tym_spolki_handlowe_akcyjne>0</w_tym_spolki_handlowe_akcyjne>
		<w_tym_spolki_handlowe_zoo>49</w_tym_spolki_handlowe_zoo>
		<w_tym_spolki_cywilne>10</w_tym_spolki_cywilne>
		<spóldzielnie>0</spóldzielnie>
		<osoby_fizyczne_prowadzace_dzialalnosc_gospodarcza>475</osoby_fizyczne_prowadzace_dzialalnosc_gospodarcza>
	</dane_tablica_T5>
	<dane_tablica_T5>
		<PKD_Sekcja>C</PKD_Sekcja>
		<PKD_Dzial>26</PKD_Dzial>
		<PKD_opis>Produkcja komputerów, wyrobów elektronicznych i optycznych</PKD_opis>
		<Ogolem>21</Ogolem>
		<przedsiebiorstwa_panstwowe>0</przedsiebiorstwa_panstwowe>
		<spolki_razem>12</spolki_razem>
		<w_tym_spolki_handlowe_razem>11</w_tym_spolki_handlowe_razem>
		<w_tym_spolki_handlowe_akcyjne>2</w_tym_spolki_handlowe_akcyjne>
		<w_tym_spolki_handlowe_zoo>7</w_tym_spolki_handlowe_zoo>
		<w_tym_spolki_cywilne>1</w_tym_spolki_cywilne>
		<spóldzielnie>0</spóldzielnie>
		<osoby_fizyczne_prowadzace_dzialalnosc_gospodarcza>9</osoby_fizyczne_prowadzace_dzialalnosc_gospodarcza>
	</dane_tablica_T5>
	<dane_tablica_T5>
		<PKD_Sekcja>C</PKD_Sekcja>
		<PKD_Dzial>27</PKD_Dzial>
		<PKD_opis>Produkcja urządzeń elektrycznych</PKD_opis>
		<Ogolem>31</Ogolem>
		<przedsiebiorstwa_panstwowe>0</przedsiebiorstwa_panstwowe>
		<spolki_razem>8</spolki_razem>
		<w_tym_spolki_handlowe_razem>8</w_tym_spolki_handlowe_razem>
		<w_tym_spolki_handlowe_akcyjne>0</w_tym_spolki_handlowe_akcyjne>
		<w_tym_spolki_handlowe_zoo>8</w_tym_spolki_handlowe_zoo>
		<w_tym_spolki_cywilne>0</w_tym_spolki_cywilne>
		<spóldzielnie>0</spóldzielnie>
		<osoby_fizyczne_prowadzace_dzialalnosc_gospodarcza>23</osoby_fizyczne_prowadzace_dzialalnosc_gospodarcza>
	</dane_tablica_T5>
	<dane_tablica_T5>
		<PKD_Sekcja>C</PKD_Sekcja>
		<PKD_Dzial>28</PKD_Dzial>
		<PKD_opis>Produkcja maszyn i urządzeń, gdzie indziej niesklasyfikowana</PKD_opis>
		<Ogolem>27</Ogolem>
		<przedsiebiorstwa_panstwowe>0</przedsiebiorstwa_panstwowe>
		<spolki_razem>9</spolki_razem>
		<w_tym_spolki_handlowe_razem>9</w_tym_spolki_handlowe_razem>
		<w_tym_spolki_handlowe_akcyjne>0</w_tym_spolki_handlowe_akcyjne>
		<w_tym_spolki_handlowe_zoo>6</w_tym_spolki_handlowe_zoo>
		<w_tym_spolki_cywilne>0</w_tym_spolki_cywilne>
		<spóldzielnie>0</spóldzielnie>
		<osoby_fizyczne_prowadzace_dzialalnosc_gospodarcza>18</osoby_fizyczne_prowadzace_dzialalnosc_gospodarcza>
	</dane_tablica_T5>
	<dane_tablica_T5>
		<PKD_Sekcja>C</PKD_Sekcja>
		<PKD_Dzial>29</PKD_Dzial>
		<PKD_opis>Produkcja pojazdów samochodowych, przyczep i naczep, z wyłączeniem motocykli</PKD_opis>
		<Ogolem>11</Ogolem>
		<przedsiebiorstwa_panstwowe>0</przedsiebiorstwa_panstwowe>
		<spolki_razem>6</spolki_razem>
		<w_tym_spolki_handlowe_razem>5</w_tym_spolki_handlowe_razem>
		<w_tym_spolki_handlowe_akcyjne>0</w_tym_spolki_handlowe_akcyjne>
		<w_tym_spolki_handlowe_zoo>3</w_tym_spolki_handlowe_zoo>
		<w_tym_spolki_cywilne>1</w_tym_spolki_cywilne>
		<spóldzielnie>0</spóldzielnie>
		<osoby_fizyczne_prowadzace_dzialalnosc_gospodarcza>5</osoby_fizyczne_prowadzace_dzialalnosc_gospodarcza>
	</dane_tablica_T5>
	<dane_tablica_T5>
		<PKD_Sekcja>C</PKD_Sekcja>
		<PKD_Dzial>30</PKD_Dzial>
		<PKD_opis>Produkcja pozostałego sprzętu transportowego</PKD_opis>
		<Ogolem>36</Ogolem>
		<przedsiebiorstwa_panstwowe>0</przedsiebiorstwa_panstwowe>
		<spolki_razem>8</spolki_razem>
		<w_tym_spolki_handlowe_razem>8</w_tym_spolki_handlowe_razem>
		<w_tym_spolki_handlowe_akcyjne>0</w_tym_spolki_handlowe_akcyjne>
		<w_tym_spolki_handlowe_zoo>8</w_tym_spolki_handlowe_zoo>
		<w_tym_spolki_cywilne>0</w_tym_spolki_cywilne>
		<spóldzielnie>0</spóldzielnie>
		<osoby_fizyczne_prowadzace_dzialalnosc_gospodarcza>27</osoby_fizyczne_prowadzace_dzialalnosc_gospodarcza>
	</dane_tablica_T5>
	<dane_tablica_T5>
		<PKD_Sekcja>C</PKD_Sekcja>
		<PKD_Dzial>31</PKD_Dzial>
		<PKD_opis>Produkcja mebli</PKD_opis>
		<Ogolem>282</Ogolem>
		<przedsiebiorstwa_panstwowe>0</przedsiebiorstwa_panstwowe>
		<spolki_razem>39</spolki_razem>
		<w_tym_spolki_handlowe_razem>31</w_tym_spolki_handlowe_razem>
		<w_tym_spolki_handlowe_akcyjne>0</w_tym_spolki_handlowe_akcyjne>
		<w_tym_spolki_handlowe_zoo>23</w_tym_spolki_handlowe_zoo>
		<w_tym_spolki_cywilne>8</w_tym_spolki_cywilne>
		<spóldzielnie>0</spóldzielnie>
		<osoby_fizyczne_prowadzace_dzialalnosc_gospodarcza>243</osoby_fizyczne_prowadzace_dzialalnosc_gospodarcza>
	</dane_tablica_T5>
	<dane_tablica_T5>
		<PKD_Sekcja>C</PKD_Sekcja>
		<PKD_Dzial>32</PKD_Dzial>
		<PKD_opis>Pozostała produkcja wyrobów</PKD_opis>
		<Ogolem>171</Ogolem>
		<przedsiebiorstwa_panstwowe>0</przedsiebiorstwa_panstwowe>
		<spolki_razem>15</spolki_razem>
		<w_tym_spolki_handlowe_razem>11</w_tym_spolki_handlowe_razem>
		<w_tym_spolki_handlowe_akcyjne>0</w_tym_spolki_handlowe_akcyjne>
		<w_tym_spolki_handlowe_zoo>11</w_tym_spolki_handlowe_zoo>
		<w_tym_spolki_cywilne>4</w_tym_spolki_cywilne>
		<spóldzielnie>0</spóldzielnie>
		<osoby_fizyczne_prowadzace_dzialalnosc_gospodarcza>155</osoby_fizyczne_prowadzace_dzialalnosc_gospodarcza>
	</dane_tablica_T5>
	<dane_tablica_T5>
		<PKD_Sekcja>C</PKD_Sekcja>
		<PKD_Dzial>33</PKD_Dzial>
		<PKD_opis>Naprawa, konserwacja i instalowanie maszyn i urządzeń</PKD_opis>
		<Ogolem>372</Ogolem>
		<przedsiebiorstwa_panstwowe>0</przedsiebiorstwa_panstwowe>
		<spolki_razem>37</spolki_razem>
		<w_tym_spolki_handlowe_razem>33</w_tym_spolki_handlowe_razem>
		<w_tym_spolki_handlowe_akcyjne>0</w_tym_spolki_handlowe_akcyjne>
		<w_tym_spolki_handlowe_zoo>25</w_tym_spolki_handlowe_zoo>
		<w_tym_spolki_cywilne>4</w_tym_spolki_cywilne>
		<spóldzielnie>0</spóldzielnie>
		<osoby_fizyczne_prowadzace_dzialalnosc_gospodarcza>335</osoby_fizyczne_prowadzace_dzialalnosc_gospodarcza>
	</dane_tablica_T5>
	<dane_tablica_T5>
		<PKD_Sekcja>D</PKD_Sekcja>
		<PKD_Dzial>35</PKD_Dzial>
		<PKD_opis>Wytwarzanie i zaopatrywanie w energię elektryczną, gaz, parę wodną, gorącą wodę i powietrze do układów klimatyzacyjnych</PKD_opis>
		<Ogolem>64</Ogolem>
		<przedsiebiorstwa_panstwowe>0</przedsiebiorstwa_panstwowe>
		<spolki_razem>35</spolki_razem>
		<w_tym_spolki_handlowe_razem>34</w_tym_spolki_handlowe_razem>
		<w_tym_spolki_handlowe_akcyjne>0</w_tym_spolki_handlowe_akcyjne>
		<w_tym_spolki_handlowe_zoo>32</w_tym_spolki_handlowe_zoo>
		<w_tym_spolki_cywilne>1</w_tym_spolki_cywilne>
		<spóldzielnie>0</spóldzielnie>
		<osoby_fizyczne_prowadzace_dzialalnosc_gospodarcza>29</osoby_fizyczne_prowadzace_dzialalnosc_gospodarcza>
	</dane_tablica_T5>
	<dane_tablica_T5>
		<PKD_Sekcja>E</PKD_Sekcja>
		<PKD_Dzial>36</PKD_Dzial>
		<PKD_opis>Pobór, uzdatnianie i dostarczanie wody</PKD_opis>
		<Ogolem>6</Ogolem>
		<przedsiebiorstwa_panstwowe>0</przedsiebiorstwa_panstwowe>
		<spolki_razem>2</spolki_razem>
		<w_tym_spolki_handlowe_razem>2</w_tym_spolki_handlowe_razem>
		<w_tym_spolki_handlowe_akcyjne>0</w_tym_spolki_handlowe_akcyjne>
		<w_tym_spolki_handlowe_zoo>2</w_tym_spolki_handlowe_zoo>
		<w_tym_spolki_cywilne>0</w_tym_spolki_cywilne>
		<spóldzielnie>1</spóldzielnie>
		<osoby_fizyczne_prowadzace_dzialalnosc_gospodarcza>3</osoby_fizyczne_prowadzace_dzialalnosc_gospodarcza>
	</dane_tablica_T5>
	<dane_tablica_T5>
		<PKD_Sekcja>E</PKD_Sekcja>
		<PKD_Dzial>37</PKD_Dzial>
		<PKD_opis>Odprowadzanie i oczyszczanie ścieków</PKD_opis>
		<Ogolem>7</Ogolem>
		<przedsiebiorstwa_panstwowe>0</przedsiebiorstwa_panstwowe>
		<spolki_razem>0</spolki_razem>
		<w_tym_spolki_handlowe_razem>0</w_tym_spolki_handlowe_razem>
		<w_tym_spolki_handlowe_akcyjne>0</w_tym_spolki_handlowe_akcyjne>
		<w_tym_spolki_handlowe_zoo>0</w_tym_spolki_handlowe_zoo>
		<w_tym_spolki_cywilne>0</w_tym_spolki_cywilne>
		<spóldzielnie>0</spóldzielnie>
		<osoby_fizyczne_prowadzace_dzialalnosc_gospodarcza>7</osoby_fizyczne_prowadzace_dzialalnosc_gospodarcza>
	</dane_tablica_T5>
	<dane_tablica_T5>
		<PKD_Sekcja>E</PKD_Sekcja>
		<PKD_Dzial>38</PKD_Dzial>
		<PKD_opis>Działalność związana ze zbieraniem, przetwarzaniem i unieszkodliwianiem odpadów; odzysk surowców</PKD_opis>
		<Ogolem>59</Ogolem>
		<przedsiebiorstwa_panstwowe>0</przedsiebiorstwa_panstwowe>
		<spolki_razem>21</spolki_razem>
		<w_tym_spolki_handlowe_razem>20</w_tym_spolki_handlowe_razem>
		<w_tym_spolki_handlowe_akcyjne>0</w_tym_spolki_handlowe_akcyjne>
		<w_tym_spolki_handlowe_zoo>13</w_tym_spolki_handlowe_zoo>
		<w_tym_spolki_cywilne>1</w_tym_spolki_cywilne>
		<spóldzielnie>0</spóldzielnie>
		<osoby_fizyczne_prowadzace_dzialalnosc_gospodarcza>38</osoby_fizyczne_prowadzace_dzialalnosc_gospodarcza>
	</dane_tablica_T5>
	<dane_tablica_T5>
		<PKD_Sekcja>E</PKD_Sekcja>
		<PKD_Dzial>39</PKD_Dzial>
		<PKD_opis>Działalność związana z rekultywacją i pozostała działalność usługowa związana z gospodarką odpadami</PKD_opis>
		<Ogolem>4</Ogolem>
		<przedsiebiorstwa_panstwowe>0</przedsiebiorstwa_panstwowe>
		<spolki_razem>2</spolki_razem>
		<w_tym_spolki_handlowe_razem>2</w_tym_spolki_handlowe_razem>
		<w_tym_spolki_handlowe_akcyjne>0</w_tym_spolki_handlowe_akcyjne>
		<w_tym_spolki_handlowe_zoo>2</w_tym_spolki_handlowe_zoo>
		<w_tym_spolki_cywilne>0</w_tym_spolki_cywilne>
		<spóldzielnie>0</spóldzielnie>
		<osoby_fizyczne_prowadzace_dzialalnosc_gospodarcza>2</osoby_fizyczne_prowadzace_dzialalnosc_gospodarcza>
	</dane_tablica_T5>
	<dane_tablica_T5>
		<PKD_Sekcja>F</PKD_Sekcja>
		<PKD_Dzial>41</PKD_Dzial>
		<PKD_opis>Roboty budowlane związane ze wznoszeniem budynków</PKD_opis>
		<Ogolem>1332</Ogolem>
		<przedsiebiorstwa_panstwowe>0</przedsiebiorstwa_panstwowe>
		<spolki_razem>336</spolki_razem>
		<w_tym_spolki_handlowe_razem>315</w_tym_spolki_handlowe_razem>
		<w_tym_spolki_handlowe_akcyjne>1</w_tym_spolki_handlowe_akcyjne>
		<w_tym_spolki_handlowe_zoo>214</w_tym_spolki_handlowe_zoo>
		<w_tym_spolki_cywilne>21</w_tym_spolki_cywilne>
		<spóldzielnie>0</spóldzielnie>
		<osoby_fizyczne_prowadzace_dzialalnosc_gospodarcza>996</osoby_fizyczne_prowadzace_dzialalnosc_gospodarcza>
	</dane_tablica_T5>
	<dane_tablica_T5>
		<PKD_Sekcja>F</PKD_Sekcja>
		<PKD_Dzial>42</PKD_Dzial>
		<PKD_opis>Roboty związane z budową obiektów inżynierii lądowej i wodnej</PKD_opis>
		<Ogolem>203</Ogolem>
		<przedsiebiorstwa_panstwowe>0</przedsiebiorstwa_panstwowe>
		<spolki_razem>33</spolki_razem>
		<w_tym_spolki_handlowe_razem>27</w_tym_spolki_handlowe_razem>
		<w_tym_spolki_handlowe_akcyjne>0</w_tym_spolki_handlowe_akcyjne>
		<w_tym_spolki_handlowe_zoo>21</w_tym_spolki_handlowe_zoo>
		<w_tym_spolki_cywilne>4</w_tym_spolki_cywilne>
		<spóldzielnie>0</spóldzielnie>
		<osoby_fizyczne_prowadzace_dzialalnosc_gospodarcza>170</osoby_fizyczne_prowadzace_dzialalnosc_gospodarcza>
	</dane_tablica_T5>
	<dane_tablica_T5>
		<PKD_Sekcja>F</PKD_Sekcja>
		<PKD_Dzial>43</PKD_Dzial>
		<PKD_opis>Roboty budowlane specjalistyczne</PKD_opis>
		<Ogolem>3935</Ogolem>
		<przedsiebiorstwa_panstwowe>0</przedsiebiorstwa_panstwowe>
		<spolki_razem>128</spolki_razem>
		<w_tym_spolki_handlowe_razem>112</w_tym_spolki_handlowe_razem>
		<w_tym_spolki_handlowe_akcyjne>0</w_tym_spolki_handlowe_akcyjne>
		<w_tym_spolki_handlowe_zoo>99</w_tym_spolki_handlowe_zoo>
		<w_tym_spolki_cywilne>16</w_tym_spolki_cywilne>
		<spóldzielnie>0</spóldzielnie>
		<osoby_fizyczne_prowadzace_dzialalnosc_gospodarcza>3807</osoby_fizyczne_prowadzace_dzialalnosc_gospodarcza>
	</dane_tablica_T5>
	<dane_tablica_T5>
		<PKD_Sekcja>G</PKD_Sekcja>
		<PKD_Dzial>45</PKD_Dzial>
		<PKD_opis>Handel hurtowy i detaliczny pojazdami samochodowymi; naprawa pojazdów samochodowych</PKD_opis>
		<Ogolem>1150</Ogolem>
		<przedsiebiorstwa_panstwowe>0</przedsiebiorstwa_panstwowe>
		<spolki_razem>119</spolki_razem>
		<w_tym_spolki_handlowe_razem>97</w_tym_spolki_handlowe_razem>
		<w_tym_spolki_handlowe_akcyjne>1</w_tym_spolki_handlowe_akcyjne>
		<w_tym_spolki_handlowe_zoo>80</w_tym_spolki_handlowe_zoo>
		<w_tym_spolki_cywilne>22</w_tym_spolki_cywilne>
		<spóldzielnie>1</spóldzielnie>
		<osoby_fizyczne_prowadzace_dzialalnosc_gospodarcza>1030</osoby_fizyczne_prowadzace_dzialalnosc_gospodarcza>
	</dane_tablica_T5>
	<dane_tablica_T5>
		<PKD_Sekcja>G</PKD_Sekcja>
		<PKD_Dzial>46</PKD_Dzial>
		<PKD_opis>Handel hurtowy, z wyłączeniem handlu pojazdami samochodowymi</PKD_opis>
		<Ogolem>1152</Ogolem>
		<przedsiebiorstwa_panstwowe>0</przedsiebiorstwa_panstwowe>
		<spolki_razem>391</spolki_razem>
		<w_tym_spolki_handlowe_razem>369</w_tym_spolki_handlowe_razem>
		<w_tym_spolki_handlowe_akcyjne>3</w_tym_spolki_handlowe_akcyjne>
		<w_tym_spolki_handlowe_zoo>304</w_tym_spolki_handlowe_zoo>
		<w_tym_spolki_cywilne>22</w_tym_spolki_cywilne>
		<spóldzielnie>11</spóldzielnie>
		<osoby_fizyczne_prowadzace_dzialalnosc_gospodarcza>749</osoby_fizyczne_prowadzace_dzialalnosc_gospodarcza>
	</dane_tablica_T5>
	<dane_tablica_T5>
		<PKD_Sekcja>G</PKD_Sekcja>
		<PKD_Dzial>47</PKD_Dzial>
		<PKD_opis>Handel detaliczny, z wyłączeniem handlu detalicznego pojazdami samochodowymi</PKD_opis>
		<Ogolem>3233</Ogolem>
		<przedsiebiorstwa_panstwowe>0</przedsiebiorstwa_panstwowe>
		<spolki_razem>333</spolki_razem>
		<w_tym_spolki_handlowe_razem>248</w_tym_spolki_handlowe_razem>
		<w_tym_spolki_handlowe_akcyjne>1</w_tym_spolki_handlowe_akcyjne>
		<w_tym_spolki_handlowe_zoo>202</w_tym_spolki_handlowe_zoo>
		<w_tym_spolki_cywilne>85</w_tym_spolki_cywilne>
		<spóldzielnie>2</spóldzielnie>
		<osoby_fizyczne_prowadzace_dzialalnosc_gospodarcza>2898</osoby_fizyczne_prowadzace_dzialalnosc_gospodarcza>
	</dane_tablica_T5>
	<dane_tablica_T5>
		<PKD_Sekcja>H</PKD_Sekcja>
		<PKD_Dzial>49</PKD_Dzial>
		<PKD_opis>Transport lądowy oraz transport rurociągowy</PKD_opis>
		<Ogolem>1749</Ogolem>
		<przedsiebiorstwa_panstwowe>0</przedsiebiorstwa_panstwowe>
		<spolki_razem>189</spolki_razem>
		<w_tym_spolki_handlowe_razem>172</w_tym_spolki_handlowe_razem>
		<w_tym_spolki_handlowe_akcyjne>1</w_tym_spolki_handlowe_akcyjne>
		<w_tym_spolki_handlowe_zoo>153</w_tym_spolki_handlowe_zoo>
		<w_tym_spolki_cywilne>17</w_tym_spolki_cywilne>
		<spóldzielnie>1</spóldzielnie>
		<osoby_fizyczne_prowadzace_dzialalnosc_gospodarcza>1558</osoby_fizyczne_prowadzace_dzialalnosc_gospodarcza>
	</dane_tablica_T5>
	<dane_tablica_T5>
		<PKD_Sekcja>H</PKD_Sekcja>
		<PKD_Dzial>50</PKD_Dzial>
		<PKD_opis>Transport wodny</PKD_opis>
		<Ogolem>4</Ogolem>
		<przedsiebiorstwa_panstwowe>0</przedsiebiorstwa_panstwowe>
		<spolki_razem>1</spolki_razem>
		<w_tym_spolki_handlowe_razem>1</w_tym_spolki_handlowe_razem>
		<w_tym_spolki_handlowe_akcyjne>0</w_tym_spolki_handlowe_akcyjne>
		<w_tym_spolki_handlowe_zoo>1</w_tym_spolki_handlowe_zoo>
		<w_tym_spolki_cywilne>0</w_tym_spolki_cywilne>
		<spóldzielnie>0</spóldzielnie>
		<osoby_fizyczne_prowadzace_dzialalnosc_gospodarcza>3</osoby_fizyczne_prowadzace_dzialalnosc_gospodarcza>
	</dane_tablica_T5>
	<dane_tablica_T5>
		<PKD_Sekcja>H</PKD_Sekcja>
		<PKD_Dzial>51</PKD_Dzial>
		<PKD_opis>Transport lotniczy</PKD_opis>
		<Ogolem>18</Ogolem>
		<przedsiebiorstwa_panstwowe>0</przedsiebiorstwa_panstwowe>
		<spolki_razem>3</spolki_razem>
		<w_tym_spolki_handlowe_razem>3</w_tym_spolki_handlowe_razem>
		<w_tym_spolki_handlowe_akcyjne>0</w_tym_spolki_handlowe_akcyjne>
		<w_tym_spolki_handlowe_zoo>3</w_tym_spolki_handlowe_zoo>
		<w_tym_spolki_cywilne>0</w_tym_spolki_cywilne>
		<spóldzielnie>0</spóldzielnie>
		<osoby_fizyczne_prowadzace_dzialalnosc_gospodarcza>14</osoby_fizyczne_prowadzace_dzialalnosc_gospodarcza>
	</dane_tablica_T5>
	<dane_tablica_T5>
		<PKD_Sekcja>H</PKD_Sekcja>
		<PKD_Dzial>52</PKD_Dzial>
		<PKD_opis>Magazynowanie i działalność usługowa wspomagająca transport</PKD_opis>
		<Ogolem>193</Ogolem>
		<przedsiebiorstwa_panstwowe>0</przedsiebiorstwa_panstwowe>
		<spolki_razem>30</spolki_razem>
		<w_tym_spolki_handlowe_razem>25</w_tym_spolki_handlowe_razem>
		<w_tym_spolki_handlowe_akcyjne>0</w_tym_spolki_handlowe_akcyjne>
		<w_tym_spolki_handlowe_zoo>22</w_tym_spolki_handlowe_zoo>
		<w_tym_spolki_cywilne>5</w_tym_spolki_cywilne>
		<spóldzielnie>0</spóldzielnie>
		<osoby_fizyczne_prowadzace_dzialalnosc_gospodarcza>162</osoby_fizyczne_prowadzace_dzialalnosc_gospodarcza>
	</dane_tablica_T5>
	<dane_tablica_T5>
		<PKD_Sekcja>H</PKD_Sekcja>
		<PKD_Dzial>53</PKD_Dzial>
		<PKD_opis>Działalność pocztowa i kurierska</PKD_opis>
		<Ogolem>90</Ogolem>
		<przedsiebiorstwa_panstwowe>0</przedsiebiorstwa_panstwowe>
		<spolki_razem>1</spolki_razem>
		<w_tym_spolki_handlowe_razem>1</w_tym_spolki_handlowe_razem>
		<w_tym_spolki_handlowe_akcyjne>0</w_tym_spolki_handlowe_akcyjne>
		<w_tym_spolki_handlowe_zoo>1</w_tym_spolki_handlowe_zoo>
		<w_tym_spolki_cywilne>0</w_tym_spolki_cywilne>
		<spóldzielnie>0</spóldzielnie>
		<osoby_fizyczne_prowadzace_dzialalnosc_gospodarcza>89</osoby_fizyczne_prowadzace_dzialalnosc_gospodarcza>
	</dane_tablica_T5>
	<dane_tablica_T5>
		<PKD_Sekcja>I</PKD_Sekcja>
		<PKD_Dzial>55</PKD_Dzial>
		<PKD_opis>Zakwaterowanie</PKD_opis>
		<Ogolem>198</Ogolem>
		<przedsiebiorstwa_panstwowe>0</przedsiebiorstwa_panstwowe>
		<spolki_razem>46</spolki_razem>
		<w_tym_spolki_handlowe_razem>39</w_tym_spolki_handlowe_razem>
		<w_tym_spolki_handlowe_akcyjne>0</w_tym_spolki_handlowe_akcyjne>
		<w_tym_spolki_handlowe_zoo>26</w_tym_spolki_handlowe_zoo>
		<w_tym_spolki_cywilne>7</w_tym_spolki_cywilne>
		<spóldzielnie>0</spóldzielnie>
		<osoby_fizyczne_prowadzace_dzialalnosc_gospodarcza>148</osoby_fizyczne_prowadzace_dzialalnosc_gospodarcza>
	</dane_tablica_T5>
	<dane_tablica_T5>
		<PKD_Sekcja>I</PKD_Sekcja>
		<PKD_Dzial>56</PKD_Dzial>
		<PKD_opis>Działalność usługowa związana z wyżywieniem</PKD_opis>
		<Ogolem>691</Ogolem>
		<przedsiebiorstwa_panstwowe>0</przedsiebiorstwa_panstwowe>
		<spolki_razem>155</spolki_razem>
		<w_tym_spolki_handlowe_razem>108</w_tym_spolki_handlowe_razem>
		<w_tym_spolki_handlowe_akcyjne>1</w_tym_spolki_handlowe_akcyjne>
		<w_tym_spolki_handlowe_zoo>87</w_tym_spolki_handlowe_zoo>
		<w_tym_spolki_cywilne>47</w_tym_spolki_cywilne>
		<spóldzielnie>6</spóldzielnie>
		<osoby_fizyczne_prowadzace_dzialalnosc_gospodarcza>530</osoby_fizyczne_prowadzace_dzialalnosc_gospodarcza>
	</dane_tablica_T5>
	<dane_tablica_T5>
		<PKD_Sekcja>J</PKD_Sekcja>
		<PKD_Dzial>58</PKD_Dzial>
		<PKD_opis>Działalność wydawnicza</PKD_opis>
		<Ogolem>54</Ogolem>
		<przedsiebiorstwa_panstwowe>0</przedsiebiorstwa_panstwowe>
		<spolki_razem>18</spolki_razem>
		<w_tym_spolki_handlowe_razem>17</w_tym_spolki_handlowe_razem>
		<w_tym_spolki_handlowe_akcyjne>1</w_tym_spolki_handlowe_akcyjne>
		<w_tym_spolki_handlowe_zoo>15</w_tym_spolki_handlowe_zoo>
		<w_tym_spolki_cywilne>1</w_tym_spolki_cywilne>
		<spóldzielnie>0</spóldzielnie>
		<osoby_fizyczne_prowadzace_dzialalnosc_gospodarcza>36</osoby_fizyczne_prowadzace_dzialalnosc_gospodarcza>
	</dane_tablica_T5>
	<dane_tablica_T5>
		<PKD_Sekcja>J</PKD_Sekcja>
		<PKD_Dzial>59</PKD_Dzial>
		<PKD_opis>Działalność związana z produkcją filmów, nagrań wideo, programów telewizyjnych, nagrań dźwiękowych i muzycznych</PKD_opis>
		<Ogolem>134</Ogolem>
		<przedsiebiorstwa_panstwowe>0</przedsiebiorstwa_panstwowe>
		<spolki_razem>15</spolki_razem>
		<w_tym_spolki_handlowe_razem>15</w_tym_spolki_handlowe_razem>
		<w_tym_spolki_handlowe_akcyjne>0</w_tym_spolki_handlowe_akcyjne>
		<w_tym_spolki_handlowe_zoo>15</w_tym_spolki_handlowe_zoo>
		<w_tym_spolki_cywilne>0</w_tym_spolki_cywilne>
		<spóldzielnie>0</spóldzielnie>
		<osoby_fizyczne_prowadzace_dzialalnosc_gospodarcza>119</osoby_fizyczne_prowadzace_dzialalnosc_gospodarcza>
	</dane_tablica_T5>
	<dane_tablica_T5>
		<PKD_Sekcja>J</PKD_Sekcja>
		<PKD_Dzial>60</PKD_Dzial>
		<PKD_opis>Nadawanie programów ogólnodostępnych i abonamentowych</PKD_opis>
		<Ogolem>3</Ogolem>
		<przedsiebiorstwa_panstwowe>0</przedsiebiorstwa_panstwowe>
		<spolki_razem>0</spolki_razem>
		<w_tym_spolki_handlowe_razem>0</w_tym_spolki_handlowe_razem>
		<w_tym_spolki_handlowe_akcyjne>0</w_tym_spolki_handlowe_akcyjne>
		<w_tym_spolki_handlowe_zoo>0</w_tym_spolki_handlowe_zoo>
		<w_tym_spolki_cywilne>0</w_tym_spolki_cywilne>
		<spóldzielnie>0</spóldzielnie>
		<osoby_fizyczne_prowadzace_dzialalnosc_gospodarcza>3</osoby_fizyczne_prowadzace_dzialalnosc_gospodarcza>
	</dane_tablica_T5>
	<dane_tablica_T5>
		<PKD_Sekcja>J</PKD_Sekcja>
		<PKD_Dzial>61</PKD_Dzial>
		<PKD_opis>Telekomunikacja</PKD_opis>
		<Ogolem>71</Ogolem>
		<przedsiebiorstwa_panstwowe>0</przedsiebiorstwa_panstwowe>
		<spolki_razem>10</spolki_razem>
		<w_tym_spolki_handlowe_razem>10</w_tym_spolki_handlowe_razem>
		<w_tym_spolki_handlowe_akcyjne>0</w_tym_spolki_handlowe_akcyjne>
		<w_tym_spolki_handlowe_zoo>10</w_tym_spolki_handlowe_zoo>
		<w_tym_spolki_cywilne>0</w_tym_spolki_cywilne>
		<spóldzielnie>0</spóldzielnie>
		<osoby_fizyczne_prowadzace_dzialalnosc_gospodarcza>61</osoby_fizyczne_prowadzace_dzialalnosc_gospodarcza>
	</dane_tablica_T5>
	<dane_tablica_T5>
		<PKD_Sekcja>J</PKD_Sekcja>
		<PKD_Dzial>62</PKD_Dzial>
		<PKD_opis>Działalność związana z oprogramowaniem i doradztwem w zakresie informatyki oraz dzialalność powiązana</PKD_opis>
		<Ogolem>1470</Ogolem>
		<przedsiebiorstwa_panstwowe>0</przedsiebiorstwa_panstwowe>
		<spolki_razem>201</spolki_razem>
		<w_tym_spolki_handlowe_razem>195</w_tym_spolki_handlowe_razem>
		<w_tym_spolki_handlowe_akcyjne>4</w_tym_spolki_handlowe_akcyjne>
		<w_tym_spolki_handlowe_zoo>178</w_tym_spolki_handlowe_zoo>
		<w_tym_spolki_cywilne>6</w_tym_spolki_cywilne>
		<spóldzielnie>0</spóldzielnie>
		<osoby_fizyczne_prowadzace_dzialalnosc_gospodarcza>1268</osoby_fizyczne_prowadzace_dzialalnosc_gospodarcza>
	</dane_tablica_T5>
	<dane_tablica_T5>
		<PKD_Sekcja>J</PKD_Sekcja>
		<PKD_Dzial>63</PKD_Dzial>
		<PKD_opis>Działalność usługowa w zakresie informacji</PKD_opis>
		<Ogolem>186</Ogolem>
		<przedsiebiorstwa_panstwowe>0</przedsiebiorstwa_panstwowe>
		<spolki_razem>89</spolki_razem>
		<w_tym_spolki_handlowe_razem>87</w_tym_spolki_handlowe_razem>
		<w_tym_spolki_handlowe_akcyjne>1</w_tym_spolki_handlowe_akcyjne>
		<w_tym_spolki_handlowe_zoo>80</w_tym_spolki_handlowe_zoo>
		<w_tym_spolki_cywilne>2</w_tym_spolki_cywilne>
		<spóldzielnie>0</spóldzielnie>
		<osoby_fizyczne_prowadzace_dzialalnosc_gospodarcza>95</osoby_fizyczne_prowadzace_dzialalnosc_gospodarcza>
	</dane_tablica_T5>
	<dane_tablica_T5>
		<PKD_Sekcja>K</PKD_Sekcja>
		<PKD_Dzial>64</PKD_Dzial>
		<PKD_opis>Finansowa działalność usługowa, z wyłączeniem ubezpieczeń i funduszów emerytalnych</PKD_opis>
		<Ogolem>231</Ogolem>
		<przedsiebiorstwa_panstwowe>0</przedsiebiorstwa_panstwowe>
		<spolki_razem>95</spolki_razem>
		<w_tym_spolki_handlowe_razem>94</w_tym_spolki_handlowe_razem>
		<w_tym_spolki_handlowe_akcyjne>6</w_tym_spolki_handlowe_akcyjne>
		<w_tym_spolki_handlowe_zoo>81</w_tym_spolki_handlowe_zoo>
		<w_tym_spolki_cywilne>1</w_tym_spolki_cywilne>
		<spóldzielnie>0</spóldzielnie>
		<osoby_fizyczne_prowadzace_dzialalnosc_gospodarcza>129</osoby_fizyczne_prowadzace_dzialalnosc_gospodarcza>
	</dane_tablica_T5>
	<dane_tablica_T5>
		<PKD_Sekcja>K</PKD_Sekcja>
		<PKD_Dzial>65</PKD_Dzial>
		<PKD_opis>Ubezpieczenia, reasekuracja oraz fundusze emerytalne, z wyłączeniem obowiązkowego ubezpieczenia społecznego</PKD_opis>
		<Ogolem>13</Ogolem>
		<przedsiebiorstwa_panstwowe>0</przedsiebiorstwa_panstwowe>
		<spolki_razem>1</spolki_razem>
		<w_tym_spolki_handlowe_razem>1</w_tym_spolki_handlowe_razem>
		<w_tym_spolki_handlowe_akcyjne>0</w_tym_spolki_handlowe_akcyjne>
		<w_tym_spolki_handlowe_zoo>0</w_tym_spolki_handlowe_zoo>
		<w_tym_spolki_cywilne>0</w_tym_spolki_cywilne>
		<spóldzielnie>0</spóldzielnie>
		<osoby_fizyczne_prowadzace_dzialalnosc_gospodarcza>12</osoby_fizyczne_prowadzace_dzialalnosc_gospodarcza>
	</dane_tablica_T5>
	<dane_tablica_T5>
		<PKD_Sekcja>K</PKD_Sekcja>
		<PKD_Dzial>66</PKD_Dzial>
		<PKD_opis>Działalność wspomagająca usługi finansowe oraz ubezpieczenia i fundusze emerytalne</PKD_opis>
		<Ogolem>586</Ogolem>
		<przedsiebiorstwa_panstwowe>0</przedsiebiorstwa_panstwowe>
		<spolki_razem>97</spolki_razem>
		<w_tym_spolki_handlowe_razem>95</w_tym_spolki_handlowe_razem>
		<w_tym_spolki_handlowe_akcyjne>0</w_tym_spolki_handlowe_akcyjne>
		<w_tym_spolki_handlowe_zoo>84</w_tym_spolki_handlowe_zoo>
		<w_tym_spolki_cywilne>2</w_tym_spolki_cywilne>
		<spóldzielnie>0</spóldzielnie>
		<osoby_fizyczne_prowadzace_dzialalnosc_gospodarcza>488</osoby_fizyczne_prowadzace_dzialalnosc_gospodarcza>
	</dane_tablica_T5>
	<dane_tablica_T5>
		<PKD_Sekcja>L</PKD_Sekcja>
		<PKD_Dzial>68</PKD_Dzial>
		<PKD_opis>Działalność związana z obsługą rynku nieruchomości</PKD_opis>
		<Ogolem>920</Ogolem>
		<przedsiebiorstwa_panstwowe>0</przedsiebiorstwa_panstwowe>
		<spolki_razem>279</spolki_razem>
		<w_tym_spolki_handlowe_razem>263</w_tym_spolki_handlowe_razem>
		<w_tym_spolki_handlowe_akcyjne>2</w_tym_spolki_handlowe_akcyjne>
		<w_tym_spolki_handlowe_zoo>209</w_tym_spolki_handlowe_zoo>
		<w_tym_spolki_cywilne>14</w_tym_spolki_cywilne>
		<spóldzielnie>0</spóldzielnie>
		<osoby_fizyczne_prowadzace_dzialalnosc_gospodarcza>359</osoby_fizyczne_prowadzace_dzialalnosc_gospodarcza>
	</dane_tablica_T5>
	<dane_tablica_T5>
		<PKD_Sekcja>M</PKD_Sekcja>
		<PKD_Dzial>69</PKD_Dzial>
		<PKD_opis>Działalność prawnicza, rachunkowo-księgowa i doradztwo podatkowe</PKD_opis>
		<Ogolem>758</Ogolem>
		<przedsiebiorstwa_panstwowe>0</przedsiebiorstwa_panstwowe>
		<spolki_razem>145</spolki_razem>
		<w_tym_spolki_handlowe_razem>132</w_tym_spolki_handlowe_razem>
		<w_tym_spolki_handlowe_akcyjne>0</w_tym_spolki_handlowe_akcyjne>
		<w_tym_spolki_handlowe_zoo>92</w_tym_spolki_handlowe_zoo>
		<w_tym_spolki_cywilne>13</w_tym_spolki_cywilne>
		<spóldzielnie>1</spóldzielnie>
		<osoby_fizyczne_prowadzace_dzialalnosc_gospodarcza>607</osoby_fizyczne_prowadzace_dzialalnosc_gospodarcza>
	</dane_tablica_T5>
	<dane_tablica_T5>
		<PKD_Sekcja>M</PKD_Sekcja>
		<PKD_Dzial>70</PKD_Dzial>
		<PKD_opis>Działalność firm centralnych (head offices); doradztwo związane z zarządzaniem</PKD_opis>
		<Ogolem>965</Ogolem>
		<przedsiebiorstwa_panstwowe>0</przedsiebiorstwa_panstwowe>
		<spolki_razem>377</spolki_razem>
		<w_tym_spolki_handlowe_razem>370</w_tym_spolki_handlowe_razem>
		<w_tym_spolki_handlowe_akcyjne>5</w_tym_spolki_handlowe_akcyjne>
		<w_tym_spolki_handlowe_zoo>347</w_tym_spolki_handlowe_zoo>
		<w_tym_spolki_cywilne>7</w_tym_spolki_cywilne>
		<spóldzielnie>1</spóldzielnie>
		<osoby_fizyczne_prowadzace_dzialalnosc_gospodarcza>586</osoby_fizyczne_prowadzace_dzialalnosc_gospodarcza>
	</dane_tablica_T5>
	<dane_tablica_T5>
		<PKD_Sekcja>M</PKD_Sekcja>
		<PKD_Dzial>71</PKD_Dzial>
		<PKD_opis>Działalność w zakresie architektury i inżynierii; badania i analizy techniczne</PKD_opis>
		<Ogolem>597</Ogolem>
		<przedsiebiorstwa_panstwowe>0</przedsiebiorstwa_panstwowe>
		<spolki_razem>74</spolki_razem>
		<w_tym_spolki_handlowe_razem>68</w_tym_spolki_handlowe_razem>
		<w_tym_spolki_handlowe_akcyjne>0</w_tym_spolki_handlowe_akcyjne>
		<w_tym_spolki_handlowe_zoo>56</w_tym_spolki_handlowe_zoo>
		<w_tym_spolki_cywilne>6</w_tym_spolki_cywilne>
		<spóldzielnie>0</spóldzielnie>
		<osoby_fizyczne_prowadzace_dzialalnosc_gospodarcza>523</osoby_fizyczne_prowadzace_dzialalnosc_gospodarcza>
	</dane_tablica_T5>
	<dane_tablica_T5>
		<PKD_Sekcja>M</PKD_Sekcja>
		<PKD_Dzial>72</PKD_Dzial>
		<PKD_opis>Badania naukowe i prace rozwojowe</PKD_opis>
		<Ogolem>46</Ogolem>
		<przedsiebiorstwa_panstwowe>0</przedsiebiorstwa_panstwowe>
		<spolki_razem>27</spolki_razem>
		<w_tym_spolki_handlowe_razem>27</w_tym_spolki_handlowe_razem>
		<w_tym_spolki_handlowe_akcyjne>3</w_tym_spolki_handlowe_akcyjne>
		<w_tym_spolki_handlowe_zoo>22</w_tym_spolki_handlowe_zoo>
		<w_tym_spolki_cywilne>0</w_tym_spolki_cywilne>
		<spóldzielnie>0</spóldzielnie>
		<osoby_fizyczne_prowadzace_dzialalnosc_gospodarcza>19</osoby_fizyczne_prowadzace_dzialalnosc_gospodarcza>
	</dane_tablica_T5>
	<dane_tablica_T5>
		<PKD_Sekcja>M</PKD_Sekcja>
		<PKD_Dzial>73</PKD_Dzial>
		<PKD_opis>Reklama, badanie rynku i opinii publicznej</PKD_opis>
		<Ogolem>457</Ogolem>
		<przedsiebiorstwa_panstwowe>0</przedsiebiorstwa_panstwowe>
		<spolki_razem>82</spolki_razem>
		<w_tym_spolki_handlowe_razem>78</w_tym_spolki_handlowe_razem>
		<w_tym_spolki_handlowe_akcyjne>1</w_tym_spolki_handlowe_akcyjne>
		<w_tym_spolki_handlowe_zoo>66</w_tym_spolki_handlowe_zoo>
		<w_tym_spolki_cywilne>4</w_tym_spolki_cywilne>
		<spóldzielnie>0</spóldzielnie>
		<osoby_fizyczne_prowadzace_dzialalnosc_gospodarcza>372</osoby_fizyczne_prowadzace_dzialalnosc_gospodarcza>
	</dane_tablica_T5>
	<dane_tablica_T5>
		<PKD_Sekcja>M</PKD_Sekcja>
		<PKD_Dzial>74</PKD_Dzial>
		<PKD_opis>Pozostała działalność profesjonalna, naukowa i techniczna</PKD_opis>
		<Ogolem>789</Ogolem>
		<przedsiebiorstwa_panstwowe>0</przedsiebiorstwa_panstwowe>
		<spolki_razem>56</spolki_razem>
		<w_tym_spolki_handlowe_razem>47</w_tym_spolki_handlowe_razem>
		<w_tym_spolki_handlowe_akcyjne>0</w_tym_spolki_handlowe_akcyjne>
		<w_tym_spolki_handlowe_zoo>45</w_tym_spolki_handlowe_zoo>
		<w_tym_spolki_cywilne>9</w_tym_spolki_cywilne>
		<spóldzielnie>0</spóldzielnie>
		<osoby_fizyczne_prowadzace_dzialalnosc_gospodarcza>733</osoby_fizyczne_prowadzace_dzialalnosc_gospodarcza>
	</dane_tablica_T5>
	<dane_tablica_T5>
		<PKD_Sekcja>M</PKD_Sekcja>
		<PKD_Dzial>75</PKD_Dzial>
		<PKD_opis>Działalność weterynaryjna</PKD_opis>
		<Ogolem>30</Ogolem>
		<przedsiebiorstwa_panstwowe>0</przedsiebiorstwa_panstwowe>
		<spolki_razem>0</spolki_razem>
		<w_tym_spolki_handlowe_razem>0</w_tym_spolki_handlowe_razem>
		<w_tym_spolki_handlowe_akcyjne>0</w_tym_spolki_handlowe_akcyjne>
		<w_tym_spolki_handlowe_zoo>0</w_tym_spolki_handlowe_zoo>
		<w_tym_spolki_cywilne>0</w_tym_spolki_cywilne>
		<spóldzielnie>0</spóldzielnie>
		<osoby_fizyczne_prowadzace_dzialalnosc_gospodarcza>30</osoby_fizyczne_prowadzace_dzialalnosc_gospodarcza>
	</dane_tablica_T5>
	<dane_tablica_T5>
		<PKD_Sekcja>N</PKD_Sekcja>
		<PKD_Dzial>77</PKD_Dzial>
		<PKD_opis>Wynajem i dzierżawa</PKD_opis>
		<Ogolem>178</Ogolem>
		<przedsiebiorstwa_panstwowe>0</przedsiebiorstwa_panstwowe>
		<spolki_razem>36</spolki_razem>
		<w_tym_spolki_handlowe_razem>31</w_tym_spolki_handlowe_razem>
		<w_tym_spolki_handlowe_akcyjne>0</w_tym_spolki_handlowe_akcyjne>
		<w_tym_spolki_handlowe_zoo>25</w_tym_spolki_handlowe_zoo>
		<w_tym_spolki_cywilne>5</w_tym_spolki_cywilne>
		<spóldzielnie>0</spóldzielnie>
		<osoby_fizyczne_prowadzace_dzialalnosc_gospodarcza>142</osoby_fizyczne_prowadzace_dzialalnosc_gospodarcza>
	</dane_tablica_T5>
	<dane_tablica_T5>
		<PKD_Sekcja>N</PKD_Sekcja>
		<PKD_Dzial>78</PKD_Dzial>
		<PKD_opis>Działalność związana z zatrudnieniem</PKD_opis>
		<Ogolem>180</Ogolem>
		<przedsiebiorstwa_panstwowe>0</przedsiebiorstwa_panstwowe>
		<spolki_razem>105</spolki_razem>
		<w_tym_spolki_handlowe_razem>104</w_tym_spolki_handlowe_razem>
		<w_tym_spolki_handlowe_akcyjne>0</w_tym_spolki_handlowe_akcyjne>
		<w_tym_spolki_handlowe_zoo>98</w_tym_spolki_handlowe_zoo>
		<w_tym_spolki_cywilne>1</w_tym_spolki_cywilne>
		<spóldzielnie>0</spóldzielnie>
		<osoby_fizyczne_prowadzace_dzialalnosc_gospodarcza>75</osoby_fizyczne_prowadzace_dzialalnosc_gospodarcza>
	</dane_tablica_T5>
	<dane_tablica_T5>
		<PKD_Sekcja>N</PKD_Sekcja>
		<PKD_Dzial>79</PKD_Dzial>
		<PKD_opis>Działalność organizatorów turystyki, pośredników i agentów turystycznych oraz pozostała działalność usługowa w zakresie rezerwacji i działalności z nią związane</PKD_opis>
		<Ogolem>94</Ogolem>
		<przedsiebiorstwa_panstwowe>0</przedsiebiorstwa_panstwowe>
		<spolki_razem>21</spolki_razem>
		<w_tym_spolki_handlowe_razem>18</w_tym_spolki_handlowe_razem>
		<w_tym_spolki_handlowe_akcyjne>0</w_tym_spolki_handlowe_akcyjne>
		<w_tym_spolki_handlowe_zoo>17</w_tym_spolki_handlowe_zoo>
		<w_tym_spolki_cywilne>3</w_tym_spolki_cywilne>
		<spóldzielnie>0</spóldzielnie>
		<osoby_fizyczne_prowadzace_dzialalnosc_gospodarcza>73</osoby_fizyczne_prowadzace_dzialalnosc_gospodarcza>
	</dane_tablica_T5>
	<dane_tablica_T5>
		<PKD_Sekcja>N</PKD_Sekcja>
		<PKD_Dzial>80</PKD_Dzial>
		<PKD_opis>Działalność detektywistyczna i ochroniarska</PKD_opis>
		<Ogolem>63</Ogolem>
		<przedsiebiorstwa_panstwowe>0</przedsiebiorstwa_panstwowe>
		<spolki_razem>31</spolki_razem>
		<w_tym_spolki_handlowe_razem>21</w_tym_spolki_handlowe_razem>
		<w_tym_spolki_handlowe_akcyjne>1</w_tym_spolki_handlowe_akcyjne>
		<w_tym_spolki_handlowe_zoo>19</w_tym_spolki_handlowe_zoo>
		<w_tym_spolki_cywilne>10</w_tym_spolki_cywilne>
		<spóldzielnie>0</spóldzielnie>
		<osoby_fizyczne_prowadzace_dzialalnosc_gospodarcza>32</osoby_fizyczne_prowadzace_dzialalnosc_gospodarcza>
	</dane_tablica_T5>
	<dane_tablica_T5>
		<PKD_Sekcja>N</PKD_Sekcja>
		<PKD_Dzial>81</PKD_Dzial>
		<PKD_opis>Działalność usługowa związana z utrzymaniem porządku w budynkach i zagospodarowaniem terenów zieleni</PKD_opis>
		<Ogolem>531</Ogolem>
		<przedsiebiorstwa_panstwowe>0</przedsiebiorstwa_panstwowe>
		<spolki_razem>20</spolki_razem>
		<w_tym_spolki_handlowe_razem>12</w_tym_spolki_handlowe_razem>
		<w_tym_spolki_handlowe_akcyjne>0</w_tym_spolki_handlowe_akcyjne>
		<w_tym_spolki_handlowe_zoo>10</w_tym_spolki_handlowe_zoo>
		<w_tym_spolki_cywilne>8</w_tym_spolki_cywilne>
		<spóldzielnie>3</spóldzielnie>
		<osoby_fizyczne_prowadzace_dzialalnosc_gospodarcza>508</osoby_fizyczne_prowadzace_dzialalnosc_gospodarcza>
	</dane_tablica_T5>
	<dane_tablica_T5>
		<PKD_Sekcja>N</PKD_Sekcja>
		<PKD_Dzial>82</PKD_Dzial>
		<PKD_opis>Działalność związana z administracyjną obsługą biura i pozostała działalność wspomagająca prowadzenie działalności gospodarczej</PKD_opis>
		<Ogolem>485</Ogolem>
		<przedsiebiorstwa_panstwowe>0</przedsiebiorstwa_panstwowe>
		<spolki_razem>79</spolki_razem>
		<w_tym_spolki_handlowe_razem>74</w_tym_spolki_handlowe_razem>
		<w_tym_spolki_handlowe_akcyjne>0</w_tym_spolki_handlowe_akcyjne>
		<w_tym_spolki_handlowe_zoo>64</w_tym_spolki_handlowe_zoo>
		<w_tym_spolki_cywilne>5</w_tym_spolki_cywilne>
		<spóldzielnie>1</spóldzielnie>
		<osoby_fizyczne_prowadzace_dzialalnosc_gospodarcza>405</osoby_fizyczne_prowadzace_dzialalnosc_gospodarcza>
	</dane_tablica_T5>
	<dane_tablica_T5>
		<PKD_Sekcja>O</PKD_Sekcja>
		<PKD_Dzial>84</PKD_Dzial>
		<PKD_opis>Administracja publiczna i obrona narodowa; obowiązkowe zabezpieczenia społeczne</PKD_opis>
		<Ogolem>6</Ogolem>
		<przedsiebiorstwa_panstwowe>0</przedsiebiorstwa_panstwowe>
		<spolki_razem>1</spolki_razem>
		<w_tym_spolki_handlowe_razem>1</w_tym_spolki_handlowe_razem>
		<w_tym_spolki_handlowe_akcyjne>0</w_tym_spolki_handlowe_akcyjne>
		<w_tym_spolki_handlowe_zoo>1</w_tym_spolki_handlowe_zoo>
		<w_tym_spolki_cywilne>0</w_tym_spolki_cywilne>
		<spóldzielnie>0</spóldzielnie>
		<osoby_fizyczne_prowadzace_dzialalnosc_gospodarcza>1</osoby_fizyczne_prowadzace_dzialalnosc_gospodarcza>
	</dane_tablica_T5>
	<dane_tablica_T5>
		<PKD_Sekcja>P</PKD_Sekcja>
		<PKD_Dzial>85</PKD_Dzial>
		<PKD_opis>Edukacja</PKD_opis>
		<Ogolem>1381</Ogolem>
		<przedsiebiorstwa_panstwowe>0</przedsiebiorstwa_panstwowe>
		<spolki_razem>101</spolki_razem>
		<w_tym_spolki_handlowe_razem>77</w_tym_spolki_handlowe_razem>
		<w_tym_spolki_handlowe_akcyjne>0</w_tym_spolki_handlowe_akcyjne>
		<w_tym_spolki_handlowe_zoo>69</w_tym_spolki_handlowe_zoo>
		<w_tym_spolki_cywilne>24</w_tym_spolki_cywilne>
		<spóldzielnie>0</spóldzielnie>
		<osoby_fizyczne_prowadzace_dzialalnosc_gospodarcza>1087</osoby_fizyczne_prowadzace_dzialalnosc_gospodarcza>
	</dane_tablica_T5>
	<dane_tablica_T5>
		<PKD_Sekcja>Q</PKD_Sekcja>
		<PKD_Dzial>86</PKD_Dzial>
		<PKD_opis>Opieka zdrowotna</PKD_opis>
		<Ogolem>1713</Ogolem>
		<przedsiebiorstwa_panstwowe>0</przedsiebiorstwa_panstwowe>
		<spolki_razem>68</spolki_razem>
		<w_tym_spolki_handlowe_razem>64</w_tym_spolki_handlowe_razem>
		<w_tym_spolki_handlowe_akcyjne>0</w_tym_spolki_handlowe_akcyjne>
		<w_tym_spolki_handlowe_zoo>42</w_tym_spolki_handlowe_zoo>
		<w_tym_spolki_cywilne>4</w_tym_spolki_cywilne>
		<spóldzielnie>0</spóldzielnie>
		<osoby_fizyczne_prowadzace_dzialalnosc_gospodarcza>1645</osoby_fizyczne_prowadzace_dzialalnosc_gospodarcza>
	</dane_tablica_T5>
	<dane_tablica_T5>
		<PKD_Sekcja>Q</PKD_Sekcja>
		<PKD_Dzial>87</PKD_Dzial>
		<PKD_opis>Pomoc społeczna z zakwaterowaniem</PKD_opis>
		<Ogolem>17</Ogolem>
		<przedsiebiorstwa_panstwowe>0</przedsiebiorstwa_panstwowe>
		<spolki_razem>6</spolki_razem>
		<w_tym_spolki_handlowe_razem>5</w_tym_spolki_handlowe_razem>
		<w_tym_spolki_handlowe_akcyjne>0</w_tym_spolki_handlowe_akcyjne>
		<w_tym_spolki_handlowe_zoo>3</w_tym_spolki_handlowe_zoo>
		<w_tym_spolki_cywilne>1</w_tym_spolki_cywilne>
		<spóldzielnie>0</spóldzielnie>
		<osoby_fizyczne_prowadzace_dzialalnosc_gospodarcza>10</osoby_fizyczne_prowadzace_dzialalnosc_gospodarcza>
	</dane_tablica_T5>
	<dane_tablica_T5>
		<PKD_Sekcja>Q</PKD_Sekcja>
		<PKD_Dzial>88</PKD_Dzial>
		<PKD_opis>Pomoc społeczna bez zakwaterowania</PKD_opis>
		<Ogolem>117</Ogolem>
		<przedsiebiorstwa_panstwowe>0</przedsiebiorstwa_panstwowe>
		<spolki_razem>19</spolki_razem>
		<w_tym_spolki_handlowe_razem>14</w_tym_spolki_handlowe_razem>
		<w_tym_spolki_handlowe_akcyjne>0</w_tym_spolki_handlowe_akcyjne>
		<w_tym_spolki_handlowe_zoo>11</w_tym_spolki_handlowe_zoo>
		<w_tym_spolki_cywilne>5</w_tym_spolki_cywilne>
		<spóldzielnie>1</spóldzielnie>
		<osoby_fizyczne_prowadzace_dzialalnosc_gospodarcza>96</osoby_fizyczne_prowadzace_dzialalnosc_gospodarcza>
	</dane_tablica_T5>
	<dane_tablica_T5>
		<PKD_Sekcja>R</PKD_Sekcja>
		<PKD_Dzial>90</PKD_Dzial>
		<PKD_opis>Działalność twórcza związana z kulturą i rozrywką</PKD_opis>
		<Ogolem>244</Ogolem>
		<przedsiebiorstwa_panstwowe>0</przedsiebiorstwa_panstwowe>
		<spolki_razem>4</spolki_razem>
		<w_tym_spolki_handlowe_razem>2</w_tym_spolki_handlowe_razem>
		<w_tym_spolki_handlowe_akcyjne>0</w_tym_spolki_handlowe_akcyjne>
		<w_tym_spolki_handlowe_zoo>1</w_tym_spolki_handlowe_zoo>
		<w_tym_spolki_cywilne>2</w_tym_spolki_cywilne>
		<spóldzielnie>0</spóldzielnie>
		<osoby_fizyczne_prowadzace_dzialalnosc_gospodarcza>239</osoby_fizyczne_prowadzace_dzialalnosc_gospodarcza>
	</dane_tablica_T5>
	<dane_tablica_T5>
		<PKD_Sekcja>R</PKD_Sekcja>
		<PKD_Dzial>91</PKD_Dzial>
		<PKD_opis>Działalność bibliotek, archiwów, muzeów oraz pozostała działalność związana z kulturą</PKD_opis>
		<Ogolem>11</Ogolem>
		<przedsiebiorstwa_panstwowe>0</przedsiebiorstwa_panstwowe>
		<spolki_razem>1</spolki_razem>
		<w_tym_spolki_handlowe_razem>1</w_tym_spolki_handlowe_razem>
		<w_tym_spolki_handlowe_akcyjne>0</w_tym_spolki_handlowe_akcyjne>
		<w_tym_spolki_handlowe_zoo>1</w_tym_spolki_handlowe_zoo>
		<w_tym_spolki_cywilne>0</w_tym_spolki_cywilne>
		<spóldzielnie>0</spóldzielnie>
		<osoby_fizyczne_prowadzace_dzialalnosc_gospodarcza>9</osoby_fizyczne_prowadzace_dzialalnosc_gospodarcza>
	</dane_tablica_T5>
	<dane_tablica_T5>
		<PKD_Sekcja>R</PKD_Sekcja>
		<PKD_Dzial>92</PKD_Dzial>
		<PKD_opis>Działalność związana z grami losowymi i zakładami wzajemnymi</PKD_opis>
		<Ogolem>11</Ogolem>
		<przedsiebiorstwa_panstwowe>0</przedsiebiorstwa_panstwowe>
		<spolki_razem>0</spolki_razem>
		<w_tym_spolki_handlowe_razem>0</w_tym_spolki_handlowe_razem>
		<w_tym_spolki_handlowe_akcyjne>0</w_tym_spolki_handlowe_akcyjne>
		<w_tym_spolki_handlowe_zoo>0</w_tym_spolki_handlowe_zoo>
		<w_tym_spolki_cywilne>0</w_tym_spolki_cywilne>
		<spóldzielnie>0</spóldzielnie>
		<osoby_fizyczne_prowadzace_dzialalnosc_gospodarcza>11</osoby_fizyczne_prowadzace_dzialalnosc_gospodarcza>
	</dane_tablica_T5>
	<dane_tablica_T5>
		<PKD_Sekcja>R</PKD_Sekcja>
		<PKD_Dzial>93</PKD_Dzial>
		<PKD_opis>Działalność sportowa, rozrywkowa i rekreacyjna</PKD_opis>
		<Ogolem>329</Ogolem>
		<przedsiebiorstwa_panstwowe>0</przedsiebiorstwa_panstwowe>
		<spolki_razem>40</spolki_razem>
		<w_tym_spolki_handlowe_razem>30</w_tym_spolki_handlowe_razem>
		<w_tym_spolki_handlowe_akcyjne>0</w_tym_spolki_handlowe_akcyjne>
		<w_tym_spolki_handlowe_zoo>24</w_tym_spolki_handlowe_zoo>
		<w_tym_spolki_cywilne>10</w_tym_spolki_cywilne>
		<spóldzielnie>1</spóldzielnie>
		<osoby_fizyczne_prowadzace_dzialalnosc_gospodarcza>216</osoby_fizyczne_prowadzace_dzialalnosc_gospodarcza>
	</dane_tablica_T5>
	<dane_tablica_T5>
		<PKD_Sekcja>S</PKD_Sekcja>
		<PKD_Dzial>94</PKD_Dzial>
		<PKD_opis>Działalność organizacji członkowskich</PKD_opis>
		<Ogolem>386</Ogolem>
		<przedsiebiorstwa_panstwowe>0</przedsiebiorstwa_panstwowe>
		<spolki_razem>0</spolki_razem>
		<w_tym_spolki_handlowe_razem>0</w_tym_spolki_handlowe_razem>
		<w_tym_spolki_handlowe_akcyjne>0</w_tym_spolki_handlowe_akcyjne>
		<w_tym_spolki_handlowe_zoo>0</w_tym_spolki_handlowe_zoo>
		<w_tym_spolki_cywilne>0</w_tym_spolki_cywilne>
		<spóldzielnie>0</spóldzielnie>
		<osoby_fizyczne_prowadzace_dzialalnosc_gospodarcza>0</osoby_fizyczne_prowadzace_dzialalnosc_gospodarcza>
	</dane_tablica_T5>
	<dane_tablica_T5>
		<PKD_Sekcja>S</PKD_Sekcja>
		<PKD_Dzial>95</PKD_Dzial>
		<PKD_opis>Naprawa i konserwacja komputerów i artykułów użytku osobistego i domowego</PKD_opis>
		<Ogolem>198</Ogolem>
		<przedsiebiorstwa_panstwowe>0</przedsiebiorstwa_panstwowe>
		<spolki_razem>10</spolki_razem>
		<w_tym_spolki_handlowe_razem>9</w_tym_spolki_handlowe_razem>
		<w_tym_spolki_handlowe_akcyjne>0</w_tym_spolki_handlowe_akcyjne>
		<w_tym_spolki_handlowe_zoo>8</w_tym_spolki_handlowe_zoo>
		<w_tym_spolki_cywilne>1</w_tym_spolki_cywilne>
		<spóldzielnie>0</spóldzielnie>
		<osoby_fizyczne_prowadzace_dzialalnosc_gospodarcza>188</osoby_fizyczne_prowadzace_dzialalnosc_gospodarcza>
	</dane_tablica_T5>
	<dane_tablica_T5>
		<PKD_Sekcja>S</PKD_Sekcja>
		<PKD_Dzial>96</PKD_Dzial>
		<PKD_opis>Pozostała indywidualna działalność usługowa</PKD_opis>
		<Ogolem>1368</Ogolem>
		<przedsiebiorstwa_panstwowe>0</przedsiebiorstwa_panstwowe>
		<spolki_razem>72</spolki_razem>
		<w_tym_spolki_handlowe_razem>57</w_tym_spolki_handlowe_razem>
		<w_tym_spolki_handlowe_akcyjne>0</w_tym_spolki_handlowe_akcyjne>
		<w_tym_spolki_handlowe_zoo>52</w_tym_spolki_handlowe_zoo>
		<w_tym_spolki_cywilne>15</w_tym_spolki_cywilne>
		<spóldzielnie>0</spóldzielnie>
		<osoby_fizyczne_prowadzace_dzialalnosc_gospodarcza>1296</osoby_fizyczne_prowadzace_dzialalnosc_gospodarcza>
	</dane_tablica_T5>
	<dane_tablica_T5>
		<PKD_Sekcja>T</PKD_Sekcja>
		<PKD_Dzial>97</PKD_Dzial>
		<PKD_opis>Gospodarstwa domowe zatrudniające pracowników</PKD_opis>
		<Ogolem>0</Ogolem>
		<przedsiebiorstwa_panstwowe>0</przedsiebiorstwa_panstwowe>
		<spolki_razem>0</spolki_razem>
		<w_tym_spolki_handlowe_razem>0</w_tym_spolki_handlowe_razem>
		<w_tym_spolki_handlowe_akcyjne>0</w_tym_spolki_handlowe_akcyjne>
		<w_tym_spolki_handlowe_zoo>0</w_tym_spolki_handlowe_zoo>
		<w_tym_spolki_cywilne>0</w_tym_spolki_cywilne>
		<spóldzielnie>0</spóldzielnie>
		<osoby_fizyczne_prowadzace_dzialalnosc_gospodarcza>0</osoby_fizyczne_prowadzace_dzialalnosc_gospodarcza>
	</dane_tablica_T5>
	<dane_tablica_T5>
		<PKD_Sekcja>T</PKD_Sekcja>
		<PKD_Dzial>98</PKD_Dzial>
		<PKD_opis>Gospodarstwa domowe produkujące wyroby i świadczące usługi na własne potrzeby</PKD_opis>
		<Ogolem>0</Ogolem>
		<przedsiebiorstwa_panstwowe>0</przedsiebiorstwa_panstwowe>
		<spolki_razem>0</spolki_razem>
		<w_tym_spolki_handlowe_razem>0</w_tym_spolki_handlowe_razem>
		<w_tym_spolki_handlowe_akcyjne>0</w_tym_spolki_handlowe_akcyjne>
		<w_tym_spolki_handlowe_zoo>0</w_tym_spolki_handlowe_zoo>
		<w_tym_spolki_cywilne>0</w_tym_spolki_cywilne>
		<spóldzielnie>0</spóldzielnie>
		<osoby_fizyczne_prowadzace_dzialalnosc_gospodarcza>0</osoby_fizyczne_prowadzace_dzialalnosc_gospodarcza>
	</dane_tablica_T5>
	<dane_tablica_T5>
		<PKD_Sekcja>U</PKD_Sekcja>
		<PKD_Dzial>99</PKD_Dzial>
		<PKD_opis>Organizacje i zespoły eksterytorialne</PKD_opis>
		<Ogolem>0</Ogolem>
		<przedsiebiorstwa_panstwowe>0</przedsiebiorstwa_panstwowe>
		<spolki_razem>0</spolki_razem>
		<w_tym_spolki_handlowe_razem>0</w_tym_spolki_handlowe_razem>
		<w_tym_spolki_handlowe_akcyjne>0</w_tym_spolki_handlowe_akcyjne>
		<w_tym_spolki_handlowe_zoo>0</w_tym_spolki_handlowe_zoo>
		<w_tym_spolki_cywilne>0</w_tym_spolki_cywilne>
		<spóldzielnie>0</spóldzielnie>
		<osoby_fizyczne_prowadzace_dzialalnosc_gospodarcza>0</osoby_fizyczne_prowadzace_dzialalnosc_gospodarcza>
	</dane_tablica_T5>
</TABLICA_T5>