<!--
PAŹDZIERNIK 2017
Tablica 7: Podmioty gospodarki narodowej (bez osób fizycznych prowadzących wyłącznie indywidualne gospodarstwa rolne) wyrejestrowane z rejestru REGON według sekcji i działów Polskiej Klasyfikacji Działalności (PKD)												
-->

<TABLICA_T7>
	<dane_tablica_T7>
		<PKD_Sekcja>A</PKD_Sekcja>
		<PKD_Dzial>1</PKD_Dzial>
		<PKD_opis>Uprawy rolne, chów i hodowla zwierząt, łowiectwo, włączając działalność usługową</PKD_opis>
		<Ogolem>153</Ogolem>
		<przedsiebiorstwa_panstwowe>0</przedsiebiorstwa_panstwowe>
		<spolki_razem>14</spolki_razem>
		<w_tym_spolki_handlowe_razem>13</w_tym_spolki_handlowe_razem>
		<w_tym_spolki_handlowe_akcyjne>0</w_tym_spolki_handlowe_akcyjne>
		<w_tym_spolki_handlowe_zoo>8</w_tym_spolki_handlowe_zoo>
		<w_tym_spolki_cywilne>1</w_tym_spolki_cywilne>
		<spóldzielnie>4</spóldzielnie>
		<osoby_fizyczne_prowadzace_dzialalnosc_gospodarcza>135</osoby_fizyczne_prowadzace_dzialalnosc_gospodarcza>
	</dane_tablica_T7>
	<dane_tablica_T7>
		<PKD_Sekcja>A</PKD_Sekcja>
		<PKD_Dzial>2</PKD_Dzial>
		<PKD_opis>Leśnictwo i pozyskiwanie drewna</PKD_opis>
		<Ogolem>114</Ogolem>
		<przedsiebiorstwa_panstwowe>0</przedsiebiorstwa_panstwowe>
		<spolki_razem>2</spolki_razem>
		<w_tym_spolki_handlowe_razem>2</w_tym_spolki_handlowe_razem>
		<w_tym_spolki_handlowe_akcyjne>0</w_tym_spolki_handlowe_akcyjne>
		<w_tym_spolki_handlowe_zoo>2</w_tym_spolki_handlowe_zoo>
		<w_tym_spolki_cywilne>0</w_tym_spolki_cywilne>
		<spóldzielnie>0</spóldzielnie>
		<osoby_fizyczne_prowadzace_dzialalnosc_gospodarcza>112</osoby_fizyczne_prowadzace_dzialalnosc_gospodarcza>
	</dane_tablica_T7>
	<dane_tablica_T7>
		<PKD_Sekcja>A</PKD_Sekcja>
		<PKD_Dzial>3</PKD_Dzial>
		<PKD_opis>Rybactwo</PKD_opis>
		<Ogolem>8</Ogolem>
		<przedsiebiorstwa_panstwowe>0</przedsiebiorstwa_panstwowe>
		<spolki_razem>3</spolki_razem>
		<w_tym_spolki_handlowe_razem>2</w_tym_spolki_handlowe_razem>
		<w_tym_spolki_handlowe_akcyjne>0</w_tym_spolki_handlowe_akcyjne>
		<w_tym_spolki_handlowe_zoo>1</w_tym_spolki_handlowe_zoo>
		<w_tym_spolki_cywilne>1</w_tym_spolki_cywilne>
		<spóldzielnie>0</spóldzielnie>
		<osoby_fizyczne_prowadzace_dzialalnosc_gospodarcza>5</osoby_fizyczne_prowadzace_dzialalnosc_gospodarcza>
	</dane_tablica_T7>
	<dane_tablica_T7>
		<PKD_Sekcja>B</PKD_Sekcja>
		<PKD_Dzial>5</PKD_Dzial>
		<PKD_opis>Wydobywanie węgla kamiennego i węgla brunatnego (lignitu)</PKD_opis>
		<Ogolem>0</Ogolem>
		<przedsiebiorstwa_panstwowe>0</przedsiebiorstwa_panstwowe>
		<spolki_razem>0</spolki_razem>
		<w_tym_spolki_handlowe_razem>0</w_tym_spolki_handlowe_razem>
		<w_tym_spolki_handlowe_akcyjne>0</w_tym_spolki_handlowe_akcyjne>
		<w_tym_spolki_handlowe_zoo>0</w_tym_spolki_handlowe_zoo>
		<w_tym_spolki_cywilne>0</w_tym_spolki_cywilne>
		<spóldzielnie>0</spóldzielnie>
		<osoby_fizyczne_prowadzace_dzialalnosc_gospodarcza>0</osoby_fizyczne_prowadzace_dzialalnosc_gospodarcza>
	</dane_tablica_T7>
	<dane_tablica_T7>
		<PKD_Sekcja>B</PKD_Sekcja>
		<PKD_Dzial>6</PKD_Dzial>
		<PKD_opis>Górnictwo ropy naftowej i gazu ziemnego</PKD_opis>
		<Ogolem>1</Ogolem>
		<przedsiebiorstwa_panstwowe>0</przedsiebiorstwa_panstwowe>
		<spolki_razem>0</spolki_razem>
		<w_tym_spolki_handlowe_razem>0</w_tym_spolki_handlowe_razem>
		<w_tym_spolki_handlowe_akcyjne>0</w_tym_spolki_handlowe_akcyjne>
		<w_tym_spolki_handlowe_zoo>0</w_tym_spolki_handlowe_zoo>
		<w_tym_spolki_cywilne>0</w_tym_spolki_cywilne>
		<spóldzielnie>0</spóldzielnie>
		<osoby_fizyczne_prowadzace_dzialalnosc_gospodarcza>1</osoby_fizyczne_prowadzace_dzialalnosc_gospodarcza>
	</dane_tablica_T7>
	<dane_tablica_T7>
		<PKD_Sekcja>B</PKD_Sekcja>
		<PKD_Dzial>7</PKD_Dzial>
		<PKD_opis>Górnictwo rud metali</PKD_opis>
		<Ogolem>0</Ogolem>
		<przedsiebiorstwa_panstwowe>0</przedsiebiorstwa_panstwowe>
		<spolki_razem>0</spolki_razem>
		<w_tym_spolki_handlowe_razem>0</w_tym_spolki_handlowe_razem>
		<w_tym_spolki_handlowe_akcyjne>0</w_tym_spolki_handlowe_akcyjne>
		<w_tym_spolki_handlowe_zoo>0</w_tym_spolki_handlowe_zoo>
		<w_tym_spolki_cywilne>0</w_tym_spolki_cywilne>
		<spóldzielnie>0</spóldzielnie>
		<osoby_fizyczne_prowadzace_dzialalnosc_gospodarcza>0</osoby_fizyczne_prowadzace_dzialalnosc_gospodarcza>
	</dane_tablica_T7>
	<dane_tablica_T7>
		<PKD_Sekcja>B</PKD_Sekcja>
		<PKD_Dzial>8</PKD_Dzial>
		<PKD_opis>Pozostałe górnictwo i wydobywanie</PKD_opis>
		<Ogolem>14</Ogolem>
		<przedsiebiorstwa_panstwowe>0</przedsiebiorstwa_panstwowe>
		<spolki_razem>3</spolki_razem>
		<w_tym_spolki_handlowe_razem>2</w_tym_spolki_handlowe_razem>
		<w_tym_spolki_handlowe_akcyjne>0</w_tym_spolki_handlowe_akcyjne>
		<w_tym_spolki_handlowe_zoo>2</w_tym_spolki_handlowe_zoo>
		<w_tym_spolki_cywilne>1</w_tym_spolki_cywilne>
		<spóldzielnie>0</spóldzielnie>
		<osoby_fizyczne_prowadzace_dzialalnosc_gospodarcza>11</osoby_fizyczne_prowadzace_dzialalnosc_gospodarcza>
	</dane_tablica_T7>
	<dane_tablica_T7>
		<PKD_Sekcja>B</PKD_Sekcja>
		<PKD_Dzial>9</PKD_Dzial>
		<PKD_opis>Działalność usługowa wspomagająca górnictwo i wydobywanie</PKD_opis>
		<Ogolem>6</Ogolem>
		<przedsiebiorstwa_panstwowe>0</przedsiebiorstwa_panstwowe>
		<spolki_razem>0</spolki_razem>
		<w_tym_spolki_handlowe_razem>0</w_tym_spolki_handlowe_razem>
		<w_tym_spolki_handlowe_akcyjne>0</w_tym_spolki_handlowe_akcyjne>
		<w_tym_spolki_handlowe_zoo>0</w_tym_spolki_handlowe_zoo>
		<w_tym_spolki_cywilne>0</w_tym_spolki_cywilne>
		<spóldzielnie>0</spóldzielnie>
		<osoby_fizyczne_prowadzace_dzialalnosc_gospodarcza>6</osoby_fizyczne_prowadzace_dzialalnosc_gospodarcza>
	</dane_tablica_T7>
	<dane_tablica_T7>
		<PKD_Sekcja>C</PKD_Sekcja>
		<PKD_Dzial>10</PKD_Dzial>
		<PKD_opis>Produkcja artykułów spożywczych</PKD_opis>
		<Ogolem>146</Ogolem>
		<przedsiebiorstwa_panstwowe>0</przedsiebiorstwa_panstwowe>
		<spolki_razem>23</spolki_razem>
		<w_tym_spolki_handlowe_razem>12</w_tym_spolki_handlowe_razem>
		<w_tym_spolki_handlowe_akcyjne>0</w_tym_spolki_handlowe_akcyjne>
		<w_tym_spolki_handlowe_zoo>9</w_tym_spolki_handlowe_zoo>
		<w_tym_spolki_cywilne>11</w_tym_spolki_cywilne>
		<spóldzielnie>0</spóldzielnie>
		<osoby_fizyczne_prowadzace_dzialalnosc_gospodarcza>123</osoby_fizyczne_prowadzace_dzialalnosc_gospodarcza>
	</dane_tablica_T7>
	<dane_tablica_T7>
		<PKD_Sekcja>C</PKD_Sekcja>
		<PKD_Dzial>11</PKD_Dzial>
		<PKD_opis>Produkcja napojów</PKD_opis>
		<Ogolem>7</Ogolem>
		<przedsiebiorstwa_panstwowe>0</przedsiebiorstwa_panstwowe>
		<spolki_razem>2</spolki_razem>
		<w_tym_spolki_handlowe_razem>2</w_tym_spolki_handlowe_razem>
		<w_tym_spolki_handlowe_akcyjne>0</w_tym_spolki_handlowe_akcyjne>
		<w_tym_spolki_handlowe_zoo>2</w_tym_spolki_handlowe_zoo>
		<w_tym_spolki_cywilne>0</w_tym_spolki_cywilne>
		<spóldzielnie>0</spóldzielnie>
		<osoby_fizyczne_prowadzace_dzialalnosc_gospodarcza>5</osoby_fizyczne_prowadzace_dzialalnosc_gospodarcza>
	</dane_tablica_T7>
	<dane_tablica_T7>
		<PKD_Sekcja>C</PKD_Sekcja>
		<PKD_Dzial>12</PKD_Dzial>
		<PKD_opis>Produkcja wyrobów tytoniowych</PKD_opis>
		<Ogolem>2</Ogolem>
		<przedsiebiorstwa_panstwowe>0</przedsiebiorstwa_panstwowe>
		<spolki_razem>0</spolki_razem>
		<w_tym_spolki_handlowe_razem>0</w_tym_spolki_handlowe_razem>
		<w_tym_spolki_handlowe_akcyjne>0</w_tym_spolki_handlowe_akcyjne>
		<w_tym_spolki_handlowe_zoo>0</w_tym_spolki_handlowe_zoo>
		<w_tym_spolki_cywilne>0</w_tym_spolki_cywilne>
		<spóldzielnie>0</spóldzielnie>
		<osoby_fizyczne_prowadzace_dzialalnosc_gospodarcza>2</osoby_fizyczne_prowadzace_dzialalnosc_gospodarcza>
	</dane_tablica_T7>
	<dane_tablica_T7>
		<PKD_Sekcja>C</PKD_Sekcja>
		<PKD_Dzial>13</PKD_Dzial>
		<PKD_opis>Produkcja wyrobów tekstylnych</PKD_opis>
		<Ogolem>75</Ogolem>
		<przedsiebiorstwa_panstwowe>0</przedsiebiorstwa_panstwowe>
		<spolki_razem>4</spolki_razem>
		<w_tym_spolki_handlowe_razem>3</w_tym_spolki_handlowe_razem>
		<w_tym_spolki_handlowe_akcyjne>1</w_tym_spolki_handlowe_akcyjne>
		<w_tym_spolki_handlowe_zoo>2</w_tym_spolki_handlowe_zoo>
		<w_tym_spolki_cywilne>1</w_tym_spolki_cywilne>
		<spóldzielnie>0</spóldzielnie>
		<osoby_fizyczne_prowadzace_dzialalnosc_gospodarcza>71</osoby_fizyczne_prowadzace_dzialalnosc_gospodarcza>
	</dane_tablica_T7>
	<dane_tablica_T7>
		<PKD_Sekcja>C</PKD_Sekcja>
		<PKD_Dzial>14</PKD_Dzial>
		<PKD_opis>Produkcja odzieży</PKD_opis>
		<Ogolem>183</Ogolem>
		<przedsiebiorstwa_panstwowe>0</przedsiebiorstwa_panstwowe>
		<spolki_razem>14</spolki_razem>
		<w_tym_spolki_handlowe_razem>9</w_tym_spolki_handlowe_razem>
		<w_tym_spolki_handlowe_akcyjne>0</w_tym_spolki_handlowe_akcyjne>
		<w_tym_spolki_handlowe_zoo>8</w_tym_spolki_handlowe_zoo>
		<w_tym_spolki_cywilne>5</w_tym_spolki_cywilne>
		<spóldzielnie>1</spóldzielnie>
		<osoby_fizyczne_prowadzace_dzialalnosc_gospodarcza>168</osoby_fizyczne_prowadzace_dzialalnosc_gospodarcza>
	</dane_tablica_T7>
	<dane_tablica_T7>
		<PKD_Sekcja>C</PKD_Sekcja>
		<PKD_Dzial>15</PKD_Dzial>
		<PKD_opis>Produkcja skór i wyrobów ze skór wyprawionych</PKD_opis>
		<Ogolem>26</Ogolem>
		<przedsiebiorstwa_panstwowe>0</przedsiebiorstwa_panstwowe>
		<spolki_razem>1</spolki_razem>
		<w_tym_spolki_handlowe_razem>0</w_tym_spolki_handlowe_razem>
		<w_tym_spolki_handlowe_akcyjne>0</w_tym_spolki_handlowe_akcyjne>
		<w_tym_spolki_handlowe_zoo>0</w_tym_spolki_handlowe_zoo>
		<w_tym_spolki_cywilne>1</w_tym_spolki_cywilne>
		<spóldzielnie>0</spóldzielnie>
		<osoby_fizyczne_prowadzace_dzialalnosc_gospodarcza>25</osoby_fizyczne_prowadzace_dzialalnosc_gospodarcza>
	</dane_tablica_T7>
	<dane_tablica_T7>
		<PKD_Sekcja>C</PKD_Sekcja>
		<PKD_Dzial>16</PKD_Dzial>
		<PKD_opis>Produkcja wyrobów z drewna oraz korka, z wyłączeniem mebli; produkcja wyrobów ze słomy i materiałów używanych do wyplatania</PKD_opis>
		<Ogolem>194</Ogolem>
		<przedsiebiorstwa_panstwowe>0</przedsiebiorstwa_panstwowe>
		<spolki_razem>16</spolki_razem>
		<w_tym_spolki_handlowe_razem>13</w_tym_spolki_handlowe_razem>
		<w_tym_spolki_handlowe_akcyjne>0</w_tym_spolki_handlowe_akcyjne>
		<w_tym_spolki_handlowe_zoo>12</w_tym_spolki_handlowe_zoo>
		<w_tym_spolki_cywilne>3</w_tym_spolki_cywilne>
		<spóldzielnie>0</spóldzielnie>
		<osoby_fizyczne_prowadzace_dzialalnosc_gospodarcza>178</osoby_fizyczne_prowadzace_dzialalnosc_gospodarcza>
	</dane_tablica_T7>
	<dane_tablica_T7>
		<PKD_Sekcja>C</PKD_Sekcja>
		<PKD_Dzial>17</PKD_Dzial>
		<PKD_opis>Produkcja papieru i wyrobów z papieru</PKD_opis>
		<Ogolem>37</Ogolem>
		<przedsiebiorstwa_panstwowe>0</przedsiebiorstwa_panstwowe>
		<spolki_razem>4</spolki_razem>
		<w_tym_spolki_handlowe_razem>3</w_tym_spolki_handlowe_razem>
		<w_tym_spolki_handlowe_akcyjne>0</w_tym_spolki_handlowe_akcyjne>
		<w_tym_spolki_handlowe_zoo>3</w_tym_spolki_handlowe_zoo>
		<w_tym_spolki_cywilne>1</w_tym_spolki_cywilne>
		<spóldzielnie>0</spóldzielnie>
		<osoby_fizyczne_prowadzace_dzialalnosc_gospodarcza>33</osoby_fizyczne_prowadzace_dzialalnosc_gospodarcza>
	</dane_tablica_T7>
	<dane_tablica_T7>
		<PKD_Sekcja>C</PKD_Sekcja>
		<PKD_Dzial>18</PKD_Dzial>
		<PKD_opis>Poligrafia i reprodukcja zapisanych nośników informacji</PKD_opis>
		<Ogolem>83</Ogolem>
		<przedsiebiorstwa_panstwowe>0</przedsiebiorstwa_panstwowe>
		<spolki_razem>4</spolki_razem>
		<w_tym_spolki_handlowe_razem>4</w_tym_spolki_handlowe_razem>
		<w_tym_spolki_handlowe_akcyjne>0</w_tym_spolki_handlowe_akcyjne>
		<w_tym_spolki_handlowe_zoo>2</w_tym_spolki_handlowe_zoo>
		<w_tym_spolki_cywilne>0</w_tym_spolki_cywilne>
		<spóldzielnie>0</spóldzielnie>
		<osoby_fizyczne_prowadzace_dzialalnosc_gospodarcza>79</osoby_fizyczne_prowadzace_dzialalnosc_gospodarcza>
	</dane_tablica_T7>
	<dane_tablica_T7>
		<PKD_Sekcja>C</PKD_Sekcja>
		<PKD_Dzial>19</PKD_Dzial>
		<PKD_opis>Wytwarzanie i przetwarzanie koksu i produktów rafinacji ropy naftowej</PKD_opis>
		<Ogolem>1</Ogolem>
		<przedsiebiorstwa_panstwowe>0</przedsiebiorstwa_panstwowe>
		<spolki_razem>0</spolki_razem>
		<w_tym_spolki_handlowe_razem>0</w_tym_spolki_handlowe_razem>
		<w_tym_spolki_handlowe_akcyjne>0</w_tym_spolki_handlowe_akcyjne>
		<w_tym_spolki_handlowe_zoo>0</w_tym_spolki_handlowe_zoo>
		<w_tym_spolki_cywilne>0</w_tym_spolki_cywilne>
		<spóldzielnie>0</spóldzielnie>
		<osoby_fizyczne_prowadzace_dzialalnosc_gospodarcza>1</osoby_fizyczne_prowadzace_dzialalnosc_gospodarcza>
	</dane_tablica_T7>
	<dane_tablica_T7>
		<PKD_Sekcja>C</PKD_Sekcja>
		<PKD_Dzial>20</PKD_Dzial>
		<PKD_opis>Produkcja chemikaliów i wyrobów chemicznych</PKD_opis>
		<Ogolem>20</Ogolem>
		<przedsiebiorstwa_panstwowe>0</przedsiebiorstwa_panstwowe>
		<spolki_razem>4</spolki_razem>
		<w_tym_spolki_handlowe_razem>4</w_tym_spolki_handlowe_razem>
		<w_tym_spolki_handlowe_akcyjne>1</w_tym_spolki_handlowe_akcyjne>
		<w_tym_spolki_handlowe_zoo>3</w_tym_spolki_handlowe_zoo>
		<w_tym_spolki_cywilne>0</w_tym_spolki_cywilne>
		<spóldzielnie>0</spóldzielnie>
		<osoby_fizyczne_prowadzace_dzialalnosc_gospodarcza>16</osoby_fizyczne_prowadzace_dzialalnosc_gospodarcza>
	</dane_tablica_T7>
	<dane_tablica_T7>
		<PKD_Sekcja>C</PKD_Sekcja>
		<PKD_Dzial>21</PKD_Dzial>
		<PKD_opis>Produkcja podstawowych substancji farmaceutycznych oraz leków i pozostałych wyrobów farmaceutycznych</PKD_opis>
		<Ogolem>2</Ogolem>
		<przedsiebiorstwa_panstwowe>0</przedsiebiorstwa_panstwowe>
		<spolki_razem>0</spolki_razem>
		<w_tym_spolki_handlowe_razem>0</w_tym_spolki_handlowe_razem>
		<w_tym_spolki_handlowe_akcyjne>0</w_tym_spolki_handlowe_akcyjne>
		<w_tym_spolki_handlowe_zoo>0</w_tym_spolki_handlowe_zoo>
		<w_tym_spolki_cywilne>0</w_tym_spolki_cywilne>
		<spóldzielnie>0</spóldzielnie>
		<osoby_fizyczne_prowadzace_dzialalnosc_gospodarcza>2</osoby_fizyczne_prowadzace_dzialalnosc_gospodarcza>
	</dane_tablica_T7>
	<dane_tablica_T7>
		<PKD_Sekcja>C</PKD_Sekcja>
		<PKD_Dzial>22</PKD_Dzial>
		<PKD_opis>Produkcja wyrobów z gumy i tworzyw sztucznych</PKD_opis>
		<Ogolem>63</Ogolem>
		<przedsiebiorstwa_panstwowe>0</przedsiebiorstwa_panstwowe>
		<spolki_razem>13</spolki_razem>
		<w_tym_spolki_handlowe_razem>11</w_tym_spolki_handlowe_razem>
		<w_tym_spolki_handlowe_akcyjne>0</w_tym_spolki_handlowe_akcyjne>
		<w_tym_spolki_handlowe_zoo>9</w_tym_spolki_handlowe_zoo>
		<w_tym_spolki_cywilne>2</w_tym_spolki_cywilne>
		<spóldzielnie>0</spóldzielnie>
		<osoby_fizyczne_prowadzace_dzialalnosc_gospodarcza>50</osoby_fizyczne_prowadzace_dzialalnosc_gospodarcza>
	</dane_tablica_T7>
	<dane_tablica_T7>
		<PKD_Sekcja>C</PKD_Sekcja>
		<PKD_Dzial>23</PKD_Dzial>
		<PKD_opis>Produkcja wyrobów z pozostałych mineralnych surowców niemetalicznych</PKD_opis>
		<Ogolem>114</Ogolem>
		<przedsiebiorstwa_panstwowe>0</przedsiebiorstwa_panstwowe>
		<spolki_razem>10</spolki_razem>
		<w_tym_spolki_handlowe_razem>9</w_tym_spolki_handlowe_razem>
		<w_tym_spolki_handlowe_akcyjne>2</w_tym_spolki_handlowe_akcyjne>
		<w_tym_spolki_handlowe_zoo>7</w_tym_spolki_handlowe_zoo>
		<w_tym_spolki_cywilne>1</w_tym_spolki_cywilne>
		<spóldzielnie>0</spóldzielnie>
		<osoby_fizyczne_prowadzace_dzialalnosc_gospodarcza>104</osoby_fizyczne_prowadzace_dzialalnosc_gospodarcza>
	</dane_tablica_T7>
	<dane_tablica_T7>
		<PKD_Sekcja>C</PKD_Sekcja>
		<PKD_Dzial>24</PKD_Dzial>
		<PKD_opis>Produkcja metali</PKD_opis>
		<Ogolem>15</Ogolem>
		<przedsiebiorstwa_panstwowe>0</przedsiebiorstwa_panstwowe>
		<spolki_razem>2</spolki_razem>
		<w_tym_spolki_handlowe_razem>1</w_tym_spolki_handlowe_razem>
		<w_tym_spolki_handlowe_akcyjne>0</w_tym_spolki_handlowe_akcyjne>
		<w_tym_spolki_handlowe_zoo>1</w_tym_spolki_handlowe_zoo>
		<w_tym_spolki_cywilne>1</w_tym_spolki_cywilne>
		<spóldzielnie>0</spóldzielnie>
		<osoby_fizyczne_prowadzace_dzialalnosc_gospodarcza>13</osoby_fizyczne_prowadzace_dzialalnosc_gospodarcza>
	</dane_tablica_T7>
	<dane_tablica_T7>
		<PKD_Sekcja>C</PKD_Sekcja>
		<PKD_Dzial>25</PKD_Dzial>
		<PKD_opis>Produkcja metalowych wyrobów gotowych, z wyłączeniem maszyn i urządzeń</PKD_opis>
		<Ogolem>419</Ogolem>
		<przedsiebiorstwa_panstwowe>0</przedsiebiorstwa_panstwowe>
		<spolki_razem>12</spolki_razem>
		<w_tym_spolki_handlowe_razem>12</w_tym_spolki_handlowe_razem>
		<w_tym_spolki_handlowe_akcyjne>0</w_tym_spolki_handlowe_akcyjne>
		<w_tym_spolki_handlowe_zoo>11</w_tym_spolki_handlowe_zoo>
		<w_tym_spolki_cywilne>0</w_tym_spolki_cywilne>
		<spóldzielnie>0</spóldzielnie>
		<osoby_fizyczne_prowadzace_dzialalnosc_gospodarcza>407</osoby_fizyczne_prowadzace_dzialalnosc_gospodarcza>
	</dane_tablica_T7>
	<dane_tablica_T7>
		<PKD_Sekcja>C</PKD_Sekcja>
		<PKD_Dzial>26</PKD_Dzial>
		<PKD_opis>Produkcja komputerów, wyrobów elektronicznych i optycznych</PKD_opis>
		<Ogolem>18</Ogolem>
		<przedsiebiorstwa_panstwowe>0</przedsiebiorstwa_panstwowe>
		<spolki_razem>5</spolki_razem>
		<w_tym_spolki_handlowe_razem>5</w_tym_spolki_handlowe_razem>
		<w_tym_spolki_handlowe_akcyjne>0</w_tym_spolki_handlowe_akcyjne>
		<w_tym_spolki_handlowe_zoo>4</w_tym_spolki_handlowe_zoo>
		<w_tym_spolki_cywilne>0</w_tym_spolki_cywilne>
		<spóldzielnie>0</spóldzielnie>
		<osoby_fizyczne_prowadzace_dzialalnosc_gospodarcza>13</osoby_fizyczne_prowadzace_dzialalnosc_gospodarcza>
	</dane_tablica_T7>
	<dane_tablica_T7>
		<PKD_Sekcja>C</PKD_Sekcja>
		<PKD_Dzial>27</PKD_Dzial>
		<PKD_opis>Produkcja urządzeń elektrycznych</PKD_opis>
		<Ogolem>15</Ogolem>
		<przedsiebiorstwa_panstwowe>0</przedsiebiorstwa_panstwowe>
		<spolki_razem>1</spolki_razem>
		<w_tym_spolki_handlowe_razem>1</w_tym_spolki_handlowe_razem>
		<w_tym_spolki_handlowe_akcyjne>0</w_tym_spolki_handlowe_akcyjne>
		<w_tym_spolki_handlowe_zoo>1</w_tym_spolki_handlowe_zoo>
		<w_tym_spolki_cywilne>0</w_tym_spolki_cywilne>
		<spóldzielnie>0</spóldzielnie>
		<osoby_fizyczne_prowadzace_dzialalnosc_gospodarcza>14</osoby_fizyczne_prowadzace_dzialalnosc_gospodarcza>
	</dane_tablica_T7>
	<dane_tablica_T7>
		<PKD_Sekcja>C</PKD_Sekcja>
		<PKD_Dzial>28</PKD_Dzial>
		<PKD_opis>Produkcja maszyn i urządzeń, gdzie indziej niesklasyfikowana</PKD_opis>
		<Ogolem>35</Ogolem>
		<przedsiebiorstwa_panstwowe>0</przedsiebiorstwa_panstwowe>
		<spolki_razem>11</spolki_razem>
		<w_tym_spolki_handlowe_razem>10</w_tym_spolki_handlowe_razem>
		<w_tym_spolki_handlowe_akcyjne>1</w_tym_spolki_handlowe_akcyjne>
		<w_tym_spolki_handlowe_zoo>7</w_tym_spolki_handlowe_zoo>
		<w_tym_spolki_cywilne>1</w_tym_spolki_cywilne>
		<spóldzielnie>0</spóldzielnie>
		<osoby_fizyczne_prowadzace_dzialalnosc_gospodarcza>24</osoby_fizyczne_prowadzace_dzialalnosc_gospodarcza>
	</dane_tablica_T7>
	<dane_tablica_T7>
		<PKD_Sekcja>C</PKD_Sekcja>
		<PKD_Dzial>29</PKD_Dzial>
		<PKD_opis>Produkcja pojazdów samochodowych, przyczep i naczep, z wyłączeniem motocykli</PKD_opis>
		<Ogolem>11</Ogolem>
		<przedsiebiorstwa_panstwowe>0</przedsiebiorstwa_panstwowe>
		<spolki_razem>1</spolki_razem>
		<w_tym_spolki_handlowe_razem>1</w_tym_spolki_handlowe_razem>
		<w_tym_spolki_handlowe_akcyjne>0</w_tym_spolki_handlowe_akcyjne>
		<w_tym_spolki_handlowe_zoo>1</w_tym_spolki_handlowe_zoo>
		<w_tym_spolki_cywilne>0</w_tym_spolki_cywilne>
		<spóldzielnie>0</spóldzielnie>
		<osoby_fizyczne_prowadzace_dzialalnosc_gospodarcza>10</osoby_fizyczne_prowadzace_dzialalnosc_gospodarcza>
	</dane_tablica_T7>
	<dane_tablica_T7>
		<PKD_Sekcja>C</PKD_Sekcja>
		<PKD_Dzial>30</PKD_Dzial>
		<PKD_opis>Produkcja pozostałego sprzętu transportowego</PKD_opis>
		<Ogolem>26</Ogolem>
		<przedsiebiorstwa_panstwowe>0</przedsiebiorstwa_panstwowe>
		<spolki_razem>4</spolki_razem>
		<w_tym_spolki_handlowe_razem>4</w_tym_spolki_handlowe_razem>
		<w_tym_spolki_handlowe_akcyjne>0</w_tym_spolki_handlowe_akcyjne>
		<w_tym_spolki_handlowe_zoo>4</w_tym_spolki_handlowe_zoo>
		<w_tym_spolki_cywilne>0</w_tym_spolki_cywilne>
		<spóldzielnie>0</spóldzielnie>
		<osoby_fizyczne_prowadzace_dzialalnosc_gospodarcza>22</osoby_fizyczne_prowadzace_dzialalnosc_gospodarcza>
	</dane_tablica_T7>
	<dane_tablica_T7>
		<PKD_Sekcja>C</PKD_Sekcja>
		<PKD_Dzial>31</PKD_Dzial>
		<PKD_opis>Produkcja mebli</PKD_opis>
		<Ogolem>160</Ogolem>
		<przedsiebiorstwa_panstwowe>0</przedsiebiorstwa_panstwowe>
		<spolki_razem>8</spolki_razem>
		<w_tym_spolki_handlowe_razem>5</w_tym_spolki_handlowe_razem>
		<w_tym_spolki_handlowe_akcyjne>0</w_tym_spolki_handlowe_akcyjne>
		<w_tym_spolki_handlowe_zoo>5</w_tym_spolki_handlowe_zoo>
		<w_tym_spolki_cywilne>3</w_tym_spolki_cywilne>
		<spóldzielnie>0</spóldzielnie>
		<osoby_fizyczne_prowadzace_dzialalnosc_gospodarcza>152</osoby_fizyczne_prowadzace_dzialalnosc_gospodarcza>
	</dane_tablica_T7>
	<dane_tablica_T7>
		<PKD_Sekcja>C</PKD_Sekcja>
		<PKD_Dzial>32</PKD_Dzial>
		<PKD_opis>Pozostała produkcja wyrobów</PKD_opis>
		<Ogolem>126</Ogolem>
		<przedsiebiorstwa_panstwowe>0</przedsiebiorstwa_panstwowe>
		<spolki_razem>8</spolki_razem>
		<w_tym_spolki_handlowe_razem>7</w_tym_spolki_handlowe_razem>
		<w_tym_spolki_handlowe_akcyjne>0</w_tym_spolki_handlowe_akcyjne>
		<w_tym_spolki_handlowe_zoo>7</w_tym_spolki_handlowe_zoo>
		<w_tym_spolki_cywilne>1</w_tym_spolki_cywilne>
		<spóldzielnie>0</spóldzielnie>
		<osoby_fizyczne_prowadzace_dzialalnosc_gospodarcza>118</osoby_fizyczne_prowadzace_dzialalnosc_gospodarcza>
	</dane_tablica_T7>
	<dane_tablica_T7>
		<PKD_Sekcja>C</PKD_Sekcja>
		<PKD_Dzial>33</PKD_Dzial>
		<PKD_opis>Naprawa, konserwacja i instalowanie maszyn i urządzeń</PKD_opis>
		<Ogolem>292</Ogolem>
		<przedsiebiorstwa_panstwowe>0</przedsiebiorstwa_panstwowe>
		<spolki_razem>15</spolki_razem>
		<w_tym_spolki_handlowe_razem>10</w_tym_spolki_handlowe_razem>
		<w_tym_spolki_handlowe_akcyjne>0</w_tym_spolki_handlowe_akcyjne>
		<w_tym_spolki_handlowe_zoo>8</w_tym_spolki_handlowe_zoo>
		<w_tym_spolki_cywilne>5</w_tym_spolki_cywilne>
		<spóldzielnie>0</spóldzielnie>
		<osoby_fizyczne_prowadzace_dzialalnosc_gospodarcza>277</osoby_fizyczne_prowadzace_dzialalnosc_gospodarcza>
	</dane_tablica_T7>
	<dane_tablica_T7>
		<PKD_Sekcja>D</PKD_Sekcja>
		<PKD_Dzial>35</PKD_Dzial>
		<PKD_opis>Wytwarzanie i zaopatrywanie w energię elektryczną, gaz, parę wodną, gorącą wodę i powietrze do układów klimatyzacyjnych</PKD_opis>
		<Ogolem>23</Ogolem>
		<przedsiebiorstwa_panstwowe>0</przedsiebiorstwa_panstwowe>
		<spolki_razem>8</spolki_razem>
		<w_tym_spolki_handlowe_razem>8</w_tym_spolki_handlowe_razem>
		<w_tym_spolki_handlowe_akcyjne>0</w_tym_spolki_handlowe_akcyjne>
		<w_tym_spolki_handlowe_zoo>5</w_tym_spolki_handlowe_zoo>
		<w_tym_spolki_cywilne>0</w_tym_spolki_cywilne>
		<spóldzielnie>0</spóldzielnie>
		<osoby_fizyczne_prowadzace_dzialalnosc_gospodarcza>15</osoby_fizyczne_prowadzace_dzialalnosc_gospodarcza>
	</dane_tablica_T7>
	<dane_tablica_T7>
		<PKD_Sekcja>E</PKD_Sekcja>
		<PKD_Dzial>36</PKD_Dzial>
		<PKD_opis>Pobór, uzdatnianie i dostarczanie wody</PKD_opis>
		<Ogolem>6</Ogolem>
		<przedsiebiorstwa_panstwowe>0</przedsiebiorstwa_panstwowe>
		<spolki_razem>1</spolki_razem>
		<w_tym_spolki_handlowe_razem>1</w_tym_spolki_handlowe_razem>
		<w_tym_spolki_handlowe_akcyjne>0</w_tym_spolki_handlowe_akcyjne>
		<w_tym_spolki_handlowe_zoo>1</w_tym_spolki_handlowe_zoo>
		<w_tym_spolki_cywilne>0</w_tym_spolki_cywilne>
		<spóldzielnie>0</spóldzielnie>
		<osoby_fizyczne_prowadzace_dzialalnosc_gospodarcza>2</osoby_fizyczne_prowadzace_dzialalnosc_gospodarcza>
	</dane_tablica_T7>
	<dane_tablica_T7>
		<PKD_Sekcja>E</PKD_Sekcja>
		<PKD_Dzial>37</PKD_Dzial>
		<PKD_opis>Odprowadzanie i oczyszczanie ścieków</PKD_opis>
		<Ogolem>10</Ogolem>
		<przedsiebiorstwa_panstwowe>0</przedsiebiorstwa_panstwowe>
		<spolki_razem>0</spolki_razem>
		<w_tym_spolki_handlowe_razem>0</w_tym_spolki_handlowe_razem>
		<w_tym_spolki_handlowe_akcyjne>0</w_tym_spolki_handlowe_akcyjne>
		<w_tym_spolki_handlowe_zoo>0</w_tym_spolki_handlowe_zoo>
		<w_tym_spolki_cywilne>0</w_tym_spolki_cywilne>
		<spóldzielnie>0</spóldzielnie>
		<osoby_fizyczne_prowadzace_dzialalnosc_gospodarcza>7</osoby_fizyczne_prowadzace_dzialalnosc_gospodarcza>
	</dane_tablica_T7>
	<dane_tablica_T7>
		<PKD_Sekcja>E</PKD_Sekcja>
		<PKD_Dzial>38</PKD_Dzial>
		<PKD_opis>Działalność związana ze zbieraniem, przetwarzaniem i unieszkodliwianiem odpadów; odzysk surowców</PKD_opis>
		<Ogolem>68</Ogolem>
		<przedsiebiorstwa_panstwowe>0</przedsiebiorstwa_panstwowe>
		<spolki_razem>5</spolki_razem>
		<w_tym_spolki_handlowe_razem>4</w_tym_spolki_handlowe_razem>
		<w_tym_spolki_handlowe_akcyjne>0</w_tym_spolki_handlowe_akcyjne>
		<w_tym_spolki_handlowe_zoo>4</w_tym_spolki_handlowe_zoo>
		<w_tym_spolki_cywilne>1</w_tym_spolki_cywilne>
		<spóldzielnie>0</spóldzielnie>
		<osoby_fizyczne_prowadzace_dzialalnosc_gospodarcza>63</osoby_fizyczne_prowadzace_dzialalnosc_gospodarcza>
	</dane_tablica_T7>
	<dane_tablica_T7>
		<PKD_Sekcja>E</PKD_Sekcja>
		<PKD_Dzial>39</PKD_Dzial>
		<PKD_opis>Działalność związana z rekultywacją i pozostała działalność usługowa związana z gospodarką odpadami</PKD_opis>
		<Ogolem>5</Ogolem>
		<przedsiebiorstwa_panstwowe>0</przedsiebiorstwa_panstwowe>
		<spolki_razem>1</spolki_razem>
		<w_tym_spolki_handlowe_razem>1</w_tym_spolki_handlowe_razem>
		<w_tym_spolki_handlowe_akcyjne>0</w_tym_spolki_handlowe_akcyjne>
		<w_tym_spolki_handlowe_zoo>1</w_tym_spolki_handlowe_zoo>
		<w_tym_spolki_cywilne>0</w_tym_spolki_cywilne>
		<spóldzielnie>0</spóldzielnie>
		<osoby_fizyczne_prowadzace_dzialalnosc_gospodarcza>4</osoby_fizyczne_prowadzace_dzialalnosc_gospodarcza>
	</dane_tablica_T7>
	<dane_tablica_T7>
		<PKD_Sekcja>F</PKD_Sekcja>
		<PKD_Dzial>41</PKD_Dzial>
		<PKD_opis>Roboty budowlane związane ze wznoszeniem budynków</PKD_opis>
		<Ogolem>1117</Ogolem>
		<przedsiebiorstwa_panstwowe>0</przedsiebiorstwa_panstwowe>
		<spolki_razem>74</spolki_razem>
		<w_tym_spolki_handlowe_razem>63</w_tym_spolki_handlowe_razem>
		<w_tym_spolki_handlowe_akcyjne>0</w_tym_spolki_handlowe_akcyjne>
		<w_tym_spolki_handlowe_zoo>48</w_tym_spolki_handlowe_zoo>
		<w_tym_spolki_cywilne>11</w_tym_spolki_cywilne>
		<spóldzielnie>2</spóldzielnie>
		<osoby_fizyczne_prowadzace_dzialalnosc_gospodarcza>1041</osoby_fizyczne_prowadzace_dzialalnosc_gospodarcza>
	</dane_tablica_T7>
	<dane_tablica_T7>
		<PKD_Sekcja>F</PKD_Sekcja>
		<PKD_Dzial>42</PKD_Dzial>
		<PKD_opis>Roboty związane z budową obiektów inżynierii lądowej i wodnej</PKD_opis>
		<Ogolem>183</Ogolem>
		<przedsiebiorstwa_panstwowe>0</przedsiebiorstwa_panstwowe>
		<spolki_razem>20</spolki_razem>
		<w_tym_spolki_handlowe_razem>17</w_tym_spolki_handlowe_razem>
		<w_tym_spolki_handlowe_akcyjne>0</w_tym_spolki_handlowe_akcyjne>
		<w_tym_spolki_handlowe_zoo>15</w_tym_spolki_handlowe_zoo>
		<w_tym_spolki_cywilne>3</w_tym_spolki_cywilne>
		<spóldzielnie>0</spóldzielnie>
		<osoby_fizyczne_prowadzace_dzialalnosc_gospodarcza>163</osoby_fizyczne_prowadzace_dzialalnosc_gospodarcza>
	</dane_tablica_T7>
	<dane_tablica_T7>
		<PKD_Sekcja>F</PKD_Sekcja>
		<PKD_Dzial>43</PKD_Dzial>
		<PKD_opis>Roboty budowlane specjalistyczne</PKD_opis>
		<Ogolem>2894</Ogolem>
		<przedsiebiorstwa_panstwowe>0</przedsiebiorstwa_panstwowe>
		<spolki_razem>44</spolki_razem>
		<w_tym_spolki_handlowe_razem>24</w_tym_spolki_handlowe_razem>
		<w_tym_spolki_handlowe_akcyjne>0</w_tym_spolki_handlowe_akcyjne>
		<w_tym_spolki_handlowe_zoo>19</w_tym_spolki_handlowe_zoo>
		<w_tym_spolki_cywilne>20</w_tym_spolki_cywilne>
		<spóldzielnie>1</spóldzielnie>
		<osoby_fizyczne_prowadzace_dzialalnosc_gospodarcza>2846</osoby_fizyczne_prowadzace_dzialalnosc_gospodarcza>
	</dane_tablica_T7>
	<dane_tablica_T7>
		<PKD_Sekcja>G</PKD_Sekcja>
		<PKD_Dzial>45</PKD_Dzial>
		<PKD_opis>Handel hurtowy i detaliczny pojazdami samochodowymi; naprawa pojazdów samochodowych</PKD_opis>
		<Ogolem>836</Ogolem>
		<przedsiebiorstwa_panstwowe>0</przedsiebiorstwa_panstwowe>
		<spolki_razem>27</spolki_razem>
		<w_tym_spolki_handlowe_razem>16</w_tym_spolki_handlowe_razem>
		<w_tym_spolki_handlowe_akcyjne>0</w_tym_spolki_handlowe_akcyjne>
		<w_tym_spolki_handlowe_zoo>15</w_tym_spolki_handlowe_zoo>
		<w_tym_spolki_cywilne>11</w_tym_spolki_cywilne>
		<spóldzielnie>0</spóldzielnie>
		<osoby_fizyczne_prowadzace_dzialalnosc_gospodarcza>808</osoby_fizyczne_prowadzace_dzialalnosc_gospodarcza>
	</dane_tablica_T7>
	<dane_tablica_T7>
		<PKD_Sekcja>G</PKD_Sekcja>
		<PKD_Dzial>46</PKD_Dzial>
		<PKD_opis>Handel hurtowy, z wyłączeniem handlu pojazdami samochodowymi</PKD_opis>
		<Ogolem>1190</Ogolem>
		<przedsiebiorstwa_panstwowe>0</przedsiebiorstwa_panstwowe>
		<spolki_razem>185</spolki_razem>
		<w_tym_spolki_handlowe_razem>155</w_tym_spolki_handlowe_razem>
		<w_tym_spolki_handlowe_akcyjne>3</w_tym_spolki_handlowe_akcyjne>
		<w_tym_spolki_handlowe_zoo>128</w_tym_spolki_handlowe_zoo>
		<w_tym_spolki_cywilne>30</w_tym_spolki_cywilne>
		<spóldzielnie>1</spóldzielnie>
		<osoby_fizyczne_prowadzace_dzialalnosc_gospodarcza>998</osoby_fizyczne_prowadzace_dzialalnosc_gospodarcza>
	</dane_tablica_T7>
	<dane_tablica_T7>
		<PKD_Sekcja>G</PKD_Sekcja>
		<PKD_Dzial>47</PKD_Dzial>
		<PKD_opis>Handel detaliczny, z wyłączeniem handlu detalicznego pojazdami samochodowymi</PKD_opis>
		<Ogolem>4533</Ogolem>
		<przedsiebiorstwa_panstwowe>0</przedsiebiorstwa_panstwowe>
		<spolki_razem>146</spolki_razem>
		<w_tym_spolki_handlowe_razem>59</w_tym_spolki_handlowe_razem>
		<w_tym_spolki_handlowe_akcyjne>0</w_tym_spolki_handlowe_akcyjne>
		<w_tym_spolki_handlowe_zoo>35</w_tym_spolki_handlowe_zoo>
		<w_tym_spolki_cywilne>87</w_tym_spolki_cywilne>
		<spóldzielnie>4</spóldzielnie>
		<osoby_fizyczne_prowadzace_dzialalnosc_gospodarcza>4382</osoby_fizyczne_prowadzace_dzialalnosc_gospodarcza>
	</dane_tablica_T7>
	<dane_tablica_T7>
		<PKD_Sekcja>H</PKD_Sekcja>
		<PKD_Dzial>49</PKD_Dzial>
		<PKD_opis>Transport lądowy oraz transport rurociągowy</PKD_opis>
		<Ogolem>1489</Ogolem>
		<przedsiebiorstwa_panstwowe>0</przedsiebiorstwa_panstwowe>
		<spolki_razem>36</spolki_razem>
		<w_tym_spolki_handlowe_razem>25</w_tym_spolki_handlowe_razem>
		<w_tym_spolki_handlowe_akcyjne>0</w_tym_spolki_handlowe_akcyjne>
		<w_tym_spolki_handlowe_zoo>22</w_tym_spolki_handlowe_zoo>
		<w_tym_spolki_cywilne>11</w_tym_spolki_cywilne>
		<spóldzielnie>0</spóldzielnie>
		<osoby_fizyczne_prowadzace_dzialalnosc_gospodarcza>1449</osoby_fizyczne_prowadzace_dzialalnosc_gospodarcza>
	</dane_tablica_T7>
	<dane_tablica_T7>
		<PKD_Sekcja>H</PKD_Sekcja>
		<PKD_Dzial>50</PKD_Dzial>
		<PKD_opis>Transport wodny</PKD_opis>
		<Ogolem>116</Ogolem>
		<przedsiebiorstwa_panstwowe>0</przedsiebiorstwa_panstwowe>
		<spolki_razem>0</spolki_razem>
		<w_tym_spolki_handlowe_razem>0</w_tym_spolki_handlowe_razem>
		<w_tym_spolki_handlowe_akcyjne>0</w_tym_spolki_handlowe_akcyjne>
		<w_tym_spolki_handlowe_zoo>0</w_tym_spolki_handlowe_zoo>
		<w_tym_spolki_cywilne>0</w_tym_spolki_cywilne>
		<spóldzielnie>0</spóldzielnie>
		<osoby_fizyczne_prowadzace_dzialalnosc_gospodarcza>116</osoby_fizyczne_prowadzace_dzialalnosc_gospodarcza>
	</dane_tablica_T7>
	<dane_tablica_T7>
		<PKD_Sekcja>H</PKD_Sekcja>
		<PKD_Dzial>51</PKD_Dzial>
		<PKD_opis>Transport lotniczy</PKD_opis>
		<Ogolem>6</Ogolem>
		<przedsiebiorstwa_panstwowe>0</przedsiebiorstwa_panstwowe>
		<spolki_razem>1</spolki_razem>
		<w_tym_spolki_handlowe_razem>1</w_tym_spolki_handlowe_razem>
		<w_tym_spolki_handlowe_akcyjne>0</w_tym_spolki_handlowe_akcyjne>
		<w_tym_spolki_handlowe_zoo>1</w_tym_spolki_handlowe_zoo>
		<w_tym_spolki_cywilne>0</w_tym_spolki_cywilne>
		<spóldzielnie>0</spóldzielnie>
		<osoby_fizyczne_prowadzace_dzialalnosc_gospodarcza>5</osoby_fizyczne_prowadzace_dzialalnosc_gospodarcza>
	</dane_tablica_T7>
	<dane_tablica_T7>
		<PKD_Sekcja>H</PKD_Sekcja>
		<PKD_Dzial>52</PKD_Dzial>
		<PKD_opis>Magazynowanie i działalność usługowa wspomagająca transport</PKD_opis>
		<Ogolem>171</Ogolem>
		<przedsiebiorstwa_panstwowe>0</przedsiebiorstwa_panstwowe>
		<spolki_razem>9</spolki_razem>
		<w_tym_spolki_handlowe_razem>7</w_tym_spolki_handlowe_razem>
		<w_tym_spolki_handlowe_akcyjne>0</w_tym_spolki_handlowe_akcyjne>
		<w_tym_spolki_handlowe_zoo>6</w_tym_spolki_handlowe_zoo>
		<w_tym_spolki_cywilne>2</w_tym_spolki_cywilne>
		<spóldzielnie>0</spóldzielnie>
		<osoby_fizyczne_prowadzace_dzialalnosc_gospodarcza>161</osoby_fizyczne_prowadzace_dzialalnosc_gospodarcza>
	</dane_tablica_T7>
	<dane_tablica_T7>
		<PKD_Sekcja>H</PKD_Sekcja>
		<PKD_Dzial>53</PKD_Dzial>
		<PKD_opis>Działalność pocztowa i kurierska</PKD_opis>
		<Ogolem>73</Ogolem>
		<przedsiebiorstwa_panstwowe>0</przedsiebiorstwa_panstwowe>
		<spolki_razem>0</spolki_razem>
		<w_tym_spolki_handlowe_razem>0</w_tym_spolki_handlowe_razem>
		<w_tym_spolki_handlowe_akcyjne>0</w_tym_spolki_handlowe_akcyjne>
		<w_tym_spolki_handlowe_zoo>0</w_tym_spolki_handlowe_zoo>
		<w_tym_spolki_cywilne>0</w_tym_spolki_cywilne>
		<spóldzielnie>0</spóldzielnie>
		<osoby_fizyczne_prowadzace_dzialalnosc_gospodarcza>73</osoby_fizyczne_prowadzace_dzialalnosc_gospodarcza>
	</dane_tablica_T7>
	<dane_tablica_T7>
		<PKD_Sekcja>I</PKD_Sekcja>
		<PKD_Dzial>55</PKD_Dzial>
		<PKD_opis>Zakwaterowanie</PKD_opis>
		<Ogolem>294</Ogolem>
		<przedsiebiorstwa_panstwowe>0</przedsiebiorstwa_panstwowe>
		<spolki_razem>5</spolki_razem>
		<w_tym_spolki_handlowe_razem>4</w_tym_spolki_handlowe_razem>
		<w_tym_spolki_handlowe_akcyjne>0</w_tym_spolki_handlowe_akcyjne>
		<w_tym_spolki_handlowe_zoo>4</w_tym_spolki_handlowe_zoo>
		<w_tym_spolki_cywilne>1</w_tym_spolki_cywilne>
		<spóldzielnie>0</spóldzielnie>
		<osoby_fizyczne_prowadzace_dzialalnosc_gospodarcza>287</osoby_fizyczne_prowadzace_dzialalnosc_gospodarcza>
	</dane_tablica_T7>
	<dane_tablica_T7>
		<PKD_Sekcja>I</PKD_Sekcja>
		<PKD_Dzial>56</PKD_Dzial>
		<PKD_opis>Działalność usługowa związana z wyżywieniem</PKD_opis>
		<Ogolem>789</Ogolem>
		<przedsiebiorstwa_panstwowe>0</przedsiebiorstwa_panstwowe>
		<spolki_razem>32</spolki_razem>
		<w_tym_spolki_handlowe_razem>13</w_tym_spolki_handlowe_razem>
		<w_tym_spolki_handlowe_akcyjne>0</w_tym_spolki_handlowe_akcyjne>
		<w_tym_spolki_handlowe_zoo>8</w_tym_spolki_handlowe_zoo>
		<w_tym_spolki_cywilne>19</w_tym_spolki_cywilne>
		<spóldzielnie>0</spóldzielnie>
		<osoby_fizyczne_prowadzace_dzialalnosc_gospodarcza>757</osoby_fizyczne_prowadzace_dzialalnosc_gospodarcza>
	</dane_tablica_T7>
	<dane_tablica_T7>
		<PKD_Sekcja>J</PKD_Sekcja>
		<PKD_Dzial>58</PKD_Dzial>
		<PKD_opis>Działalność wydawnicza</PKD_opis>
		<Ogolem>58</Ogolem>
		<przedsiebiorstwa_panstwowe>0</przedsiebiorstwa_panstwowe>
		<spolki_razem>12</spolki_razem>
		<w_tym_spolki_handlowe_razem>11</w_tym_spolki_handlowe_razem>
		<w_tym_spolki_handlowe_akcyjne>0</w_tym_spolki_handlowe_akcyjne>
		<w_tym_spolki_handlowe_zoo>9</w_tym_spolki_handlowe_zoo>
		<w_tym_spolki_cywilne>1</w_tym_spolki_cywilne>
		<spóldzielnie>0</spóldzielnie>
		<osoby_fizyczne_prowadzace_dzialalnosc_gospodarcza>45</osoby_fizyczne_prowadzace_dzialalnosc_gospodarcza>
	</dane_tablica_T7>
	<dane_tablica_T7>
		<PKD_Sekcja>J</PKD_Sekcja>
		<PKD_Dzial>59</PKD_Dzial>
		<PKD_opis>Działalność związana z produkcją filmów, nagrań wideo, programów telewizyjnych, nagrań dźwiękowych i muzycznych</PKD_opis>
		<Ogolem>119</Ogolem>
		<przedsiebiorstwa_panstwowe>0</przedsiebiorstwa_panstwowe>
		<spolki_razem>5</spolki_razem>
		<w_tym_spolki_handlowe_razem>4</w_tym_spolki_handlowe_razem>
		<w_tym_spolki_handlowe_akcyjne>0</w_tym_spolki_handlowe_akcyjne>
		<w_tym_spolki_handlowe_zoo>4</w_tym_spolki_handlowe_zoo>
		<w_tym_spolki_cywilne>1</w_tym_spolki_cywilne>
		<spóldzielnie>0</spóldzielnie>
		<osoby_fizyczne_prowadzace_dzialalnosc_gospodarcza>114</osoby_fizyczne_prowadzace_dzialalnosc_gospodarcza>
	</dane_tablica_T7>
	<dane_tablica_T7>
		<PKD_Sekcja>J</PKD_Sekcja>
		<PKD_Dzial>60</PKD_Dzial>
		<PKD_opis>Nadawanie programów ogólnodostępnych i abonamentowych</PKD_opis>
		<Ogolem>2</Ogolem>
		<przedsiebiorstwa_panstwowe>0</przedsiebiorstwa_panstwowe>
		<spolki_razem>1</spolki_razem>
		<w_tym_spolki_handlowe_razem>1</w_tym_spolki_handlowe_razem>
		<w_tym_spolki_handlowe_akcyjne>0</w_tym_spolki_handlowe_akcyjne>
		<w_tym_spolki_handlowe_zoo>1</w_tym_spolki_handlowe_zoo>
		<w_tym_spolki_cywilne>0</w_tym_spolki_cywilne>
		<spóldzielnie>0</spóldzielnie>
		<osoby_fizyczne_prowadzace_dzialalnosc_gospodarcza>1</osoby_fizyczne_prowadzace_dzialalnosc_gospodarcza>
	</dane_tablica_T7>
	<dane_tablica_T7>
		<PKD_Sekcja>J</PKD_Sekcja>
		<PKD_Dzial>61</PKD_Dzial>
		<PKD_opis>Telekomunikacja</PKD_opis>
		<Ogolem>49</Ogolem>
		<przedsiebiorstwa_panstwowe>0</przedsiebiorstwa_panstwowe>
		<spolki_razem>4</spolki_razem>
		<w_tym_spolki_handlowe_razem>4</w_tym_spolki_handlowe_razem>
		<w_tym_spolki_handlowe_akcyjne>0</w_tym_spolki_handlowe_akcyjne>
		<w_tym_spolki_handlowe_zoo>3</w_tym_spolki_handlowe_zoo>
		<w_tym_spolki_cywilne>0</w_tym_spolki_cywilne>
		<spóldzielnie>0</spóldzielnie>
		<osoby_fizyczne_prowadzace_dzialalnosc_gospodarcza>45</osoby_fizyczne_prowadzace_dzialalnosc_gospodarcza>
	</dane_tablica_T7>
	<dane_tablica_T7>
		<PKD_Sekcja>J</PKD_Sekcja>
		<PKD_Dzial>62</PKD_Dzial>
		<PKD_opis>Działalność związana z oprogramowaniem i doradztwem w zakresie informatyki oraz dzialalność powiązana</PKD_opis>
		<Ogolem>385</Ogolem>
		<przedsiebiorstwa_panstwowe>0</przedsiebiorstwa_panstwowe>
		<spolki_razem>39</spolki_razem>
		<w_tym_spolki_handlowe_razem>33</w_tym_spolki_handlowe_razem>
		<w_tym_spolki_handlowe_akcyjne>1</w_tym_spolki_handlowe_akcyjne>
		<w_tym_spolki_handlowe_zoo>29</w_tym_spolki_handlowe_zoo>
		<w_tym_spolki_cywilne>6</w_tym_spolki_cywilne>
		<spóldzielnie>0</spóldzielnie>
		<osoby_fizyczne_prowadzace_dzialalnosc_gospodarcza>346</osoby_fizyczne_prowadzace_dzialalnosc_gospodarcza>
	</dane_tablica_T7>
	<dane_tablica_T7>
		<PKD_Sekcja>J</PKD_Sekcja>
		<PKD_Dzial>63</PKD_Dzial>
		<PKD_opis>Działalność usługowa w zakresie informacji</PKD_opis>
		<Ogolem>120</Ogolem>
		<przedsiebiorstwa_panstwowe>0</przedsiebiorstwa_panstwowe>
		<spolki_razem>16</spolki_razem>
		<w_tym_spolki_handlowe_razem>13</w_tym_spolki_handlowe_razem>
		<w_tym_spolki_handlowe_akcyjne>1</w_tym_spolki_handlowe_akcyjne>
		<w_tym_spolki_handlowe_zoo>11</w_tym_spolki_handlowe_zoo>
		<w_tym_spolki_cywilne>3</w_tym_spolki_cywilne>
		<spóldzielnie>0</spóldzielnie>
		<osoby_fizyczne_prowadzace_dzialalnosc_gospodarcza>103</osoby_fizyczne_prowadzace_dzialalnosc_gospodarcza>
	</dane_tablica_T7>
	<dane_tablica_T7>
		<PKD_Sekcja>K</PKD_Sekcja>
		<PKD_Dzial>64</PKD_Dzial>
		<PKD_opis>Finansowa działalność usługowa, z wyłączeniem ubezpieczeń i funduszów emerytalnych</PKD_opis>
		<Ogolem>185</Ogolem>
		<przedsiebiorstwa_panstwowe>0</przedsiebiorstwa_panstwowe>
		<spolki_razem>32</spolki_razem>
		<w_tym_spolki_handlowe_razem>28</w_tym_spolki_handlowe_razem>
		<w_tym_spolki_handlowe_akcyjne>0</w_tym_spolki_handlowe_akcyjne>
		<w_tym_spolki_handlowe_zoo>18</w_tym_spolki_handlowe_zoo>
		<w_tym_spolki_cywilne>4</w_tym_spolki_cywilne>
		<spóldzielnie>0</spóldzielnie>
		<osoby_fizyczne_prowadzace_dzialalnosc_gospodarcza>144</osoby_fizyczne_prowadzace_dzialalnosc_gospodarcza>
	</dane_tablica_T7>
	<dane_tablica_T7>
		<PKD_Sekcja>K</PKD_Sekcja>
		<PKD_Dzial>65</PKD_Dzial>
		<PKD_opis>Ubezpieczenia, reasekuracja oraz fundusze emerytalne, z wyłączeniem obowiązkowego ubezpieczenia społecznego</PKD_opis>
		<Ogolem>11</Ogolem>
		<przedsiebiorstwa_panstwowe>0</przedsiebiorstwa_panstwowe>
		<spolki_razem>0</spolki_razem>
		<w_tym_spolki_handlowe_razem>0</w_tym_spolki_handlowe_razem>
		<w_tym_spolki_handlowe_akcyjne>0</w_tym_spolki_handlowe_akcyjne>
		<w_tym_spolki_handlowe_zoo>0</w_tym_spolki_handlowe_zoo>
		<w_tym_spolki_cywilne>0</w_tym_spolki_cywilne>
		<spóldzielnie>0</spóldzielnie>
		<osoby_fizyczne_prowadzace_dzialalnosc_gospodarcza>11</osoby_fizyczne_prowadzace_dzialalnosc_gospodarcza>
	</dane_tablica_T7>
	<dane_tablica_T7>
		<PKD_Sekcja>K</PKD_Sekcja>
		<PKD_Dzial>66</PKD_Dzial>
		<PKD_opis>Działalność wspomagająca usługi finansowe oraz ubezpieczenia i fundusze emerytalne</PKD_opis>
		<Ogolem>653</Ogolem>
		<przedsiebiorstwa_panstwowe>0</przedsiebiorstwa_panstwowe>
		<spolki_razem>17</spolki_razem>
		<w_tym_spolki_handlowe_razem>14</w_tym_spolki_handlowe_razem>
		<w_tym_spolki_handlowe_akcyjne>0</w_tym_spolki_handlowe_akcyjne>
		<w_tym_spolki_handlowe_zoo>7</w_tym_spolki_handlowe_zoo>
		<w_tym_spolki_cywilne>3</w_tym_spolki_cywilne>
		<spóldzielnie>0</spóldzielnie>
		<osoby_fizyczne_prowadzace_dzialalnosc_gospodarcza>635</osoby_fizyczne_prowadzace_dzialalnosc_gospodarcza>
	</dane_tablica_T7>
	<dane_tablica_T7>
		<PKD_Sekcja>L</PKD_Sekcja>
		<PKD_Dzial>68</PKD_Dzial>
		<PKD_opis>Działalność związana z obsługą rynku nieruchomości</PKD_opis>
		<Ogolem>326</Ogolem>
		<przedsiebiorstwa_panstwowe>0</przedsiebiorstwa_panstwowe>
		<spolki_razem>65</spolki_razem>
		<w_tym_spolki_handlowe_razem>52</w_tym_spolki_handlowe_razem>
		<w_tym_spolki_handlowe_akcyjne>1</w_tym_spolki_handlowe_akcyjne>
		<w_tym_spolki_handlowe_zoo>35</w_tym_spolki_handlowe_zoo>
		<w_tym_spolki_cywilne>13</w_tym_spolki_cywilne>
		<spóldzielnie>6</spóldzielnie>
		<osoby_fizyczne_prowadzace_dzialalnosc_gospodarcza>242</osoby_fizyczne_prowadzace_dzialalnosc_gospodarcza>
	</dane_tablica_T7>
	<dane_tablica_T7>
		<PKD_Sekcja>M</PKD_Sekcja>
		<PKD_Dzial>69</PKD_Dzial>
		<PKD_opis>Działalność prawnicza, rachunkowo-księgowa i doradztwo podatkowe</PKD_opis>
		<Ogolem>326</Ogolem>
		<przedsiebiorstwa_panstwowe>0</przedsiebiorstwa_panstwowe>
		<spolki_razem>34</spolki_razem>
		<w_tym_spolki_handlowe_razem>17</w_tym_spolki_handlowe_razem>
		<w_tym_spolki_handlowe_akcyjne>0</w_tym_spolki_handlowe_akcyjne>
		<w_tym_spolki_handlowe_zoo>9</w_tym_spolki_handlowe_zoo>
		<w_tym_spolki_cywilne>17</w_tym_spolki_cywilne>
		<spóldzielnie>0</spóldzielnie>
		<osoby_fizyczne_prowadzace_dzialalnosc_gospodarcza>291</osoby_fizyczne_prowadzace_dzialalnosc_gospodarcza>
	</dane_tablica_T7>
	<dane_tablica_T7>
		<PKD_Sekcja>M</PKD_Sekcja>
		<PKD_Dzial>70</PKD_Dzial>
		<PKD_opis>Działalność firm centralnych (head offices); doradztwo związane z zarządzaniem</PKD_opis>
		<Ogolem>413</Ogolem>
		<przedsiebiorstwa_panstwowe>0</przedsiebiorstwa_panstwowe>
		<spolki_razem>51</spolki_razem>
		<w_tym_spolki_handlowe_razem>47</w_tym_spolki_handlowe_razem>
		<w_tym_spolki_handlowe_akcyjne>2</w_tym_spolki_handlowe_akcyjne>
		<w_tym_spolki_handlowe_zoo>35</w_tym_spolki_handlowe_zoo>
		<w_tym_spolki_cywilne>4</w_tym_spolki_cywilne>
		<spóldzielnie>0</spóldzielnie>
		<osoby_fizyczne_prowadzace_dzialalnosc_gospodarcza>361</osoby_fizyczne_prowadzace_dzialalnosc_gospodarcza>
	</dane_tablica_T7>
	<dane_tablica_T7>
		<PKD_Sekcja>M</PKD_Sekcja>
		<PKD_Dzial>71</PKD_Dzial>
		<PKD_opis>Działalność w zakresie architektury i inżynierii; badania i analizy techniczne</PKD_opis>
		<Ogolem>378</Ogolem>
		<przedsiebiorstwa_panstwowe>0</przedsiebiorstwa_panstwowe>
		<spolki_razem>21</spolki_razem>
		<w_tym_spolki_handlowe_razem>10</w_tym_spolki_handlowe_razem>
		<w_tym_spolki_handlowe_akcyjne>1</w_tym_spolki_handlowe_akcyjne>
		<w_tym_spolki_handlowe_zoo>8</w_tym_spolki_handlowe_zoo>
		<w_tym_spolki_cywilne>11</w_tym_spolki_cywilne>
		<spóldzielnie>0</spóldzielnie>
		<osoby_fizyczne_prowadzace_dzialalnosc_gospodarcza>357</osoby_fizyczne_prowadzace_dzialalnosc_gospodarcza>
	</dane_tablica_T7>
	<dane_tablica_T7>
		<PKD_Sekcja>M</PKD_Sekcja>
		<PKD_Dzial>72</PKD_Dzial>
		<PKD_opis>Badania naukowe i prace rozwojowe</PKD_opis>
		<Ogolem>21</Ogolem>
		<przedsiebiorstwa_panstwowe>0</przedsiebiorstwa_panstwowe>
		<spolki_razem>5</spolki_razem>
		<w_tym_spolki_handlowe_razem>4</w_tym_spolki_handlowe_razem>
		<w_tym_spolki_handlowe_akcyjne>0</w_tym_spolki_handlowe_akcyjne>
		<w_tym_spolki_handlowe_zoo>4</w_tym_spolki_handlowe_zoo>
		<w_tym_spolki_cywilne>1</w_tym_spolki_cywilne>
		<spóldzielnie>0</spóldzielnie>
		<osoby_fizyczne_prowadzace_dzialalnosc_gospodarcza>16</osoby_fizyczne_prowadzace_dzialalnosc_gospodarcza>
	</dane_tablica_T7>
	<dane_tablica_T7>
		<PKD_Sekcja>M</PKD_Sekcja>
		<PKD_Dzial>73</PKD_Dzial>
		<PKD_opis>Reklama, badanie rynku i opinii publicznej</PKD_opis>
		<Ogolem>349</Ogolem>
		<przedsiebiorstwa_panstwowe>0</przedsiebiorstwa_panstwowe>
		<spolki_razem>23</spolki_razem>
		<w_tym_spolki_handlowe_razem>16</w_tym_spolki_handlowe_razem>
		<w_tym_spolki_handlowe_akcyjne>0</w_tym_spolki_handlowe_akcyjne>
		<w_tym_spolki_handlowe_zoo>15</w_tym_spolki_handlowe_zoo>
		<w_tym_spolki_cywilne>7</w_tym_spolki_cywilne>
		<spóldzielnie>0</spóldzielnie>
		<osoby_fizyczne_prowadzace_dzialalnosc_gospodarcza>325</osoby_fizyczne_prowadzace_dzialalnosc_gospodarcza>
	</dane_tablica_T7>
	<dane_tablica_T7>
		<PKD_Sekcja>M</PKD_Sekcja>
		<PKD_Dzial>74</PKD_Dzial>
		<PKD_opis>Pozostała działalność profesjonalna, naukowa i techniczna</PKD_opis>
		<Ogolem>555</Ogolem>
		<przedsiebiorstwa_panstwowe>0</przedsiebiorstwa_panstwowe>
		<spolki_razem>9</spolki_razem>
		<w_tym_spolki_handlowe_razem>4</w_tym_spolki_handlowe_razem>
		<w_tym_spolki_handlowe_akcyjne>0</w_tym_spolki_handlowe_akcyjne>
		<w_tym_spolki_handlowe_zoo>3</w_tym_spolki_handlowe_zoo>
		<w_tym_spolki_cywilne>5</w_tym_spolki_cywilne>
		<spóldzielnie>0</spóldzielnie>
		<osoby_fizyczne_prowadzace_dzialalnosc_gospodarcza>546</osoby_fizyczne_prowadzace_dzialalnosc_gospodarcza>
	</dane_tablica_T7>
	<dane_tablica_T7>
		<PKD_Sekcja>M</PKD_Sekcja>
		<PKD_Dzial>75</PKD_Dzial>
		<PKD_opis>Działalność weterynaryjna</PKD_opis>
		<Ogolem>35</Ogolem>
		<przedsiebiorstwa_panstwowe>0</przedsiebiorstwa_panstwowe>
		<spolki_razem>2</spolki_razem>
		<w_tym_spolki_handlowe_razem>0</w_tym_spolki_handlowe_razem>
		<w_tym_spolki_handlowe_akcyjne>0</w_tym_spolki_handlowe_akcyjne>
		<w_tym_spolki_handlowe_zoo>0</w_tym_spolki_handlowe_zoo>
		<w_tym_spolki_cywilne>2</w_tym_spolki_cywilne>
		<spóldzielnie>0</spóldzielnie>
		<osoby_fizyczne_prowadzace_dzialalnosc_gospodarcza>33</osoby_fizyczne_prowadzace_dzialalnosc_gospodarcza>
	</dane_tablica_T7>
	<dane_tablica_T7>
		<PKD_Sekcja>N</PKD_Sekcja>
		<PKD_Dzial>77</PKD_Dzial>
		<PKD_opis>Wynajem i dzierżawa</PKD_opis>
		<Ogolem>104</Ogolem>
		<przedsiebiorstwa_panstwowe>0</przedsiebiorstwa_panstwowe>
		<spolki_razem>6</spolki_razem>
		<w_tym_spolki_handlowe_razem>5</w_tym_spolki_handlowe_razem>
		<w_tym_spolki_handlowe_akcyjne>0</w_tym_spolki_handlowe_akcyjne>
		<w_tym_spolki_handlowe_zoo>5</w_tym_spolki_handlowe_zoo>
		<w_tym_spolki_cywilne>1</w_tym_spolki_cywilne>
		<spóldzielnie>0</spóldzielnie>
		<osoby_fizyczne_prowadzace_dzialalnosc_gospodarcza>97</osoby_fizyczne_prowadzace_dzialalnosc_gospodarcza>
	</dane_tablica_T7>
	<dane_tablica_T7>
		<PKD_Sekcja>N</PKD_Sekcja>
		<PKD_Dzial>78</PKD_Dzial>
		<PKD_opis>Działalność związana z zatrudnieniem</PKD_opis>
		<Ogolem>65</Ogolem>
		<przedsiebiorstwa_panstwowe>0</przedsiebiorstwa_panstwowe>
		<spolki_razem>16</spolki_razem>
		<w_tym_spolki_handlowe_razem>16</w_tym_spolki_handlowe_razem>
		<w_tym_spolki_handlowe_akcyjne>0</w_tym_spolki_handlowe_akcyjne>
		<w_tym_spolki_handlowe_zoo>12</w_tym_spolki_handlowe_zoo>
		<w_tym_spolki_cywilne>0</w_tym_spolki_cywilne>
		<spóldzielnie>0</spóldzielnie>
		<osoby_fizyczne_prowadzace_dzialalnosc_gospodarcza>46</osoby_fizyczne_prowadzace_dzialalnosc_gospodarcza>
	</dane_tablica_T7>
	<dane_tablica_T7>
		<PKD_Sekcja>N</PKD_Sekcja>
		<PKD_Dzial>79</PKD_Dzial>
		<PKD_opis>Działalność organizatorów turystyki, pośredników i agentów turystycznych oraz pozostała działalność usługowa w zakresie rezerwacji i działalności z nią związane</PKD_opis>
		<Ogolem>100</Ogolem>
		<przedsiebiorstwa_panstwowe>0</przedsiebiorstwa_panstwowe>
		<spolki_razem>3</spolki_razem>
		<w_tym_spolki_handlowe_razem>1</w_tym_spolki_handlowe_razem>
		<w_tym_spolki_handlowe_akcyjne>0</w_tym_spolki_handlowe_akcyjne>
		<w_tym_spolki_handlowe_zoo>1</w_tym_spolki_handlowe_zoo>
		<w_tym_spolki_cywilne>2</w_tym_spolki_cywilne>
		<spóldzielnie>0</spóldzielnie>
		<osoby_fizyczne_prowadzace_dzialalnosc_gospodarcza>96</osoby_fizyczne_prowadzace_dzialalnosc_gospodarcza>
	</dane_tablica_T7>
	<dane_tablica_T7>
		<PKD_Sekcja>N</PKD_Sekcja>
		<PKD_Dzial>80</PKD_Dzial>
		<PKD_opis>Działalność detektywistyczna i ochroniarska</PKD_opis>
		<Ogolem>31</Ogolem>
		<przedsiebiorstwa_panstwowe>0</przedsiebiorstwa_panstwowe>
		<spolki_razem>6</spolki_razem>
		<w_tym_spolki_handlowe_razem>4</w_tym_spolki_handlowe_razem>
		<w_tym_spolki_handlowe_akcyjne>0</w_tym_spolki_handlowe_akcyjne>
		<w_tym_spolki_handlowe_zoo>4</w_tym_spolki_handlowe_zoo>
		<w_tym_spolki_cywilne>2</w_tym_spolki_cywilne>
		<spóldzielnie>0</spóldzielnie>
		<osoby_fizyczne_prowadzace_dzialalnosc_gospodarcza>25</osoby_fizyczne_prowadzace_dzialalnosc_gospodarcza>
	</dane_tablica_T7>
	<dane_tablica_T7>
		<PKD_Sekcja>N</PKD_Sekcja>
		<PKD_Dzial>81</PKD_Dzial>
		<PKD_opis>Działalność usługowa związana z utrzymaniem porządku w budynkach i zagospodarowaniem terenów zieleni</PKD_opis>
		<Ogolem>554</Ogolem>
		<przedsiebiorstwa_panstwowe>0</przedsiebiorstwa_panstwowe>
		<spolki_razem>7</spolki_razem>
		<w_tym_spolki_handlowe_razem>4</w_tym_spolki_handlowe_razem>
		<w_tym_spolki_handlowe_akcyjne>0</w_tym_spolki_handlowe_akcyjne>
		<w_tym_spolki_handlowe_zoo>4</w_tym_spolki_handlowe_zoo>
		<w_tym_spolki_cywilne>3</w_tym_spolki_cywilne>
		<spóldzielnie>0</spóldzielnie>
		<osoby_fizyczne_prowadzace_dzialalnosc_gospodarcza>547</osoby_fizyczne_prowadzace_dzialalnosc_gospodarcza>
	</dane_tablica_T7>
	<dane_tablica_T7>
		<PKD_Sekcja>N</PKD_Sekcja>
		<PKD_Dzial>82</PKD_Dzial>
		<PKD_opis>Działalność związana z administracyjną obsługą biura i pozostała działalność wspomagająca prowadzenie działalności gospodarczej</PKD_opis>
		<Ogolem>342</Ogolem>
		<przedsiebiorstwa_panstwowe>0</przedsiebiorstwa_panstwowe>
		<spolki_razem>4</spolki_razem>
		<w_tym_spolki_handlowe_razem>2</w_tym_spolki_handlowe_razem>
		<w_tym_spolki_handlowe_akcyjne>1</w_tym_spolki_handlowe_akcyjne>
		<w_tym_spolki_handlowe_zoo>1</w_tym_spolki_handlowe_zoo>
		<w_tym_spolki_cywilne>2</w_tym_spolki_cywilne>
		<spóldzielnie>0</spóldzielnie>
		<osoby_fizyczne_prowadzace_dzialalnosc_gospodarcza>338</osoby_fizyczne_prowadzace_dzialalnosc_gospodarcza>
	</dane_tablica_T7>
	<dane_tablica_T7>
		<PKD_Sekcja>O</PKD_Sekcja>
		<PKD_Dzial>84</PKD_Dzial>
		<PKD_opis>Administracja publiczna i obrona narodowa; obowiązkowe zabezpieczenia społeczne</PKD_opis>
		<Ogolem>8</Ogolem>
		<przedsiebiorstwa_panstwowe>0</przedsiebiorstwa_panstwowe>
		<spolki_razem>0</spolki_razem>
		<w_tym_spolki_handlowe_razem>0</w_tym_spolki_handlowe_razem>
		<w_tym_spolki_handlowe_akcyjne>0</w_tym_spolki_handlowe_akcyjne>
		<w_tym_spolki_handlowe_zoo>0</w_tym_spolki_handlowe_zoo>
		<w_tym_spolki_cywilne>0</w_tym_spolki_cywilne>
		<spóldzielnie>0</spóldzielnie>
		<osoby_fizyczne_prowadzace_dzialalnosc_gospodarcza>1</osoby_fizyczne_prowadzace_dzialalnosc_gospodarcza>
	</dane_tablica_T7>
	<dane_tablica_T7>
		<PKD_Sekcja>P</PKD_Sekcja>
		<PKD_Dzial>85</PKD_Dzial>
		<PKD_opis>Edukacja</PKD_opis>
		<Ogolem>1741</Ogolem>
		<przedsiebiorstwa_panstwowe>0</przedsiebiorstwa_panstwowe>
		<spolki_razem>15</spolki_razem>
		<w_tym_spolki_handlowe_razem>7</w_tym_spolki_handlowe_razem>
		<w_tym_spolki_handlowe_akcyjne>0</w_tym_spolki_handlowe_akcyjne>
		<w_tym_spolki_handlowe_zoo>4</w_tym_spolki_handlowe_zoo>
		<w_tym_spolki_cywilne>8</w_tym_spolki_cywilne>
		<spóldzielnie>0</spóldzielnie>
		<osoby_fizyczne_prowadzace_dzialalnosc_gospodarcza>554</osoby_fizyczne_prowadzace_dzialalnosc_gospodarcza>
	</dane_tablica_T7>
	<dane_tablica_T7>
		<PKD_Sekcja>Q</PKD_Sekcja>
		<PKD_Dzial>86</PKD_Dzial>
		<PKD_opis>Opieka zdrowotna</PKD_opis>
		<Ogolem>697</Ogolem>
		<przedsiebiorstwa_panstwowe>0</przedsiebiorstwa_panstwowe>
		<spolki_razem>34</spolki_razem>
		<w_tym_spolki_handlowe_razem>16</w_tym_spolki_handlowe_razem>
		<w_tym_spolki_handlowe_akcyjne>0</w_tym_spolki_handlowe_akcyjne>
		<w_tym_spolki_handlowe_zoo>11</w_tym_spolki_handlowe_zoo>
		<w_tym_spolki_cywilne>18</w_tym_spolki_cywilne>
		<spóldzielnie>0</spóldzielnie>
		<osoby_fizyczne_prowadzace_dzialalnosc_gospodarcza>661</osoby_fizyczne_prowadzace_dzialalnosc_gospodarcza>
	</dane_tablica_T7>
	<dane_tablica_T7>
		<PKD_Sekcja>Q</PKD_Sekcja>
		<PKD_Dzial>87</PKD_Dzial>
		<PKD_opis>Pomoc społeczna z zakwaterowaniem</PKD_opis>
		<Ogolem>14</Ogolem>
		<przedsiebiorstwa_panstwowe>0</przedsiebiorstwa_panstwowe>
		<spolki_razem>0</spolki_razem>
		<w_tym_spolki_handlowe_razem>0</w_tym_spolki_handlowe_razem>
		<w_tym_spolki_handlowe_akcyjne>0</w_tym_spolki_handlowe_akcyjne>
		<w_tym_spolki_handlowe_zoo>0</w_tym_spolki_handlowe_zoo>
		<w_tym_spolki_cywilne>0</w_tym_spolki_cywilne>
		<spóldzielnie>0</spóldzielnie>
		<osoby_fizyczne_prowadzace_dzialalnosc_gospodarcza>12</osoby_fizyczne_prowadzace_dzialalnosc_gospodarcza>
	</dane_tablica_T7>
	<dane_tablica_T7>
		<PKD_Sekcja>Q</PKD_Sekcja>
		<PKD_Dzial>88</PKD_Dzial>
		<PKD_opis>Pomoc społeczna bez zakwaterowania</PKD_opis>
		<Ogolem>109</Ogolem>
		<przedsiebiorstwa_panstwowe>0</przedsiebiorstwa_panstwowe>
		<spolki_razem>2</spolki_razem>
		<w_tym_spolki_handlowe_razem>2</w_tym_spolki_handlowe_razem>
		<w_tym_spolki_handlowe_akcyjne>0</w_tym_spolki_handlowe_akcyjne>
		<w_tym_spolki_handlowe_zoo>2</w_tym_spolki_handlowe_zoo>
		<w_tym_spolki_cywilne>0</w_tym_spolki_cywilne>
		<spóldzielnie>1</spóldzielnie>
		<osoby_fizyczne_prowadzace_dzialalnosc_gospodarcza>104</osoby_fizyczne_prowadzace_dzialalnosc_gospodarcza>
	</dane_tablica_T7>
	<dane_tablica_T7>
		<PKD_Sekcja>R</PKD_Sekcja>
		<PKD_Dzial>90</PKD_Dzial>
		<PKD_opis>Działalność twórcza związana z kulturą i rozrywką</PKD_opis>
		<Ogolem>149</Ogolem>
		<przedsiebiorstwa_panstwowe>0</przedsiebiorstwa_panstwowe>
		<spolki_razem>3</spolki_razem>
		<w_tym_spolki_handlowe_razem>3</w_tym_spolki_handlowe_razem>
		<w_tym_spolki_handlowe_akcyjne>0</w_tym_spolki_handlowe_akcyjne>
		<w_tym_spolki_handlowe_zoo>2</w_tym_spolki_handlowe_zoo>
		<w_tym_spolki_cywilne>0</w_tym_spolki_cywilne>
		<spóldzielnie>0</spóldzielnie>
		<osoby_fizyczne_prowadzace_dzialalnosc_gospodarcza>146</osoby_fizyczne_prowadzace_dzialalnosc_gospodarcza>
	</dane_tablica_T7>
	<dane_tablica_T7>
		<PKD_Sekcja>R</PKD_Sekcja>
		<PKD_Dzial>91</PKD_Dzial>
		<PKD_opis>Działalność bibliotek, archiwów, muzeów oraz pozostała działalność związana z kulturą</PKD_opis>
		<Ogolem>14</Ogolem>
		<przedsiebiorstwa_panstwowe>0</przedsiebiorstwa_panstwowe>
		<spolki_razem>0</spolki_razem>
		<w_tym_spolki_handlowe_razem>0</w_tym_spolki_handlowe_razem>
		<w_tym_spolki_handlowe_akcyjne>0</w_tym_spolki_handlowe_akcyjne>
		<w_tym_spolki_handlowe_zoo>0</w_tym_spolki_handlowe_zoo>
		<w_tym_spolki_cywilne>0</w_tym_spolki_cywilne>
		<spóldzielnie>0</spóldzielnie>
		<osoby_fizyczne_prowadzace_dzialalnosc_gospodarcza>14</osoby_fizyczne_prowadzace_dzialalnosc_gospodarcza>
	</dane_tablica_T7>
	<dane_tablica_T7>
		<PKD_Sekcja>R</PKD_Sekcja>
		<PKD_Dzial>92</PKD_Dzial>
		<PKD_opis>Działalność związana z grami losowymi i zakładami wzajemnymi</PKD_opis>
		<Ogolem>13</Ogolem>
		<przedsiebiorstwa_panstwowe>0</przedsiebiorstwa_panstwowe>
		<spolki_razem>2</spolki_razem>
		<w_tym_spolki_handlowe_razem>2</w_tym_spolki_handlowe_razem>
		<w_tym_spolki_handlowe_akcyjne>0</w_tym_spolki_handlowe_akcyjne>
		<w_tym_spolki_handlowe_zoo>2</w_tym_spolki_handlowe_zoo>
		<w_tym_spolki_cywilne>0</w_tym_spolki_cywilne>
		<spóldzielnie>0</spóldzielnie>
		<osoby_fizyczne_prowadzace_dzialalnosc_gospodarcza>11</osoby_fizyczne_prowadzace_dzialalnosc_gospodarcza>
	</dane_tablica_T7>
	<dane_tablica_T7>
		<PKD_Sekcja>R</PKD_Sekcja>
		<PKD_Dzial>93</PKD_Dzial>
		<PKD_opis>Działalność sportowa, rozrywkowa i rekreacyjna</PKD_opis>
		<Ogolem>215</Ogolem>
		<przedsiebiorstwa_panstwowe>0</przedsiebiorstwa_panstwowe>
		<spolki_razem>13</spolki_razem>
		<w_tym_spolki_handlowe_razem>7</w_tym_spolki_handlowe_razem>
		<w_tym_spolki_handlowe_akcyjne>0</w_tym_spolki_handlowe_akcyjne>
		<w_tym_spolki_handlowe_zoo>6</w_tym_spolki_handlowe_zoo>
		<w_tym_spolki_cywilne>6</w_tym_spolki_cywilne>
		<spóldzielnie>0</spóldzielnie>
		<osoby_fizyczne_prowadzace_dzialalnosc_gospodarcza>190</osoby_fizyczne_prowadzace_dzialalnosc_gospodarcza>
	</dane_tablica_T7>
	<dane_tablica_T7>
		<PKD_Sekcja>S</PKD_Sekcja>
		<PKD_Dzial>94</PKD_Dzial>
		<PKD_opis>Działalność organizacji członkowskich</PKD_opis>
		<Ogolem>149</Ogolem>
		<przedsiebiorstwa_panstwowe>0</przedsiebiorstwa_panstwowe>
		<spolki_razem>0</spolki_razem>
		<w_tym_spolki_handlowe_razem>0</w_tym_spolki_handlowe_razem>
		<w_tym_spolki_handlowe_akcyjne>0</w_tym_spolki_handlowe_akcyjne>
		<w_tym_spolki_handlowe_zoo>0</w_tym_spolki_handlowe_zoo>
		<w_tym_spolki_cywilne>0</w_tym_spolki_cywilne>
		<spóldzielnie>0</spóldzielnie>
		<osoby_fizyczne_prowadzace_dzialalnosc_gospodarcza>0</osoby_fizyczne_prowadzace_dzialalnosc_gospodarcza>
	</dane_tablica_T7>
	<dane_tablica_T7>
		<PKD_Sekcja>S</PKD_Sekcja>
		<PKD_Dzial>95</PKD_Dzial>
		<PKD_opis>Naprawa i konserwacja komputerów i artykułów użytku osobistego i domowego</PKD_opis>
		<Ogolem>217</Ogolem>
		<przedsiebiorstwa_panstwowe>0</przedsiebiorstwa_panstwowe>
		<spolki_razem>2</spolki_razem>
		<w_tym_spolki_handlowe_razem>1</w_tym_spolki_handlowe_razem>
		<w_tym_spolki_handlowe_akcyjne>0</w_tym_spolki_handlowe_akcyjne>
		<w_tym_spolki_handlowe_zoo>1</w_tym_spolki_handlowe_zoo>
		<w_tym_spolki_cywilne>1</w_tym_spolki_cywilne>
		<spóldzielnie>1</spóldzielnie>
		<osoby_fizyczne_prowadzace_dzialalnosc_gospodarcza>214</osoby_fizyczne_prowadzace_dzialalnosc_gospodarcza>
	</dane_tablica_T7>
	<dane_tablica_T7>
		<PKD_Sekcja>S</PKD_Sekcja>
		<PKD_Dzial>96</PKD_Dzial>
		<PKD_opis>Pozostała indywidualna działalność usługowa</PKD_opis>
		<Ogolem>719</Ogolem>
		<przedsiebiorstwa_panstwowe>0</przedsiebiorstwa_panstwowe>
		<spolki_razem>12</spolki_razem>
		<w_tym_spolki_handlowe_razem>6</w_tym_spolki_handlowe_razem>
		<w_tym_spolki_handlowe_akcyjne>0</w_tym_spolki_handlowe_akcyjne>
		<w_tym_spolki_handlowe_zoo>6</w_tym_spolki_handlowe_zoo>
		<w_tym_spolki_cywilne>6</w_tym_spolki_cywilne>
		<spóldzielnie>0</spóldzielnie>
		<osoby_fizyczne_prowadzace_dzialalnosc_gospodarcza>707</osoby_fizyczne_prowadzace_dzialalnosc_gospodarcza>
	</dane_tablica_T7>
	<dane_tablica_T7>
		<PKD_Sekcja>T</PKD_Sekcja>
		<PKD_Dzial>97</PKD_Dzial>
		<PKD_opis>Gospodarstwa domowe zatrudniające pracowników</PKD_opis>
		<Ogolem>0</Ogolem>
		<przedsiebiorstwa_panstwowe>0</przedsiebiorstwa_panstwowe>
		<spolki_razem>0</spolki_razem>
		<w_tym_spolki_handlowe_razem>0</w_tym_spolki_handlowe_razem>
		<w_tym_spolki_handlowe_akcyjne>0</w_tym_spolki_handlowe_akcyjne>
		<w_tym_spolki_handlowe_zoo>0</w_tym_spolki_handlowe_zoo>
		<w_tym_spolki_cywilne>0</w_tym_spolki_cywilne>
		<spóldzielnie>0</spóldzielnie>
		<osoby_fizyczne_prowadzace_dzialalnosc_gospodarcza>0</osoby_fizyczne_prowadzace_dzialalnosc_gospodarcza>
	</dane_tablica_T7>
	<dane_tablica_T7>
		<PKD_Sekcja>T</PKD_Sekcja>
		<PKD_Dzial>98</PKD_Dzial>
		<PKD_opis>Gospodarstwa domowe produkujące wyroby i świadczące usługi na własne potrzeby</PKD_opis>
		<Ogolem>0</Ogolem>
		<przedsiebiorstwa_panstwowe>0</przedsiebiorstwa_panstwowe>
		<spolki_razem>0</spolki_razem>
		<w_tym_spolki_handlowe_razem>0</w_tym_spolki_handlowe_razem>
		<w_tym_spolki_handlowe_akcyjne>0</w_tym_spolki_handlowe_akcyjne>
		<w_tym_spolki_handlowe_zoo>0</w_tym_spolki_handlowe_zoo>
		<w_tym_spolki_cywilne>0</w_tym_spolki_cywilne>
		<spóldzielnie>0</spóldzielnie>
		<osoby_fizyczne_prowadzace_dzialalnosc_gospodarcza>0</osoby_fizyczne_prowadzace_dzialalnosc_gospodarcza>
	</dane_tablica_T7>
	<dane_tablica_T7>
		<PKD_Sekcja>U</PKD_Sekcja>
		<PKD_Dzial>99</PKD_Dzial>
		<PKD_opis>Organizacje i zespoły eksterytorialne</PKD_opis>
		<Ogolem>0</Ogolem>
		<przedsiebiorstwa_panstwowe>0</przedsiebiorstwa_panstwowe>
		<spolki_razem>0</spolki_razem>
		<w_tym_spolki_handlowe_razem>0</w_tym_spolki_handlowe_razem>
		<w_tym_spolki_handlowe_akcyjne>0</w_tym_spolki_handlowe_akcyjne>
		<w_tym_spolki_handlowe_zoo>0</w_tym_spolki_handlowe_zoo>
		<w_tym_spolki_cywilne>0</w_tym_spolki_cywilne>
		<spóldzielnie>0</spóldzielnie>
		<osoby_fizyczne_prowadzace_dzialalnosc_gospodarcza>0</osoby_fizyczne_prowadzace_dzialalnosc_gospodarcza>
	</dane_tablica_T7>
</TABLICA_T7>