<!-- 
PAŹDZIERNIK 2017
Tablica 9: Podmioty gospodarki narodowej (bez osób fizycznych prowadzących wyłącznie indywidualne gospodarstwa rolne) według sekcji i działów Polskiej Klasyfikacji Działalności (PKD)												
-->

<TABLICA_T9>
	<dane_tablica_T9>
		<PKD_Sekcja>A</PKD_Sekcja>
		<PKD_Dzial>1</PKD_Dzial>
		<PKD_opis>Uprawy rolne, chów i hodowla zwierząt, łowiectwo, włączając działalność usługową</PKD_opis>
		<Ogolem>53639</Ogolem>
		<przedsiebiorstwa_panstwowe>3</przedsiebiorstwa_panstwowe>
		<spolki_razem>9404</spolki_razem>
		<w_tym_spolki_handlowe>7238</w_tym_spolki_handlowe>
		<w_tym_spolki_cywilne>1200</w_tym_spolki_cywilne>
		<spóldzielnie>2557</spóldzielnie>
		<fundacje>2</fundacje>
		<stowarzyszenia_i_organizacje_spoleczne>2513</stowarzyszenia_i_organizacje_spoleczne>
		<osoby_fizyczne_prowadzace_dzialalnosc_gospodarcza>38417</osoby_fizyczne_prowadzace_dzialalnosc_gospodarcza>
	</dane_tablica_T9>
	<dane_tablica_T9>
		<PKD_Sekcja>A</PKD_Sekcja>
		<PKD_Dzial>2</PKD_Dzial>
		<PKD_opis>Lesnictwo i pozyskiwanie drewna</PKD_opis>
		<Ogolem>18679</Ogolem>
		<przedsiebiorstwa_panstwowe>1</przedsiebiorstwa_panstwowe>
		<spolki_razem>2040</spolki_razem>
		<w_tym_spolki_handlowe>558</w_tym_spolki_handlowe>
		<w_tym_spolki_cywilne>1377</w_tym_spolki_cywilne>
		<spóldzielnie>18</spóldzielnie>
		<fundacje>0</fundacje>
		<stowarzyszenia_i_organizacje_spoleczne>2</stowarzyszenia_i_organizacje_spoleczne>
		<osoby_fizyczne_prowadzace_dzialalnosc_gospodarcza>16171</osoby_fizyczne_prowadzace_dzialalnosc_gospodarcza>
	</dane_tablica_T9>
	<dane_tablica_T9>
		<PKD_Sekcja>A</PKD_Sekcja>
		<PKD_Dzial>3</PKD_Dzial>
		<PKD_opis>Rybactwo</PKD_opis>
		<Ogolem>2107</Ogolem>
		<przedsiebiorstwa_panstwowe>0</przedsiebiorstwa_panstwowe>
		<spolki_razem>617</spolki_razem>
		<w_tym_spolki_handlowe>292</w_tym_spolki_handlowe>
		<w_tym_spolki_cywilne>325</w_tym_spolki_cywilne>
		<spóldzielnie>11</spóldzielnie>
		<fundacje>0</fundacje>
		<stowarzyszenia_i_organizacje_spoleczne>4</stowarzyszenia_i_organizacje_spoleczne>
		<osoby_fizyczne_prowadzace_dzialalnosc_gospodarcza>1471</osoby_fizyczne_prowadzace_dzialalnosc_gospodarcza>
	</dane_tablica_T9>
	<dane_tablica_T9>
		<PKD_Sekcja>B</PKD_Sekcja>
		<PKD_Dzial>5</PKD_Dzial>
		<PKD_opis>Wydobywanie węgla kamiennego i węgla brunatnego (lignitu)</PKD_opis>
		<Ogolem>118</Ogolem>
		<przedsiebiorstwa_panstwowe>0</przedsiebiorstwa_panstwowe>
		<spolki_razem>100</spolki_razem>
		<w_tym_spolki_handlowe>98</w_tym_spolki_handlowe>
		<w_tym_spolki_cywilne>2</w_tym_spolki_cywilne>
		<spóldzielnie>2</spóldzielnie>
		<fundacje>0</fundacje>
		<stowarzyszenia_i_organizacje_spoleczne>0</stowarzyszenia_i_organizacje_spoleczne>
		<osoby_fizyczne_prowadzace_dzialalnosc_gospodarcza>14</osoby_fizyczne_prowadzace_dzialalnosc_gospodarcza>
	</dane_tablica_T9>
	<dane_tablica_T9>
		<PKD_Sekcja>B</PKD_Sekcja>
		<PKD_Dzial>6</PKD_Dzial>
		<PKD_opis>Górnictwo ropy naftowej i gazu ziemnego</PKD_opis>
		<Ogolem>128</Ogolem>
		<przedsiebiorstwa_panstwowe>0</przedsiebiorstwa_panstwowe>
		<spolki_razem>110</spolki_razem>
		<w_tym_spolki_handlowe>109</w_tym_spolki_handlowe>
		<w_tym_spolki_cywilne>1</w_tym_spolki_cywilne>
		<spóldzielnie>0</spóldzielnie>
		<fundacje>0</fundacje>
		<stowarzyszenia_i_organizacje_spoleczne>0</stowarzyszenia_i_organizacje_spoleczne>
		<osoby_fizyczne_prowadzace_dzialalnosc_gospodarcza>7</osoby_fizyczne_prowadzace_dzialalnosc_gospodarcza>
	</dane_tablica_T9>
	<dane_tablica_T9>
		<PKD_Sekcja>B</PKD_Sekcja>
		<PKD_Dzial>7</PKD_Dzial>
		<PKD_opis>Górnictwo rud metali</PKD_opis>
		<Ogolem>38</Ogolem>
		<przedsiebiorstwa_panstwowe>1</przedsiebiorstwa_panstwowe>
		<spolki_razem>29</spolki_razem>
		<w_tym_spolki_handlowe>29</w_tym_spolki_handlowe>
		<w_tym_spolki_cywilne>0</w_tym_spolki_cywilne>
		<spóldzielnie>0</spóldzielnie>
		<fundacje>0</fundacje>
		<stowarzyszenia_i_organizacje_spoleczne>1</stowarzyszenia_i_organizacje_spoleczne>
		<osoby_fizyczne_prowadzace_dzialalnosc_gospodarcza>7</osoby_fizyczne_prowadzace_dzialalnosc_gospodarcza>
	</dane_tablica_T9>
	<dane_tablica_T9>
		<PKD_Sekcja>B</PKD_Sekcja>
		<PKD_Dzial>8</PKD_Dzial>
		<PKD_opis>Pozostałe górnictwo i wydobywanie</PKD_opis>
		<Ogolem>3721</Ogolem>
		<przedsiebiorstwa_panstwowe>1</przedsiebiorstwa_panstwowe>
		<spolki_razem>1889</spolki_razem>
		<w_tym_spolki_handlowe>1521</w_tym_spolki_handlowe>
		<w_tym_spolki_cywilne>368</w_tym_spolki_cywilne>
		<spóldzielnie>8</spóldzielnie>
		<fundacje>0</fundacje>
		<stowarzyszenia_i_organizacje_spoleczne>0</stowarzyszenia_i_organizacje_spoleczne>
		<osoby_fizyczne_prowadzace_dzialalnosc_gospodarcza>1822</osoby_fizyczne_prowadzace_dzialalnosc_gospodarcza>
	</dane_tablica_T9>
	<dane_tablica_T9>
		<PKD_Sekcja>B</PKD_Sekcja>
		<PKD_Dzial>9</PKD_Dzial>
		<PKD_opis>Działalność usługowa wspomagająca górnictwo i wydobywanie</PKD_opis>
		<Ogolem>841</Ogolem>
		<przedsiebiorstwa_panstwowe>0</przedsiebiorstwa_panstwowe>
		<spolki_razem>400</spolki_razem>
		<w_tym_spolki_handlowe>383</w_tym_spolki_handlowe>
		<w_tym_spolki_cywilne>17</w_tym_spolki_cywilne>
		<spóldzielnie>0</spóldzielnie>
		<fundacje>0</fundacje>
		<stowarzyszenia_i_organizacje_spoleczne>0</stowarzyszenia_i_organizacje_spoleczne>
		<osoby_fizyczne_prowadzace_dzialalnosc_gospodarcza>434</osoby_fizyczne_prowadzace_dzialalnosc_gospodarcza>
	</dane_tablica_T9>
	<dane_tablica_T9>
		<PKD_Sekcja>C</PKD_Sekcja>
		<PKD_Dzial>10</PKD_Dzial>
		<PKD_opis>Produkcja artykułów spożywczych</PKD_opis>
		<Ogolem>33945</Ogolem>
		<przedsiebiorstwa_panstwowe>3</przedsiebiorstwa_panstwowe>
		<spolki_razem>13954</spolki_razem>
		<w_tym_spolki_handlowe>8532</w_tym_spolki_handlowe>
		<w_tym_spolki_cywilne>5421</w_tym_spolki_cywilne>
		<spóldzielnie>429</spóldzielnie>
		<fundacje>1</fundacje>
		<stowarzyszenia_i_organizacje_spoleczne>2</stowarzyszenia_i_organizacje_spoleczne>
		<osoby_fizyczne_prowadzace_dzialalnosc_gospodarcza>19504</osoby_fizyczne_prowadzace_dzialalnosc_gospodarcza>
	</dane_tablica_T9>
	<dane_tablica_T9>
		<PKD_Sekcja>C</PKD_Sekcja>
		<PKD_Dzial>11</PKD_Dzial>
		<PKD_opis>Produkcja napojów</PKD_opis>
		<Ogolem>1951</Ogolem>
		<przedsiebiorstwa_panstwowe>2</przedsiebiorstwa_panstwowe>
		<spolki_razem>1439</spolki_razem>
		<w_tym_spolki_handlowe>1164</w_tym_spolki_handlowe>
		<w_tym_spolki_cywilne>275</w_tym_spolki_cywilne>
		<spóldzielnie>16</spóldzielnie>
		<fundacje>0</fundacje>
		<stowarzyszenia_i_organizacje_spoleczne>0</stowarzyszenia_i_organizacje_spoleczne>
		<osoby_fizyczne_prowadzace_dzialalnosc_gospodarcza>490</osoby_fizyczne_prowadzace_dzialalnosc_gospodarcza>
	</dane_tablica_T9>
	<dane_tablica_T9>
		<PKD_Sekcja>C</PKD_Sekcja>
		<PKD_Dzial>12</PKD_Dzial>
		<PKD_opis>Produkcja wyrobów tytoniowych</PKD_opis>
		<Ogolem>85</Ogolem>
		<przedsiebiorstwa_panstwowe>0</przedsiebiorstwa_panstwowe>
		<spolki_razem>76</spolki_razem>
		<w_tym_spolki_handlowe>74</w_tym_spolki_handlowe>
		<w_tym_spolki_cywilne>2</w_tym_spolki_cywilne>
		<spóldzielnie>0</spóldzielnie>
		<fundacje>0</fundacje>
		<stowarzyszenia_i_organizacje_spoleczne>0</stowarzyszenia_i_organizacje_spoleczne>
		<osoby_fizyczne_prowadzace_dzialalnosc_gospodarcza>8</osoby_fizyczne_prowadzace_dzialalnosc_gospodarcza>
	</dane_tablica_T9>
	<dane_tablica_T9>
		<PKD_Sekcja>C</PKD_Sekcja>
		<PKD_Dzial>13</PKD_Dzial>
		<PKD_opis>Produkcja wyrobów tekstylnych</PKD_opis>
		<Ogolem>10388</Ogolem>
		<przedsiebiorstwa_panstwowe>1</przedsiebiorstwa_panstwowe>
		<spolki_razem>2181</spolki_razem>
		<w_tym_spolki_handlowe>1508</w_tym_spolki_handlowe>
		<w_tym_spolki_cywilne>673</w_tym_spolki_cywilne>
		<spóldzielnie>68</spóldzielnie>
		<fundacje>1</fundacje>
		<stowarzyszenia_i_organizacje_spoleczne>0</stowarzyszenia_i_organizacje_spoleczne>
		<osoby_fizyczne_prowadzace_dzialalnosc_gospodarcza>8122</osoby_fizyczne_prowadzace_dzialalnosc_gospodarcza>
	</dane_tablica_T9>
	<dane_tablica_T9>
		<PKD_Sekcja>C</PKD_Sekcja>
		<PKD_Dzial>14</PKD_Dzial>
		<PKD_opis>Produkcja odzieży</PKD_opis>
		<Ogolem>29820</Ogolem>
		<przedsiebiorstwa_panstwowe>4</przedsiebiorstwa_panstwowe>
		<spolki_razem>5952</spolki_razem>
		<w_tym_spolki_handlowe>3165</w_tym_spolki_handlowe>
		<w_tym_spolki_cywilne>2787</w_tym_spolki_cywilne>
		<spóldzielnie>232</spóldzielnie>
		<fundacje>0</fundacje>
		<stowarzyszenia_i_organizacje_spoleczne>0</stowarzyszenia_i_organizacje_spoleczne>
		<osoby_fizyczne_prowadzace_dzialalnosc_gospodarcza>23520</osoby_fizyczne_prowadzace_dzialalnosc_gospodarcza>
	</dane_tablica_T9>
	<dane_tablica_T9>
		<PKD_Sekcja>C</PKD_Sekcja>
		<PKD_Dzial>15</PKD_Dzial>
		<PKD_opis>Produkcja skór i wyrobów ze skór wyprawionych</PKD_opis>
		<Ogolem>6464</Ogolem>
		<przedsiebiorstwa_panstwowe>4</przedsiebiorstwa_panstwowe>
		<spolki_razem>1251</spolki_razem>
		<w_tym_spolki_handlowe>608</w_tym_spolki_handlowe>
		<w_tym_spolki_cywilne>643</w_tym_spolki_cywilne>
		<spóldzielnie>50</spóldzielnie>
		<fundacje>0</fundacje>
		<stowarzyszenia_i_organizacje_spoleczne>0</stowarzyszenia_i_organizacje_spoleczne>
		<osoby_fizyczne_prowadzace_dzialalnosc_gospodarcza>5136</osoby_fizyczne_prowadzace_dzialalnosc_gospodarcza>
	</dane_tablica_T9>
	<dane_tablica_T9>
		<PKD_Sekcja>C</PKD_Sekcja>
		<PKD_Dzial>16</PKD_Dzial>
		<PKD_opis>Produkcja wyrobów z drewna oraz korka, z wyłączeniem mebli; produkcja wyrobów ze słomy i materiałów używanych do wyplatania</PKD_opis>
		<Ogolem>35760</Ogolem>
		<przedsiebiorstwa_panstwowe>2</przedsiebiorstwa_panstwowe>
		<spolki_razem>7752</spolki_razem>
		<w_tym_spolki_handlowe>4793</w_tym_spolki_handlowe>
		<w_tym_spolki_cywilne>2958</w_tym_spolki_cywilne>
		<spóldzielnie>79</spóldzielnie>
		<fundacje>0</fundacje>
		<stowarzyszenia_i_organizacje_spoleczne>0</stowarzyszenia_i_organizacje_spoleczne>
		<osoby_fizyczne_prowadzace_dzialalnosc_gospodarcza>27893</osoby_fizyczne_prowadzace_dzialalnosc_gospodarcza>
	</dane_tablica_T9>
	<dane_tablica_T9>
		<PKD_Sekcja>C</PKD_Sekcja>
		<PKD_Dzial>17</PKD_Dzial>
		<PKD_opis>Produkcja papieru i wyrobów z papieru</PKD_opis>
		<Ogolem>5523</Ogolem>
		<przedsiebiorstwa_panstwowe>1</przedsiebiorstwa_panstwowe>
		<spolki_razem>1961</spolki_razem>
		<w_tym_spolki_handlowe>1428</w_tym_spolki_handlowe>
		<w_tym_spolki_cywilne>533</w_tym_spolki_cywilne>
		<spóldzielnie>19</spóldzielnie>
		<fundacje>1</fundacje>
		<stowarzyszenia_i_organizacje_spoleczne>0</stowarzyszenia_i_organizacje_spoleczne>
		<osoby_fizyczne_prowadzace_dzialalnosc_gospodarcza>3535</osoby_fizyczne_prowadzace_dzialalnosc_gospodarcza>
	</dane_tablica_T9>
	<dane_tablica_T9>
		<PKD_Sekcja>C</PKD_Sekcja>
		<PKD_Dzial>18</PKD_Dzial>
		<PKD_opis>Poligrafia i reprodukcja zapisanych nośników informacji</PKD_opis>
		<Ogolem>18618</Ogolem>
		<przedsiebiorstwa_panstwowe>1</przedsiebiorstwa_panstwowe>
		<spolki_razem>5396</spolki_razem>
		<w_tym_spolki_handlowe>2843</w_tym_spolki_handlowe>
		<w_tym_spolki_cywilne>2553</w_tym_spolki_cywilne>
		<spóldzielnie>46</spóldzielnie>
		<fundacje>1</fundacje>
		<stowarzyszenia_i_organizacje_spoleczne>1</stowarzyszenia_i_organizacje_spoleczne>
		<osoby_fizyczne_prowadzace_dzialalnosc_gospodarcza>13153</osoby_fizyczne_prowadzace_dzialalnosc_gospodarcza>
	</dane_tablica_T9>
	<dane_tablica_T9>
		<PKD_Sekcja>C</PKD_Sekcja>
		<PKD_Dzial>19</PKD_Dzial>
		<PKD_opis>Wytwarzanie i przetwarzanie koksu i produktów rafinacji ropy naftowej</PKD_opis>
		<Ogolem>417</Ogolem>
		<przedsiebiorstwa_panstwowe>0</przedsiebiorstwa_panstwowe>
		<spolki_razem>341</spolki_razem>
		<w_tym_spolki_handlowe>324</w_tym_spolki_handlowe>
		<w_tym_spolki_cywilne>17</w_tym_spolki_cywilne>
		<spóldzielnie>1</spóldzielnie>
		<fundacje>0</fundacje>
		<stowarzyszenia_i_organizacje_spoleczne>0</stowarzyszenia_i_organizacje_spoleczne>
		<osoby_fizyczne_prowadzace_dzialalnosc_gospodarcza>72</osoby_fizyczne_prowadzace_dzialalnosc_gospodarcza>
	</dane_tablica_T9>
	<dane_tablica_T9>
		<PKD_Sekcja>C</PKD_Sekcja>
		<PKD_Dzial>20</PKD_Dzial>
		<PKD_opis>Produkcja chemikaliów i wyrobów chemicznych</PKD_opis>
		<Ogolem>5775</Ogolem>
		<przedsiebiorstwa_panstwowe>1</przedsiebiorstwa_panstwowe>
		<spolki_razem>3595</spolki_razem>
		<w_tym_spolki_handlowe>2930</w_tym_spolki_handlowe>
		<w_tym_spolki_cywilne>664</w_tym_spolki_cywilne>
		<spóldzielnie>25</spóldzielnie>
		<fundacje>0</fundacje>
		<stowarzyszenia_i_organizacje_spoleczne>0</stowarzyszenia_i_organizacje_spoleczne>
		<osoby_fizyczne_prowadzace_dzialalnosc_gospodarcza>2104</osoby_fizyczne_prowadzace_dzialalnosc_gospodarcza>
	</dane_tablica_T9>
	<dane_tablica_T9>
		<PKD_Sekcja>C</PKD_Sekcja>
		<PKD_Dzial>21</PKD_Dzial>
		<PKD_opis>Produkcja podstawowych substancji farmaceutycznych oraz leków i pozostałych wyrobów farmaceutycznych</PKD_opis>
		<Ogolem>810</Ogolem>
		<przedsiebiorstwa_panstwowe>0</przedsiebiorstwa_panstwowe>
		<spolki_razem>609</spolki_razem>
		<w_tym_spolki_handlowe>577</w_tym_spolki_handlowe>
		<w_tym_spolki_cywilne>32</w_tym_spolki_cywilne>
		<spóldzielnie>9</spóldzielnie>
		<fundacje>0</fundacje>
		<stowarzyszenia_i_organizacje_spoleczne>0</stowarzyszenia_i_organizacje_spoleczne>
		<osoby_fizyczne_prowadzace_dzialalnosc_gospodarcza>188</osoby_fizyczne_prowadzace_dzialalnosc_gospodarcza>
	</dane_tablica_T9>
	<dane_tablica_T9>
		<PKD_Sekcja>C</PKD_Sekcja>
		<PKD_Dzial>22</PKD_Dzial>
		<PKD_opis>Produkcja wyrobów z gumy i tworzyw sztucznych</PKD_opis>
		<Ogolem>16133</Ogolem>
		<przedsiebiorstwa_panstwowe>2</przedsiebiorstwa_panstwowe>
		<spolki_razem>6657</spolki_razem>
		<w_tym_spolki_handlowe>4596</w_tym_spolki_handlowe>
		<w_tym_spolki_cywilne>2061</w_tym_spolki_cywilne>
		<spóldzielnie>56</spóldzielnie>
		<fundacje>0</fundacje>
		<stowarzyszenia_i_organizacje_spoleczne>0</stowarzyszenia_i_organizacje_spoleczne>
		<osoby_fizyczne_prowadzace_dzialalnosc_gospodarcza>9383</osoby_fizyczne_prowadzace_dzialalnosc_gospodarcza>
	</dane_tablica_T9>
	<dane_tablica_T9>
		<PKD_Sekcja>C</PKD_Sekcja>
		<PKD_Dzial>23</PKD_Dzial>
		<PKD_opis>Produkcja wyrobów z pozostałych mineralnych surowców niemetalicznych</PKD_opis>
		<Ogolem>20691</Ogolem>
		<przedsiebiorstwa_panstwowe>8</przedsiebiorstwa_panstwowe>
		<spolki_razem>6275</spolki_razem>
		<w_tym_spolki_handlowe>3999</w_tym_spolki_handlowe>
		<w_tym_spolki_cywilne>2276</w_tym_spolki_cywilne>
		<spóldzielnie>75</spóldzielnie>
		<fundacje>0</fundacje>
		<stowarzyszenia_i_organizacje_spoleczne>0</stowarzyszenia_i_organizacje_spoleczne>
		<osoby_fizyczne_prowadzace_dzialalnosc_gospodarcza>14316</osoby_fizyczne_prowadzace_dzialalnosc_gospodarcza>
	</dane_tablica_T9>
	<dane_tablica_T9>
		<PKD_Sekcja>C</PKD_Sekcja>
		<PKD_Dzial>24</PKD_Dzial>
		<PKD_opis>Produkcja metali</PKD_opis>
		<Ogolem>2351</Ogolem>
		<przedsiebiorstwa_panstwowe>0</przedsiebiorstwa_panstwowe>
		<spolki_razem>1176</spolki_razem>
		<w_tym_spolki_handlowe>994</w_tym_spolki_handlowe>
		<w_tym_spolki_cywilne>182</w_tym_spolki_cywilne>
		<spóldzielnie>10</spóldzielnie>
		<fundacje>0</fundacje>
		<stowarzyszenia_i_organizacje_spoleczne>0</stowarzyszenia_i_organizacje_spoleczne>
		<osoby_fizyczne_prowadzace_dzialalnosc_gospodarcza>1158</osoby_fizyczne_prowadzace_dzialalnosc_gospodarcza>
	</dane_tablica_T9>
	<dane_tablica_T9>
		<PKD_Sekcja>C</PKD_Sekcja>
		<PKD_Dzial>25</PKD_Dzial>
		<PKD_opis>Produkcja metalowych wyrobów gotowych, z wyłączeniem maszyn i urządzeń</PKD_opis>
		<Ogolem>64640</Ogolem>
		<przedsiebiorstwa_panstwowe>2</przedsiebiorstwa_panstwowe>
		<spolki_razem>13172</spolki_razem>
		<w_tym_spolki_handlowe>9001</w_tym_spolki_handlowe>
		<w_tym_spolki_cywilne>4171</w_tym_spolki_cywilne>
		<spóldzielnie>154</spóldzielnie>
		<fundacje>0</fundacje>
		<stowarzyszenia_i_organizacje_spoleczne>2</stowarzyszenia_i_organizacje_spoleczne>
		<osoby_fizyczne_prowadzace_dzialalnosc_gospodarcza>51258</osoby_fizyczne_prowadzace_dzialalnosc_gospodarcza>
	</dane_tablica_T9>
	<dane_tablica_T9>
		<PKD_Sekcja>C</PKD_Sekcja>
		<PKD_Dzial>26</PKD_Dzial>
		<PKD_opis>Produkcja komputerów, wyrobów elektronicznych i optycznych</PKD_opis>
		<Ogolem>6933</Ogolem>
		<przedsiebiorstwa_panstwowe>5</przedsiebiorstwa_panstwowe>
		<spolki_razem>2951</spolki_razem>
		<w_tym_spolki_handlowe>2278</w_tym_spolki_handlowe>
		<w_tym_spolki_cywilne>673</w_tym_spolki_cywilne>
		<spóldzielnie>18</spóldzielnie>
		<fundacje>0</fundacje>
		<stowarzyszenia_i_organizacje_spoleczne>1</stowarzyszenia_i_organizacje_spoleczne>
		<osoby_fizyczne_prowadzace_dzialalnosc_gospodarcza>3925</osoby_fizyczne_prowadzace_dzialalnosc_gospodarcza>
	</dane_tablica_T9>
	<dane_tablica_T9>
		<PKD_Sekcja>C</PKD_Sekcja>
		<PKD_Dzial>27</PKD_Dzial>
		<PKD_opis>Produkcja urządzeń elektrycznych</PKD_opis>
		<Ogolem>4386</Ogolem>
		<przedsiebiorstwa_panstwowe>1</przedsiebiorstwa_panstwowe>
		<spolki_razem>2069</spolki_razem>
		<w_tym_spolki_handlowe>1630</w_tym_spolki_handlowe>
		<w_tym_spolki_cywilne>439</w_tym_spolki_cywilne>
		<spóldzielnie>38</spóldzielnie>
		<fundacje>0</fundacje>
		<stowarzyszenia_i_organizacje_spoleczne>0</stowarzyszenia_i_organizacje_spoleczne>
		<osoby_fizyczne_prowadzace_dzialalnosc_gospodarcza>2257</osoby_fizyczne_prowadzace_dzialalnosc_gospodarcza>
	</dane_tablica_T9>
	<dane_tablica_T9>
		<PKD_Sekcja>C</PKD_Sekcja>
		<PKD_Dzial>28</PKD_Dzial>
		<PKD_opis>Produkcja maszyn i urządzeń, gdzie indziej niesklasyfikowana</PKD_opis>
		<Ogolem>9717</Ogolem>
		<przedsiebiorstwa_panstwowe>9</przedsiebiorstwa_panstwowe>
		<spolki_razem>4535</spolki_razem>
		<w_tym_spolki_handlowe>3632</w_tym_spolki_handlowe>
		<w_tym_spolki_cywilne>903</w_tym_spolki_cywilne>
		<spóldzielnie>34</spóldzielnie>
		<fundacje>0</fundacje>
		<stowarzyszenia_i_organizacje_spoleczne>1</stowarzyszenia_i_organizacje_spoleczne>
		<osoby_fizyczne_prowadzace_dzialalnosc_gospodarcza>5087</osoby_fizyczne_prowadzace_dzialalnosc_gospodarcza>
	</dane_tablica_T9>
	<dane_tablica_T9>
		<PKD_Sekcja>C</PKD_Sekcja>
		<PKD_Dzial>29</PKD_Dzial>
		<PKD_opis>Produkcja pojazdów samochodowych, przyczep i naczep, z wyłączeniem motocykli</PKD_opis>
		<Ogolem>2763</Ogolem>
		<przedsiebiorstwa_panstwowe>0</przedsiebiorstwa_panstwowe>
		<spolki_razem>1422</spolki_razem>
		<w_tym_spolki_handlowe>1129</w_tym_spolki_handlowe>
		<w_tym_spolki_cywilne>293</w_tym_spolki_cywilne>
		<spóldzielnie>25</spóldzielnie>
		<fundacje>0</fundacje>
		<stowarzyszenia_i_organizacje_spoleczne>0</stowarzyszenia_i_organizacje_spoleczne>
		<osoby_fizyczne_prowadzace_dzialalnosc_gospodarcza>1304</osoby_fizyczne_prowadzace_dzialalnosc_gospodarcza>
	</dane_tablica_T9>
	<dane_tablica_T9>
		<PKD_Sekcja>C</PKD_Sekcja>
		<PKD_Dzial>30</PKD_Dzial>
		<PKD_opis>Produkcja pozostałego sprzętu transportowego</PKD_opis>
		<Ogolem>3707</Ogolem>
		<przedsiebiorstwa_panstwowe>0</przedsiebiorstwa_panstwowe>
		<spolki_razem>1421</spolki_razem>
		<w_tym_spolki_handlowe>1157</w_tym_spolki_handlowe>
		<w_tym_spolki_cywilne>264</w_tym_spolki_cywilne>
		<spóldzielnie>13</spóldzielnie>
		<fundacje>0</fundacje>
		<stowarzyszenia_i_organizacje_spoleczne>0</stowarzyszenia_i_organizacje_spoleczne>
		<osoby_fizyczne_prowadzace_dzialalnosc_gospodarcza>2265</osoby_fizyczne_prowadzace_dzialalnosc_gospodarcza>
	</dane_tablica_T9>
	<dane_tablica_T9>
		<PKD_Sekcja>C</PKD_Sekcja>
		<PKD_Dzial>31</PKD_Dzial>
		<PKD_opis>Produkcja mebli</PKD_opis>
		<Ogolem>29567</Ogolem>
		<przedsiebiorstwa_panstwowe>1</przedsiebiorstwa_panstwowe>
		<spolki_razem>5129</spolki_razem>
		<w_tym_spolki_handlowe>2867</w_tym_spolki_handlowe>
		<w_tym_spolki_cywilne>2262</w_tym_spolki_cywilne>
		<spóldzielnie>101</spóldzielnie>
		<fundacje>0</fundacje>
		<stowarzyszenia_i_organizacje_spoleczne>0</stowarzyszenia_i_organizacje_spoleczne>
		<osoby_fizyczne_prowadzace_dzialalnosc_gospodarcza>24329</osoby_fizyczne_prowadzace_dzialalnosc_gospodarcza>
	</dane_tablica_T9>
	<dane_tablica_T9>
		<PKD_Sekcja>C</PKD_Sekcja>
		<PKD_Dzial>32</PKD_Dzial>
		<PKD_opis>Pozostała produkcja wyrobów</PKD_opis>
		<Ogolem>24196</Ogolem>
		<przedsiebiorstwa_panstwowe>2</przedsiebiorstwa_panstwowe>
		<spolki_razem>4489</spolki_razem>
		<w_tym_spolki_handlowe>2498</w_tym_spolki_handlowe>
		<w_tym_spolki_cywilne>1991</w_tym_spolki_cywilne>
		<spóldzielnie>75</spóldzielnie>
		<fundacje>0</fundacje>
		<stowarzyszenia_i_organizacje_spoleczne>0</stowarzyszenia_i_organizacje_spoleczne>
		<osoby_fizyczne_prowadzace_dzialalnosc_gospodarcza>19600</osoby_fizyczne_prowadzace_dzialalnosc_gospodarcza>
	</dane_tablica_T9>
	<dane_tablica_T9>
		<PKD_Sekcja>C</PKD_Sekcja>
		<PKD_Dzial>33</PKD_Dzial>
		<PKD_opis>Naprawa, konserwacja i instalowanie maszyn i urządzeń</PKD_opis>
		<Ogolem>46611</Ogolem>
		<przedsiebiorstwa_panstwowe>7</przedsiebiorstwa_panstwowe>
		<spolki_razem>7341</spolki_razem>
		<w_tym_spolki_handlowe>4899</w_tym_spolki_handlowe>
		<w_tym_spolki_cywilne>2438</w_tym_spolki_cywilne>
		<spóldzielnie>50</spóldzielnie>
		<fundacje>1</fundacje>
		<stowarzyszenia_i_organizacje_spoleczne>1</stowarzyszenia_i_organizacje_spoleczne>
		<osoby_fizyczne_prowadzace_dzialalnosc_gospodarcza>39145</osoby_fizyczne_prowadzace_dzialalnosc_gospodarcza>
	</dane_tablica_T9>
	<dane_tablica_T9>
		<PKD_Sekcja>D</PKD_Sekcja>
		<PKD_Dzial>35</PKD_Dzial>
		<PKD_opis>Wytwarzanie i zaopatrywanie w energię elektryczną, gaz, parę wodną, gorącą wodę i powietrze do układów klimatyzacyjnych</PKD_opis>
		<Ogolem>9486</Ogolem>
		<przedsiebiorstwa_panstwowe>0</przedsiebiorstwa_panstwowe>
		<spolki_razem>7581</spolki_razem>
		<w_tym_spolki_handlowe>7208</w_tym_spolki_handlowe>
		<w_tym_spolki_cywilne>373</w_tym_spolki_cywilne>
		<spóldzielnie>31</spóldzielnie>
		<fundacje>0</fundacje>
		<stowarzyszenia_i_organizacje_spoleczne>0</stowarzyszenia_i_organizacje_spoleczne>
		<osoby_fizyczne_prowadzace_dzialalnosc_gospodarcza>1847</osoby_fizyczne_prowadzace_dzialalnosc_gospodarcza>
	</dane_tablica_T9>
	<dane_tablica_T9>
		<PKD_Sekcja>E</PKD_Sekcja>
		<PKD_Dzial>36</PKD_Dzial>
		<PKD_opis>Pobór, uzdatnianie i dostarczanie wody</PKD_opis>
		<Ogolem>1862</Ogolem>
		<przedsiebiorstwa_panstwowe>3</przedsiebiorstwa_panstwowe>
		<spolki_razem>1094</spolki_razem>
		<w_tym_spolki_handlowe>752</w_tym_spolki_handlowe>
		<w_tym_spolki_cywilne>34</w_tym_spolki_cywilne>
		<spóldzielnie>6</spóldzielnie>
		<fundacje>0</fundacje>
		<stowarzyszenia_i_organizacje_spoleczne>0</stowarzyszenia_i_organizacje_spoleczne>
		<osoby_fizyczne_prowadzace_dzialalnosc_gospodarcza>230</osoby_fizyczne_prowadzace_dzialalnosc_gospodarcza>
	</dane_tablica_T9>
	<dane_tablica_T9>
		<PKD_Sekcja>E</PKD_Sekcja>
		<PKD_Dzial>37</PKD_Dzial>
		<PKD_opis>Odprowadzanie i oczyszczanie ścieków</PKD_opis>
		<Ogolem>2727</Ogolem>
		<przedsiebiorstwa_panstwowe>0</przedsiebiorstwa_panstwowe>
		<spolki_razem>537</spolki_razem>
		<w_tym_spolki_handlowe>328</w_tym_spolki_handlowe>
		<w_tym_spolki_cywilne>121</w_tym_spolki_cywilne>
		<spóldzielnie>4</spóldzielnie>
		<fundacje>0</fundacje>
		<stowarzyszenia_i_organizacje_spoleczne>0</stowarzyszenia_i_organizacje_spoleczne>
		<osoby_fizyczne_prowadzace_dzialalnosc_gospodarcza>2075</osoby_fizyczne_prowadzace_dzialalnosc_gospodarcza>
	</dane_tablica_T9>
	<dane_tablica_T9>
		<PKD_Sekcja>E</PKD_Sekcja>
		<PKD_Dzial>38</PKD_Dzial>
		<PKD_opis>Działalność związana ze zbieraniem, przetwarzaniem i unieszkodliwianiem odpadów; odzysk surowców</PKD_opis>
		<Ogolem>9219</Ogolem>
		<przedsiebiorstwa_panstwowe>1</przedsiebiorstwa_panstwowe>
		<spolki_razem>4247</spolki_razem>
		<w_tym_spolki_handlowe>3554</w_tym_spolki_handlowe>
		<w_tym_spolki_cywilne>680</w_tym_spolki_cywilne>
		<spóldzielnie>36</spóldzielnie>
		<fundacje>1</fundacje>
		<stowarzyszenia_i_organizacje_spoleczne>1</stowarzyszenia_i_organizacje_spoleczne>
		<osoby_fizyczne_prowadzace_dzialalnosc_gospodarcza>4832</osoby_fizyczne_prowadzace_dzialalnosc_gospodarcza>
	</dane_tablica_T9>
	<dane_tablica_T9>
		<PKD_Sekcja>E</PKD_Sekcja>
		<PKD_Dzial>39</PKD_Dzial>
		<PKD_opis>Działalność związana z rekultywacją i pozostała działalność usługowa związana z gospodarką odpadami</PKD_opis>
		<Ogolem>700</Ogolem>
		<przedsiebiorstwa_panstwowe>0</przedsiebiorstwa_panstwowe>
		<spolki_razem>459</spolki_razem>
		<w_tym_spolki_handlowe>430</w_tym_spolki_handlowe>
		<w_tym_spolki_cywilne>28</w_tym_spolki_cywilne>
		<spóldzielnie>2</spóldzielnie>
		<fundacje>0</fundacje>
		<stowarzyszenia_i_organizacje_spoleczne>0</stowarzyszenia_i_organizacje_spoleczne>
		<osoby_fizyczne_prowadzace_dzialalnosc_gospodarcza>235</osoby_fizyczne_prowadzace_dzialalnosc_gospodarcza>
	</dane_tablica_T9>
	<dane_tablica_T9>
		<PKD_Sekcja>F</PKD_Sekcja>
		<PKD_Dzial>41</PKD_Dzial>
		<PKD_opis>Roboty budowlane związane ze wznoszeniem budynków</PKD_opis>
		<Ogolem>156575</Ogolem>
		<przedsiebiorstwa_panstwowe>20</przedsiebiorstwa_panstwowe>
		<spolki_razem>46575</spolki_razem>
		<w_tym_spolki_handlowe>37618</w_tym_spolki_handlowe>
		<w_tym_spolki_cywilne>8955</w_tym_spolki_cywilne>
		<spóldzielnie>1859</spóldzielnie>
		<fundacje>2</fundacje>
		<stowarzyszenia_i_organizacje_spoleczne>1</stowarzyszenia_i_organizacje_spoleczne>
		<osoby_fizyczne_prowadzace_dzialalnosc_gospodarcza>107946</osoby_fizyczne_prowadzace_dzialalnosc_gospodarcza>
	</dane_tablica_T9>
	<dane_tablica_T9>
		<PKD_Sekcja>F</PKD_Sekcja>
		<PKD_Dzial>42</PKD_Dzial>
		<PKD_opis>Roboty związane z budową obiektów inżynierii lądowej i wodnej</PKD_opis>
		<Ogolem>35584</Ogolem>
		<przedsiebiorstwa_panstwowe>4</przedsiebiorstwa_panstwowe>
		<spolki_razem>10754</spolki_razem>
		<w_tym_spolki_handlowe>7176</w_tym_spolki_handlowe>
		<w_tym_spolki_cywilne>3238</w_tym_spolki_cywilne>
		<spóldzielnie>157</spóldzielnie>
		<fundacje>0</fundacje>
		<stowarzyszenia_i_organizacje_spoleczne>3</stowarzyszenia_i_organizacje_spoleczne>
		<osoby_fizyczne_prowadzace_dzialalnosc_gospodarcza>24453</osoby_fizyczne_prowadzace_dzialalnosc_gospodarcza>
	</dane_tablica_T9>
	<dane_tablica_T9>
		<PKD_Sekcja>F</PKD_Sekcja>
		<PKD_Dzial>43</PKD_Dzial>
		<PKD_opis>Roboty budowlane specjalistyczne</PKD_opis>
		<Ogolem>320229</Ogolem>
		<przedsiebiorstwa_panstwowe>2</przedsiebiorstwa_panstwowe>
		<spolki_razem>28061</spolki_razem>
		<w_tym_spolki_handlowe>14549</w_tym_spolki_handlowe>
		<w_tym_spolki_cywilne>13468</w_tym_spolki_cywilne>
		<spóldzielnie>233</spóldzielnie>
		<fundacje>1</fundacje>
		<stowarzyszenia_i_organizacje_spoleczne>2</stowarzyszenia_i_organizacje_spoleczne>
		<osoby_fizyczne_prowadzace_dzialalnosc_gospodarcza>291852</osoby_fizyczne_prowadzace_dzialalnosc_gospodarcza>
	</dane_tablica_T9>
	<dane_tablica_T9>
		<PKD_Sekcja>G</PKD_Sekcja>
		<PKD_Dzial>45</PKD_Dzial>
		<PKD_opis>Handel hurtowy i detaliczny pojazdami samochodowymi; naprawa pojazdów samochodowych</PKD_opis>
		<Ogolem>157993</Ogolem>
		<przedsiebiorstwa_panstwowe>3</przedsiebiorstwa_panstwowe>
		<spolki_razem>24647</spolki_razem>
		<w_tym_spolki_handlowe>11787</w_tym_spolki_handlowe>
		<w_tym_spolki_cywilne>12860</w_tym_spolki_cywilne>
		<spóldzielnie>56</spóldzielnie>
		<fundacje>0</fundacje>
		<stowarzyszenia_i_organizacje_spoleczne>3</stowarzyszenia_i_organizacje_spoleczne>
		<osoby_fizyczne_prowadzace_dzialalnosc_gospodarcza>133221</osoby_fizyczne_prowadzace_dzialalnosc_gospodarcza>
	</dane_tablica_T9>
	<dane_tablica_T9>
		<PKD_Sekcja>G</PKD_Sekcja>
		<PKD_Dzial>46</PKD_Dzial>
		<PKD_opis>Handel hurtowy, z wyłączeniem handlu pojazdami samochodowymi</PKD_opis>
		<Ogolem>296175</Ogolem>
		<przedsiebiorstwa_panstwowe>5</przedsiebiorstwa_panstwowe>
		<spolki_razem>133750</spolki_razem>
		<w_tym_spolki_handlowe>94252</w_tym_spolki_handlowe>
		<w_tym_spolki_cywilne>39496</w_tym_spolki_cywilne>
		<spóldzielnie>1271</spóldzielnie>
		<fundacje>1</fundacje>
		<stowarzyszenia_i_organizacje_spoleczne>7</stowarzyszenia_i_organizacje_spoleczne>
		<osoby_fizyczne_prowadzace_dzialalnosc_gospodarcza>160152</osoby_fizyczne_prowadzace_dzialalnosc_gospodarcza>
	</dane_tablica_T9>
	<dane_tablica_T9>
		<PKD_Sekcja>G</PKD_Sekcja>
		<PKD_Dzial>47</PKD_Dzial>
		<PKD_opis>Handel detaliczny, z wyłączeniem handlu detalicznego pojazdami samochodowymi</PKD_opis>
		<Ogolem>577628</Ogolem>
		<przedsiebiorstwa_panstwowe>4</przedsiebiorstwa_panstwowe>
		<spolki_razem>104519</spolki_razem>
		<w_tym_spolki_handlowe>38259</w_tym_spolki_handlowe>
		<w_tym_spolki_cywilne>66260</w_tym_spolki_cywilne>
		<spóldzielnie>1706</spóldzielnie>
		<fundacje>13</fundacje>
		<stowarzyszenia_i_organizacje_spoleczne>3</stowarzyszenia_i_organizacje_spoleczne>
		<osoby_fizyczne_prowadzace_dzialalnosc_gospodarcza>471265</osoby_fizyczne_prowadzace_dzialalnosc_gospodarcza>
	</dane_tablica_T9>
	<dane_tablica_T9>
		<PKD_Sekcja>H</PKD_Sekcja>
		<PKD_Dzial>49</PKD_Dzial>
		<PKD_opis>Transport lądowy oraz transport rurociągowy</PKD_opis>
		<Ogolem>233705</Ogolem>
		<przedsiebiorstwa_panstwowe>2</przedsiebiorstwa_panstwowe>
		<spolki_razem>25551</spolki_razem>
		<w_tym_spolki_handlowe>15873</w_tym_spolki_handlowe>
		<w_tym_spolki_cywilne>9678</w_tym_spolki_cywilne>
		<spóldzielnie>125</spóldzielnie>
		<fundacje>0</fundacje>
		<stowarzyszenia_i_organizacje_spoleczne>7</stowarzyszenia_i_organizacje_spoleczne>
		<osoby_fizyczne_prowadzace_dzialalnosc_gospodarcza>207919</osoby_fizyczne_prowadzace_dzialalnosc_gospodarcza>
	</dane_tablica_T9>
	<dane_tablica_T9>
		<PKD_Sekcja>H</PKD_Sekcja>
		<PKD_Dzial>50</PKD_Dzial>
		<PKD_opis>Transport wodny</PKD_opis>
		<Ogolem>1432</Ogolem>
		<przedsiebiorstwa_panstwowe>1</przedsiebiorstwa_panstwowe>
		<spolki_razem>356</spolki_razem>
		<w_tym_spolki_handlowe>234</w_tym_spolki_handlowe>
		<w_tym_spolki_cywilne>122</w_tym_spolki_cywilne>
		<spóldzielnie>2</spóldzielnie>
		<fundacje>0</fundacje>
		<stowarzyszenia_i_organizacje_spoleczne>0</stowarzyszenia_i_organizacje_spoleczne>
		<osoby_fizyczne_prowadzace_dzialalnosc_gospodarcza>1061</osoby_fizyczne_prowadzace_dzialalnosc_gospodarcza>
	</dane_tablica_T9>
	<dane_tablica_T9>
		<PKD_Sekcja>H</PKD_Sekcja>
		<PKD_Dzial>51</PKD_Dzial>
		<PKD_opis>Transport lotniczy</PKD_opis>
		<Ogolem>785</Ogolem>
		<przedsiebiorstwa_panstwowe>0</przedsiebiorstwa_panstwowe>
		<spolki_razem>182</spolki_razem>
		<w_tym_spolki_handlowe>177</w_tym_spolki_handlowe>
		<w_tym_spolki_cywilne>5</w_tym_spolki_cywilne>
		<spóldzielnie>1</spóldzielnie>
		<fundacje>1</fundacje>
		<stowarzyszenia_i_organizacje_spoleczne>0</stowarzyszenia_i_organizacje_spoleczne>
		<osoby_fizyczne_prowadzace_dzialalnosc_gospodarcza>544</osoby_fizyczne_prowadzace_dzialalnosc_gospodarcza>
	</dane_tablica_T9>
	<dane_tablica_T9>
		<PKD_Sekcja>H</PKD_Sekcja>
		<PKD_Dzial>52</PKD_Dzial>
		<PKD_opis>Magazynowanie i działalność usługowa wspomagająca transport</PKD_opis>
		<Ogolem>22178</Ogolem>
		<przedsiebiorstwa_panstwowe>3</przedsiebiorstwa_panstwowe>
		<spolki_razem>6720</spolki_razem>
		<w_tym_spolki_handlowe>5051</w_tym_spolki_handlowe>
		<w_tym_spolki_cywilne>1669</w_tym_spolki_cywilne>
		<spóldzielnie>12</spóldzielnie>
		<fundacje>0</fundacje>
		<stowarzyszenia_i_organizacje_spoleczne>3</stowarzyszenia_i_organizacje_spoleczne>
		<osoby_fizyczne_prowadzace_dzialalnosc_gospodarcza>15199</osoby_fizyczne_prowadzace_dzialalnosc_gospodarcza>
	</dane_tablica_T9>
	<dane_tablica_T9>
		<PKD_Sekcja>H</PKD_Sekcja>
		<PKD_Dzial>53</PKD_Dzial>
		<PKD_opis>Działalność pocztowa i kurierska</PKD_opis>
		<Ogolem>5670</Ogolem>
		<przedsiebiorstwa_panstwowe>0</przedsiebiorstwa_panstwowe>
		<spolki_razem>528</spolki_razem>
		<w_tym_spolki_handlowe>411</w_tym_spolki_handlowe>
		<w_tym_spolki_cywilne>117</w_tym_spolki_cywilne>
		<spóldzielnie>3</spóldzielnie>
		<fundacje>0</fundacje>
		<stowarzyszenia_i_organizacje_spoleczne>0</stowarzyszenia_i_organizacje_spoleczne>
		<osoby_fizyczne_prowadzace_dzialalnosc_gospodarcza>5136</osoby_fizyczne_prowadzace_dzialalnosc_gospodarcza>
	</dane_tablica_T9>
	<dane_tablica_T9>
		<PKD_Sekcja>I</PKD_Sekcja>
		<PKD_Dzial>55</PKD_Dzial>
		<PKD_opis>Zakwaterowanie</PKD_opis>
		<Ogolem>36704</Ogolem>
		<przedsiebiorstwa_panstwowe>0</przedsiebiorstwa_panstwowe>
		<spolki_razem>7102</spolki_razem>
		<w_tym_spolki_handlowe>5218</w_tym_spolki_handlowe>
		<w_tym_spolki_cywilne>1884</w_tym_spolki_cywilne>
		<spóldzielnie>45</spóldzielnie>
		<fundacje>4</fundacje>
		<stowarzyszenia_i_organizacje_spoleczne>1</stowarzyszenia_i_organizacje_spoleczne>
		<osoby_fizyczne_prowadzace_dzialalnosc_gospodarcza>28584</osoby_fizyczne_prowadzace_dzialalnosc_gospodarcza>
	</dane_tablica_T9>
	<dane_tablica_T9>
		<PKD_Sekcja>I</PKD_Sekcja>
		<PKD_Dzial>56</PKD_Dzial>
		<PKD_opis>Działalność usługowa związana z wyżywieniem</PKD_opis>
		<Ogolem>96680</Ogolem>
		<przedsiebiorstwa_panstwowe>0</przedsiebiorstwa_panstwowe>
		<spolki_razem>27377</spolki_razem>
		<w_tym_spolki_handlowe>10382</w_tym_spolki_handlowe>
		<w_tym_spolki_cywilne>16995</w_tym_spolki_cywilne>
		<spóldzielnie>255</spóldzielnie>
		<fundacje>1</fundacje>
		<stowarzyszenia_i_organizacje_spoleczne>1</stowarzyszenia_i_organizacje_spoleczne>
		<osoby_fizyczne_prowadzace_dzialalnosc_gospodarcza>69015</osoby_fizyczne_prowadzace_dzialalnosc_gospodarcza>
	</dane_tablica_T9>
	<dane_tablica_T9>
		<PKD_Sekcja>J</PKD_Sekcja>
		<PKD_Dzial>58</PKD_Dzial>
		<PKD_opis>Działalność wydawnicza</PKD_opis>
		<Ogolem>14393</Ogolem>
		<przedsiebiorstwa_panstwowe>1</przedsiebiorstwa_panstwowe>
		<spolki_razem>6620</spolki_razem>
		<w_tym_spolki_handlowe>4721</w_tym_spolki_handlowe>
		<w_tym_spolki_cywilne>1899</w_tym_spolki_cywilne>
		<spóldzielnie>93</spóldzielnie>
		<fundacje>10</fundacje>
		<stowarzyszenia_i_organizacje_spoleczne>20</stowarzyszenia_i_organizacje_spoleczne>
		<osoby_fizyczne_prowadzace_dzialalnosc_gospodarcza>7601</osoby_fizyczne_prowadzace_dzialalnosc_gospodarcza>
	</dane_tablica_T9>
	<dane_tablica_T9>
		<PKD_Sekcja>J</PKD_Sekcja>
		<PKD_Dzial>59</PKD_Dzial>
		<PKD_opis>Działalność związana z produkcją filmów, nagrań wideo, programów telewizyjnych, nagrań dźwiękowych i muzycznych</PKD_opis>
		<Ogolem>14076</Ogolem>
		<przedsiebiorstwa_panstwowe>1</przedsiebiorstwa_panstwowe>
		<spolki_razem>3011</spolki_razem>
		<w_tym_spolki_handlowe>2381</w_tym_spolki_handlowe>
		<w_tym_spolki_cywilne>630</w_tym_spolki_cywilne>
		<spóldzielnie>13</spóldzielnie>
		<fundacje>3</fundacje>
		<stowarzyszenia_i_organizacje_spoleczne>1</stowarzyszenia_i_organizacje_spoleczne>
		<osoby_fizyczne_prowadzace_dzialalnosc_gospodarcza>11012</osoby_fizyczne_prowadzace_dzialalnosc_gospodarcza>
	</dane_tablica_T9>
	<dane_tablica_T9>
		<PKD_Sekcja>J</PKD_Sekcja>
		<PKD_Dzial>60</PKD_Dzial>
		<PKD_opis>Nadawanie programów ogólnodostępnych i abonamentowych</PKD_opis>
		<Ogolem>874</Ogolem>
		<przedsiebiorstwa_panstwowe>0</przedsiebiorstwa_panstwowe>
		<spolki_razem>586</spolki_razem>
		<w_tym_spolki_handlowe>481</w_tym_spolki_handlowe>
		<w_tym_spolki_cywilne>105</w_tym_spolki_cywilne>
		<spóldzielnie>1</spóldzielnie>
		<fundacje>1</fundacje>
		<stowarzyszenia_i_organizacje_spoleczne>3</stowarzyszenia_i_organizacje_spoleczne>
		<osoby_fizyczne_prowadzace_dzialalnosc_gospodarcza>274</osoby_fizyczne_prowadzace_dzialalnosc_gospodarcza>
	</dane_tablica_T9>
	<dane_tablica_T9>
		<PKD_Sekcja>J</PKD_Sekcja>
		<PKD_Dzial>61</PKD_Dzial>
		<PKD_opis>Telekomunikacja</PKD_opis>
		<Ogolem>9802</Ogolem>
		<przedsiebiorstwa_panstwowe>0</przedsiebiorstwa_panstwowe>
		<spolki_razem>3148</spolki_razem>
		<w_tym_spolki_handlowe>2468</w_tym_spolki_handlowe>
		<w_tym_spolki_cywilne>680</w_tym_spolki_cywilne>
		<spóldzielnie>5</spóldzielnie>
		<fundacje>0</fundacje>
		<stowarzyszenia_i_organizacje_spoleczne>2</stowarzyszenia_i_organizacje_spoleczne>
		<osoby_fizyczne_prowadzace_dzialalnosc_gospodarcza>6630</osoby_fizyczne_prowadzace_dzialalnosc_gospodarcza>
	</dane_tablica_T9>
	<dane_tablica_T9>
		<PKD_Sekcja>J</PKD_Sekcja>
		<PKD_Dzial>62</PKD_Dzial>
		<PKD_opis>Działalność związana z oprogramowaniem i doradztwem w zakresie informatyki oraz dzialalność powiązana</PKD_opis>
		<Ogolem>93728</Ogolem>
		<przedsiebiorstwa_panstwowe>0</przedsiebiorstwa_panstwowe>
		<spolki_razem>20943</spolki_razem>
		<w_tym_spolki_handlowe>17739</w_tym_spolki_handlowe>
		<w_tym_spolki_cywilne>3204</w_tym_spolki_cywilne>
		<spóldzielnie>25</spóldzielnie>
		<fundacje>5</fundacje>
		<stowarzyszenia_i_organizacje_spoleczne>2</stowarzyszenia_i_organizacje_spoleczne>
		<osoby_fizyczne_prowadzace_dzialalnosc_gospodarcza>72604</osoby_fizyczne_prowadzace_dzialalnosc_gospodarcza>
	</dane_tablica_T9>
	<dane_tablica_T9>
		<PKD_Sekcja>J</PKD_Sekcja>
		<PKD_Dzial>63</PKD_Dzial>
		<PKD_opis>Działalność usługowa w zakresie informacji</PKD_opis>
		<Ogolem>19441</Ogolem>
		<przedsiebiorstwa_panstwowe>0</przedsiebiorstwa_panstwowe>
		<spolki_razem>8973</spolki_razem>
		<w_tym_spolki_handlowe>7810</w_tym_spolki_handlowe>
		<w_tym_spolki_cywilne>1163</w_tym_spolki_cywilne>
		<spóldzielnie>19</spóldzielnie>
		<fundacje>6</fundacje>
		<stowarzyszenia_i_organizacje_spoleczne>3</stowarzyszenia_i_organizacje_spoleczne>
		<osoby_fizyczne_prowadzace_dzialalnosc_gospodarcza>10392</osoby_fizyczne_prowadzace_dzialalnosc_gospodarcza>
	</dane_tablica_T9>
	<dane_tablica_T9>
		<PKD_Sekcja>K</PKD_Sekcja>
		<PKD_Dzial>64</PKD_Dzial>
		<PKD_opis>Finansowa działalność usługowa, z wyłączeniem ubezpieczeń i funduszów emerytalnych</PKD_opis>
		<Ogolem>27133</Ogolem>
		<przedsiebiorstwa_panstwowe>0</przedsiebiorstwa_panstwowe>
		<spolki_razem>11582</spolki_razem>
		<w_tym_spolki_handlowe>10357</w_tym_spolki_handlowe>
		<w_tym_spolki_cywilne>1225</w_tym_spolki_cywilne>
		<spóldzielnie>691</spóldzielnie>
		<fundacje>3</fundacje>
		<stowarzyszenia_i_organizacje_spoleczne>1183</stowarzyszenia_i_organizacje_spoleczne>
		<osoby_fizyczne_prowadzace_dzialalnosc_gospodarcza>12492</osoby_fizyczne_prowadzace_dzialalnosc_gospodarcza>
	</dane_tablica_T9>
	<dane_tablica_T9>
		<PKD_Sekcja>K</PKD_Sekcja>
		<PKD_Dzial>65</PKD_Dzial>
		<PKD_opis>Ubezpieczenia, reasekuracja oraz fundusze emerytalne, z wyłączeniem obowiązkowego ubezpieczenia społecznego</PKD_opis>
		<Ogolem>1301</Ogolem>
		<przedsiebiorstwa_panstwowe>0</przedsiebiorstwa_panstwowe>
		<spolki_razem>175</spolki_razem>
		<w_tym_spolki_handlowe>145</w_tym_spolki_handlowe>
		<w_tym_spolki_cywilne>30</w_tym_spolki_cywilne>
		<spóldzielnie>0</spóldzielnie>
		<fundacje>0</fundacje>
		<stowarzyszenia_i_organizacje_spoleczne>0</stowarzyszenia_i_organizacje_spoleczne>
		<osoby_fizyczne_prowadzace_dzialalnosc_gospodarcza>1056</osoby_fizyczne_prowadzace_dzialalnosc_gospodarcza>
	</dane_tablica_T9>
	<dane_tablica_T9>
		<PKD_Sekcja>K</PKD_Sekcja>
		<PKD_Dzial>66</PKD_Dzial>
		<PKD_opis>Działalność wspomagająca usługi finansowe oraz ubezpieczenia i fundusze emerytalne</PKD_opis>
		<Ogolem>94896</Ogolem>
		<przedsiebiorstwa_panstwowe>0</przedsiebiorstwa_panstwowe>
		<spolki_razem>9317</spolki_razem>
		<w_tym_spolki_handlowe>6742</w_tym_spolki_handlowe>
		<w_tym_spolki_cywilne>2575</w_tym_spolki_cywilne>
		<spóldzielnie>14</spóldzielnie>
		<fundacje>1</fundacje>
		<stowarzyszenia_i_organizacje_spoleczne>1</stowarzyszenia_i_organizacje_spoleczne>
		<osoby_fizyczne_prowadzace_dzialalnosc_gospodarcza>85482</osoby_fizyczne_prowadzace_dzialalnosc_gospodarcza>
	</dane_tablica_T9>
	<dane_tablica_T9>
		<PKD_Sekcja>L</PKD_Sekcja>
		<PKD_Dzial>68</PKD_Dzial>
		<PKD_opis>Działalność związana z obsługą rynku nieruchomości</PKD_opis>
		<Ogolem>247351</Ogolem>
		<przedsiebiorstwa_panstwowe>12</przedsiebiorstwa_panstwowe>
		<spolki_razem>35388</spolki_razem>
		<w_tym_spolki_handlowe>29231</w_tym_spolki_handlowe>
		<w_tym_spolki_cywilne>5725</w_tym_spolki_cywilne>
		<spóldzielnie>5363</spóldzielnie>
		<fundacje>2</fundacje>
		<stowarzyszenia_i_organizacje_spoleczne>16</stowarzyszenia_i_organizacje_spoleczne>
		<osoby_fizyczne_prowadzace_dzialalnosc_gospodarcza>40177</osoby_fizyczne_prowadzace_dzialalnosc_gospodarcza>
	</dane_tablica_T9>
	<dane_tablica_T9>
		<PKD_Sekcja>M</PKD_Sekcja>
		<PKD_Dzial>69</PKD_Dzial>
		<PKD_opis>Działalność prawnicza, rachunkowo-księgowa i doradztwo podatkowe</PKD_opis>
		<Ogolem>112501</Ogolem>
		<przedsiebiorstwa_panstwowe>0</przedsiebiorstwa_panstwowe>
		<spolki_razem>20982</spolki_razem>
		<w_tym_spolki_handlowe>13348</w_tym_spolki_handlowe>
		<w_tym_spolki_cywilne>7634</w_tym_spolki_cywilne>
		<spóldzielnie>120</spóldzielnie>
		<fundacje>2</fundacje>
		<stowarzyszenia_i_organizacje_spoleczne>5</stowarzyszenia_i_organizacje_spoleczne>
		<osoby_fizyczne_prowadzace_dzialalnosc_gospodarcza>90274</osoby_fizyczne_prowadzace_dzialalnosc_gospodarcza>
	</dane_tablica_T9>
	<dane_tablica_T9>
		<PKD_Sekcja>M</PKD_Sekcja>
		<PKD_Dzial>70</PKD_Dzial>
		<PKD_opis>Działalność firm centralnych (head offices); doradztwo związane z zarządzaniem</PKD_opis>
		<Ogolem>78548</Ogolem>
		<przedsiebiorstwa_panstwowe>3</przedsiebiorstwa_panstwowe>
		<spolki_razem>28269</spolki_razem>
		<w_tym_spolki_handlowe>26235</w_tym_spolki_handlowe>
		<w_tym_spolki_cywilne>2030</w_tym_spolki_cywilne>
		<spóldzielnie>52</spóldzielnie>
		<fundacje>7</fundacje>
		<stowarzyszenia_i_organizacje_spoleczne>8</stowarzyszenia_i_organizacje_spoleczne>
		<osoby_fizyczne_prowadzace_dzialalnosc_gospodarcza>49850</osoby_fizyczne_prowadzace_dzialalnosc_gospodarcza>
	</dane_tablica_T9>
	<dane_tablica_T9>
		<PKD_Sekcja>M</PKD_Sekcja>
		<PKD_Dzial>71</PKD_Dzial>
		<PKD_opis>Działalność w zakresie architektury i inżynierii; badania i analizy techniczne</PKD_opis>
		<Ogolem>94179</Ogolem>
		<przedsiebiorstwa_panstwowe>13</przedsiebiorstwa_panstwowe>
		<spolki_razem>16323</spolki_razem>
		<w_tym_spolki_handlowe>10759</w_tym_spolki_handlowe>
		<w_tym_spolki_cywilne>5563</w_tym_spolki_cywilne>
		<spóldzielnie>181</spóldzielnie>
		<fundacje>0</fundacje>
		<stowarzyszenia_i_organizacje_spoleczne>7</stowarzyszenia_i_organizacje_spoleczne>
		<osoby_fizyczne_prowadzace_dzialalnosc_gospodarcza>77398</osoby_fizyczne_prowadzace_dzialalnosc_gospodarcza>
	</dane_tablica_T9>
	<dane_tablica_T9>
		<PKD_Sekcja>M</PKD_Sekcja>
		<PKD_Dzial>72</PKD_Dzial>
		<PKD_opis>Badania naukowe i prace rozwojowe</PKD_opis>
		<Ogolem>4900</Ogolem>
		<przedsiebiorstwa_panstwowe>0</przedsiebiorstwa_panstwowe>
		<spolki_razem>2431</spolki_razem>
		<w_tym_spolki_handlowe>2301</w_tym_spolki_handlowe>
		<w_tym_spolki_cywilne>130</w_tym_spolki_cywilne>
		<spóldzielnie>8</spóldzielnie>
		<fundacje>18</fundacje>
		<stowarzyszenia_i_organizacje_spoleczne>13</stowarzyszenia_i_organizacje_spoleczne>
		<osoby_fizyczne_prowadzace_dzialalnosc_gospodarcza>2208</osoby_fizyczne_prowadzace_dzialalnosc_gospodarcza>
	</dane_tablica_T9>
	<dane_tablica_T9>
		<PKD_Sekcja>M</PKD_Sekcja>
		<PKD_Dzial>73</PKD_Dzial>
		<PKD_opis>Reklama, badanie rynku i opinii publicznej</PKD_opis>
		<Ogolem>52845</Ogolem>
		<przedsiebiorstwa_panstwowe>1</przedsiebiorstwa_panstwowe>
		<spolki_razem>13331</spolki_razem>
		<w_tym_spolki_handlowe>8885</w_tym_spolki_handlowe>
		<w_tym_spolki_cywilne>4446</w_tym_spolki_cywilne>
		<spóldzielnie>54</spóldzielnie>
		<fundacje>4</fundacje>
		<stowarzyszenia_i_organizacje_spoleczne>5</stowarzyszenia_i_organizacje_spoleczne>
		<osoby_fizyczne_prowadzace_dzialalnosc_gospodarcza>38620</osoby_fizyczne_prowadzace_dzialalnosc_gospodarcza>
	</dane_tablica_T9>
	<dane_tablica_T9>
		<PKD_Sekcja>M</PKD_Sekcja>
		<PKD_Dzial>74</PKD_Dzial>
		<PKD_opis>Pozostała działalność profesjonalna, naukowa i techniczna</PKD_opis>
		<Ogolem>81835</Ogolem>
		<przedsiebiorstwa_panstwowe>0</przedsiebiorstwa_panstwowe>
		<spolki_razem>9517</spolki_razem>
		<w_tym_spolki_handlowe>5314</w_tym_spolki_handlowe>
		<w_tym_spolki_cywilne>4203</w_tym_spolki_cywilne>
		<spóldzielnie>54</spóldzielnie>
		<fundacje>5</fundacje>
		<stowarzyszenia_i_organizacje_spoleczne>7</stowarzyszenia_i_organizacje_spoleczne>
		<osoby_fizyczne_prowadzace_dzialalnosc_gospodarcza>72027</osoby_fizyczne_prowadzace_dzialalnosc_gospodarcza>
	</dane_tablica_T9>
	<dane_tablica_T9>
		<PKD_Sekcja>M</PKD_Sekcja>
		<PKD_Dzial>75</PKD_Dzial>
		<PKD_opis>Działalność weterynaryjna</PKD_opis>
		<Ogolem>10399</Ogolem>
		<przedsiebiorstwa_panstwowe>0</przedsiebiorstwa_panstwowe>
		<spolki_razem>1497</spolki_razem>
		<w_tym_spolki_handlowe>192</w_tym_spolki_handlowe>
		<w_tym_spolki_cywilne>1305</w_tym_spolki_cywilne>
		<spóldzielnie>1</spóldzielnie>
		<fundacje>1</fundacje>
		<stowarzyszenia_i_organizacje_spoleczne>0</stowarzyszenia_i_organizacje_spoleczne>
		<osoby_fizyczne_prowadzace_dzialalnosc_gospodarcza>8891</osoby_fizyczne_prowadzace_dzialalnosc_gospodarcza>
	</dane_tablica_T9>
	<dane_tablica_T9>
		<PKD_Sekcja>N</PKD_Sekcja>
		<PKD_Dzial>77</PKD_Dzial>
		<PKD_opis>Wynajem i dzierżawa</PKD_opis>
		<Ogolem>18670</Ogolem>
		<przedsiebiorstwa_panstwowe>0</przedsiebiorstwa_panstwowe>
		<spolki_razem>5823</spolki_razem>
		<w_tym_spolki_handlowe>4312</w_tym_spolki_handlowe>
		<w_tym_spolki_cywilne>1510</w_tym_spolki_cywilne>
		<spóldzielnie>31</spóldzielnie>
		<fundacje>1</fundacje>
		<stowarzyszenia_i_organizacje_spoleczne>2</stowarzyszenia_i_organizacje_spoleczne>
		<osoby_fizyczne_prowadzace_dzialalnosc_gospodarcza>12759</osoby_fizyczne_prowadzace_dzialalnosc_gospodarcza>
	</dane_tablica_T9>
	<dane_tablica_T9>
		<PKD_Sekcja>N</PKD_Sekcja>
		<PKD_Dzial>78</PKD_Dzial>
		<PKD_opis>Działalność związana z zatrudnieniem</PKD_opis>
		<Ogolem>9731</Ogolem>
		<przedsiebiorstwa_panstwowe>0</przedsiebiorstwa_panstwowe>
		<spolki_razem>5952</spolki_razem>
		<w_tym_spolki_handlowe>5505</w_tym_spolki_handlowe>
		<w_tym_spolki_cywilne>447</w_tym_spolki_cywilne>
		<spóldzielnie>18</spóldzielnie>
		<fundacje>3</fundacje>
		<stowarzyszenia_i_organizacje_spoleczne>1</stowarzyszenia_i_organizacje_spoleczne>
		<osoby_fizyczne_prowadzace_dzialalnosc_gospodarcza>3669</osoby_fizyczne_prowadzace_dzialalnosc_gospodarcza>
	</dane_tablica_T9>
	<dane_tablica_T9>
		<PKD_Sekcja>N</PKD_Sekcja>
		<PKD_Dzial>79</PKD_Dzial>
		<PKD_opis>Działalność organizatorów turystyki, pośredników i agentów turystycznych oraz pozostała działalność usługowa w zakresie rezerwacji i działalności z nią związane</PKD_opis>
		<Ogolem>13759</Ogolem>
		<przedsiebiorstwa_panstwowe>1</przedsiebiorstwa_panstwowe>
		<spolki_razem>4724</spolki_razem>
		<w_tym_spolki_handlowe>3227</w_tym_spolki_handlowe>
		<w_tym_spolki_cywilne>1497</w_tym_spolki_cywilne>
		<spóldzielnie>31</spóldzielnie>
		<fundacje>4</fundacje>
		<stowarzyszenia_i_organizacje_spoleczne>40</stowarzyszenia_i_organizacje_spoleczne>
		<osoby_fizyczne_prowadzace_dzialalnosc_gospodarcza>8911</osoby_fizyczne_prowadzace_dzialalnosc_gospodarcza>
	</dane_tablica_T9>
	<dane_tablica_T9>
		<PKD_Sekcja>N</PKD_Sekcja>
		<PKD_Dzial>80</PKD_Dzial>
		<PKD_opis>Działalność detektywistyczna i ochroniarska</PKD_opis>
		<Ogolem>7161</Ogolem>
		<przedsiebiorstwa_panstwowe>0</przedsiebiorstwa_panstwowe>
		<spolki_razem>3868</spolki_razem>
		<w_tym_spolki_handlowe>2729</w_tym_spolki_handlowe>
		<w_tym_spolki_cywilne>1139</w_tym_spolki_cywilne>
		<spóldzielnie>32</spóldzielnie>
		<fundacje>1</fundacje>
		<stowarzyszenia_i_organizacje_spoleczne>1</stowarzyszenia_i_organizacje_spoleczne>
		<osoby_fizyczne_prowadzace_dzialalnosc_gospodarcza>3256</osoby_fizyczne_prowadzace_dzialalnosc_gospodarcza>
	</dane_tablica_T9>
	<dane_tablica_T9>
		<PKD_Sekcja>N</PKD_Sekcja>
		<PKD_Dzial>81</PKD_Dzial>
		<PKD_opis>Działalność usługowa związana z utrzymaniem porządku w budynkach i zagospodarowaniem terenów zieleni</PKD_opis>
		<Ogolem>45726</Ogolem>
		<przedsiebiorstwa_panstwowe>0</przedsiebiorstwa_panstwowe>
		<spolki_razem>5239</spolki_razem>
		<w_tym_spolki_handlowe>2740</w_tym_spolki_handlowe>
		<w_tym_spolki_cywilne>2360</w_tym_spolki_cywilne>
		<spóldzielnie>277</spóldzielnie>
		<fundacje>0</fundacje>
		<stowarzyszenia_i_organizacje_spoleczne>0</stowarzyszenia_i_organizacje_spoleczne>
		<osoby_fizyczne_prowadzace_dzialalnosc_gospodarcza>40160</osoby_fizyczne_prowadzace_dzialalnosc_gospodarcza>
	</dane_tablica_T9>
	<dane_tablica_T9>
		<PKD_Sekcja>N</PKD_Sekcja>
		<PKD_Dzial>82</PKD_Dzial>
		<PKD_opis>Działalność związana z administracyjną obsługą biura i pozostała działalność wspomagająca prowadzenie działalności gospodarczej</PKD_opis>
		<Ogolem>36861</Ogolem>
		<przedsiebiorstwa_panstwowe>0</przedsiebiorstwa_panstwowe>
		<spolki_razem>8090</spolki_razem>
		<w_tym_spolki_handlowe>5666</w_tym_spolki_handlowe>
		<w_tym_spolki_cywilne>2424</w_tym_spolki_cywilne>
		<spóldzielnie>30</spóldzielnie>
		<fundacje>6</fundacje>
		<stowarzyszenia_i_organizacje_spoleczne>12</stowarzyszenia_i_organizacje_spoleczne>
		<osoby_fizyczne_prowadzace_dzialalnosc_gospodarcza>28655</osoby_fizyczne_prowadzace_dzialalnosc_gospodarcza>
	</dane_tablica_T9>
	<dane_tablica_T9>
		<PKD_Sekcja>O</PKD_Sekcja>
		<PKD_Dzial>84</PKD_Dzial>
		<PKD_opis>Administracja publiczna i obrona narodowa; obowiązkowe zabezpieczenia społeczne</PKD_opis>
		<Ogolem>27105</Ogolem>
		<przedsiebiorstwa_panstwowe>0</przedsiebiorstwa_panstwowe>
		<spolki_razem>85</spolki_razem>
		<w_tym_spolki_handlowe>72</w_tym_spolki_handlowe>
		<w_tym_spolki_cywilne>12</w_tym_spolki_cywilne>
		<spóldzielnie>3</spóldzielnie>
		<fundacje>4</fundacje>
		<stowarzyszenia_i_organizacje_spoleczne>16614</stowarzyszenia_i_organizacje_spoleczne>
		<osoby_fizyczne_prowadzace_dzialalnosc_gospodarcza>110</osoby_fizyczne_prowadzace_dzialalnosc_gospodarcza>
	</dane_tablica_T9>
	<dane_tablica_T9>
		<PKD_Sekcja>P</PKD_Sekcja>
		<PKD_Dzial>85</PKD_Dzial>
		<PKD_opis>Edukacja</PKD_opis>
		<Ogolem>146412</Ogolem>
		<przedsiebiorstwa_panstwowe>0</przedsiebiorstwa_panstwowe>
		<spolki_razem>10555</spolki_razem>
		<w_tym_spolki_handlowe>6166</w_tym_spolki_handlowe>
		<w_tym_spolki_cywilne>4389</w_tym_spolki_cywilne>
		<spóldzielnie>111</spóldzielnie>
		<fundacje>109</fundacje>
		<stowarzyszenia_i_organizacje_spoleczne>1439</stowarzyszenia_i_organizacje_spoleczne>
		<osoby_fizyczne_prowadzace_dzialalnosc_gospodarcza>72496</osoby_fizyczne_prowadzace_dzialalnosc_gospodarcza>
	</dane_tablica_T9>
	<dane_tablica_T9>
		<PKD_Sekcja>Q</PKD_Sekcja>
		<PKD_Dzial>86</PKD_Dzial>
		<PKD_opis>Opieka zdrowotna</PKD_opis>
		<Ogolem>224296</Ogolem>
		<przedsiebiorstwa_panstwowe>0</przedsiebiorstwa_panstwowe>
		<spolki_razem>17270</spolki_razem>
		<w_tym_spolki_handlowe>10048</w_tym_spolki_handlowe>
		<w_tym_spolki_cywilne>7222</w_tym_spolki_cywilne>
		<spóldzielnie>82</spóldzielnie>
		<fundacje>34</fundacje>
		<stowarzyszenia_i_organizacje_spoleczne>20</stowarzyszenia_i_organizacje_spoleczne>
		<osoby_fizyczne_prowadzace_dzialalnosc_gospodarcza>205427</osoby_fizyczne_prowadzace_dzialalnosc_gospodarcza>
	</dane_tablica_T9>
	<dane_tablica_T9>
		<PKD_Sekcja>Q</PKD_Sekcja>
		<PKD_Dzial>87</PKD_Dzial>
		<PKD_opis>Pomoc społeczna z zakwaterowaniem</PKD_opis>
		<Ogolem>3609</Ogolem>
		<przedsiebiorstwa_panstwowe>0</przedsiebiorstwa_panstwowe>
		<spolki_razem>627</spolki_razem>
		<w_tym_spolki_handlowe>519</w_tym_spolki_handlowe>
		<w_tym_spolki_cywilne>108</w_tym_spolki_cywilne>
		<spóldzielnie>12</spóldzielnie>
		<fundacje>16</fundacje>
		<stowarzyszenia_i_organizacje_spoleczne>17</stowarzyszenia_i_organizacje_spoleczne>
		<osoby_fizyczne_prowadzace_dzialalnosc_gospodarcza>954</osoby_fizyczne_prowadzace_dzialalnosc_gospodarcza>
	</dane_tablica_T9>
	<dane_tablica_T9>
		<PKD_Sekcja>Q</PKD_Sekcja>
		<PKD_Dzial>88</PKD_Dzial>
		<PKD_opis>Pomoc społeczna bez zakwaterowania</PKD_opis>
		<Ogolem>12152</Ogolem>
		<przedsiebiorstwa_panstwowe>0</przedsiebiorstwa_panstwowe>
		<spolki_razem>1105</spolki_razem>
		<w_tym_spolki_handlowe>649</w_tym_spolki_handlowe>
		<w_tym_spolki_cywilne>456</w_tym_spolki_cywilne>
		<spóldzielnie>120</spóldzielnie>
		<fundacje>54</fundacje>
		<stowarzyszenia_i_organizacje_spoleczne>60</stowarzyszenia_i_organizacje_spoleczne>
		<osoby_fizyczne_prowadzace_dzialalnosc_gospodarcza>6677</osoby_fizyczne_prowadzace_dzialalnosc_gospodarcza>
	</dane_tablica_T9>
	<dane_tablica_T9>
		<PKD_Sekcja>R</PKD_Sekcja>
		<PKD_Dzial>90</PKD_Dzial>
		<PKD_opis>Działalność twórcza związana z kulturą i rozrywką</PKD_opis>
		<Ogolem>20463</Ogolem>
		<przedsiebiorstwa_panstwowe>0</przedsiebiorstwa_panstwowe>
		<spolki_razem>2002</spolki_razem>
		<w_tym_spolki_handlowe>871</w_tym_spolki_handlowe>
		<w_tym_spolki_cywilne>1131</w_tym_spolki_cywilne>
		<spóldzielnie>28</spóldzielnie>
		<fundacje>55</fundacje>
		<stowarzyszenia_i_organizacje_spoleczne>92</stowarzyszenia_i_organizacje_spoleczne>
		<osoby_fizyczne_prowadzace_dzialalnosc_gospodarcza>15888</osoby_fizyczne_prowadzace_dzialalnosc_gospodarcza>
	</dane_tablica_T9>
	<dane_tablica_T9>
		<PKD_Sekcja>R</PKD_Sekcja>
		<PKD_Dzial>91</PKD_Dzial>
		<PKD_opis>Działalność bibliotek, archiwów, muzeów oraz pozostała działalność związana z kulturą</PKD_opis>
		<Ogolem>4813</Ogolem>
		<przedsiebiorstwa_panstwowe>0</przedsiebiorstwa_panstwowe>
		<spolki_razem>521</spolki_razem>
		<w_tym_spolki_handlowe>396</w_tym_spolki_handlowe>
		<w_tym_spolki_cywilne>125</w_tym_spolki_cywilne>
		<spóldzielnie>11</spóldzielnie>
		<fundacje>15</fundacje>
		<stowarzyszenia_i_organizacje_spoleczne>14</stowarzyszenia_i_organizacje_spoleczne>
		<osoby_fizyczne_prowadzace_dzialalnosc_gospodarcza>1505</osoby_fizyczne_prowadzace_dzialalnosc_gospodarcza>
	</dane_tablica_T9>
	<dane_tablica_T9>
		<PKD_Sekcja>R</PKD_Sekcja>
		<PKD_Dzial>92</PKD_Dzial>
		<PKD_opis>Działalność związana z grami losowymi i zakładami wzajemnymi</PKD_opis>
		<Ogolem>1165</Ogolem>
		<przedsiebiorstwa_panstwowe>0</przedsiebiorstwa_panstwowe>
		<spolki_razem>360</spolki_razem>
		<w_tym_spolki_handlowe>263</w_tym_spolki_handlowe>
		<w_tym_spolki_cywilne>97</w_tym_spolki_cywilne>
		<spóldzielnie>3</spóldzielnie>
		<fundacje>0</fundacje>
		<stowarzyszenia_i_organizacje_spoleczne>0</stowarzyszenia_i_organizacje_spoleczne>
		<osoby_fizyczne_prowadzace_dzialalnosc_gospodarcza>801</osoby_fizyczne_prowadzace_dzialalnosc_gospodarcza>
	</dane_tablica_T9>
	<dane_tablica_T9>
		<PKD_Sekcja>R</PKD_Sekcja>
		<PKD_Dzial>93</PKD_Dzial>
		<PKD_opis>Działalność sportowa, rozrywkowa i rekreacyjna</PKD_opis>
		<Ogolem>52301</Ogolem>
		<przedsiebiorstwa_panstwowe>0</przedsiebiorstwa_panstwowe>
		<spolki_razem>6377</spolki_razem>
		<w_tym_spolki_handlowe>3575</w_tym_spolki_handlowe>
		<w_tym_spolki_cywilne>2802</w_tym_spolki_cywilne>
		<spóldzielnie>47</spóldzielnie>
		<fundacje>185</fundacje>
		<stowarzyszenia_i_organizacje_spoleczne>29196</stowarzyszenia_i_organizacje_spoleczne>
		<osoby_fizyczne_prowadzace_dzialalnosc_gospodarcza>15981</osoby_fizyczne_prowadzace_dzialalnosc_gospodarcza>
	</dane_tablica_T9>
	<dane_tablica_T9>
		<PKD_Sekcja>S</PKD_Sekcja>
		<PKD_Dzial>94</PKD_Dzial>
		<PKD_opis>Działalność organizacji członkowskich</PKD_opis>
		<Ogolem>140347</Ogolem>
		<przedsiebiorstwa_panstwowe>0</przedsiebiorstwa_panstwowe>
		<spolki_razem>121</spolki_razem>
		<w_tym_spolki_handlowe>104</w_tym_spolki_handlowe>
		<w_tym_spolki_cywilne>7</w_tym_spolki_cywilne>
		<spóldzielnie>35</spóldzielnie>
		<fundacje>23060</fundacje>
		<stowarzyszenia_i_organizacje_spoleczne>65309</stowarzyszenia_i_organizacje_spoleczne>
		<osoby_fizyczne_prowadzace_dzialalnosc_gospodarcza>24</osoby_fizyczne_prowadzace_dzialalnosc_gospodarcza>
	</dane_tablica_T9>
	<dane_tablica_T9>
		<PKD_Sekcja>S</PKD_Sekcja>
		<PKD_Dzial>95</PKD_Dzial>
		<PKD_opis>Naprawa i konserwacja komputerów i artykułów użytku osobistego i domowego</PKD_opis>
		<Ogolem>31248</Ogolem>
		<przedsiebiorstwa_panstwowe>1</przedsiebiorstwa_panstwowe>
		<spolki_razem>2430</spolki_razem>
		<w_tym_spolki_handlowe>850</w_tym_spolki_handlowe>
		<w_tym_spolki_cywilne>1580</w_tym_spolki_cywilne>
		<spóldzielnie>12</spóldzielnie>
		<fundacje>0</fundacje>
		<stowarzyszenia_i_organizacje_spoleczne>0</stowarzyszenia_i_organizacje_spoleczne>
		<osoby_fizyczne_prowadzace_dzialalnosc_gospodarcza>28800</osoby_fizyczne_prowadzace_dzialalnosc_gospodarcza>
	</dane_tablica_T9>
	<dane_tablica_T9>
		<PKD_Sekcja>S</PKD_Sekcja>
		<PKD_Dzial>96</PKD_Dzial>
		<PKD_opis>Pozostała indywidualna działalność usługowa</PKD_opis>
		<Ogolem>112767</Ogolem>
		<przedsiebiorstwa_panstwowe>0</przedsiebiorstwa_panstwowe>
		<spolki_razem>8592</spolki_razem>
		<w_tym_spolki_handlowe>3793</w_tym_spolki_handlowe>
		<w_tym_spolki_cywilne>4799</w_tym_spolki_cywilne>
		<spóldzielnie>77</spóldzielnie>
		<fundacje>4</fundacje>
		<stowarzyszenia_i_organizacje_spoleczne>9</stowarzyszenia_i_organizacje_spoleczne>
		<osoby_fizyczne_prowadzace_dzialalnosc_gospodarcza>104036</osoby_fizyczne_prowadzace_dzialalnosc_gospodarcza>
	</dane_tablica_T9>
	<dane_tablica_T9>
		<PKD_Sekcja>T</PKD_Sekcja>
		<PKD_Dzial>97</PKD_Dzial>
		<PKD_opis>Gospodarstwa domowe zatrudniające pracowników</PKD_opis>
		<Ogolem>0</Ogolem>
		<przedsiebiorstwa_panstwowe>0</przedsiebiorstwa_panstwowe>
		<spolki_razem>0</spolki_razem>
		<w_tym_spolki_handlowe>0</w_tym_spolki_handlowe>
		<w_tym_spolki_cywilne>0</w_tym_spolki_cywilne>
		<spóldzielnie>0</spóldzielnie>
		<fundacje>0</fundacje>
		<stowarzyszenia_i_organizacje_spoleczne>0</stowarzyszenia_i_organizacje_spoleczne>
		<osoby_fizyczne_prowadzace_dzialalnosc_gospodarcza>0</osoby_fizyczne_prowadzace_dzialalnosc_gospodarcza>
	</dane_tablica_T9>
	<dane_tablica_T9>
		<PKD_Sekcja>T</PKD_Sekcja>
		<PKD_Dzial>98</PKD_Dzial>
		<PKD_opis>Gospodarstwa domowe produkujące wyroby i świadczące usługi na własne potrzeby</PKD_opis>
		<Ogolem>0</Ogolem>
		<przedsiebiorstwa_panstwowe>0</przedsiebiorstwa_panstwowe>
		<spolki_razem>0</spolki_razem>
		<w_tym_spolki_handlowe>0</w_tym_spolki_handlowe>
		<w_tym_spolki_cywilne>0</w_tym_spolki_cywilne>
		<spóldzielnie>0</spóldzielnie>
		<fundacje>0</fundacje>
		<stowarzyszenia_i_organizacje_spoleczne>0</stowarzyszenia_i_organizacje_spoleczne>
		<osoby_fizyczne_prowadzace_dzialalnosc_gospodarcza>0</osoby_fizyczne_prowadzace_dzialalnosc_gospodarcza>
	</dane_tablica_T9>
	<dane_tablica_T9>
		<PKD_Sekcja>U</PKD_Sekcja>
		<PKD_Dzial>99</PKD_Dzial>
		<PKD_opis>Organizacje i zespoły eksterytorialne</PKD_opis>
		<Ogolem>230</Ogolem>
		<przedsiebiorstwa_panstwowe>0</przedsiebiorstwa_panstwowe>
		<spolki_razem>2</spolki_razem>
		<w_tym_spolki_handlowe>1</w_tym_spolki_handlowe>
		<w_tym_spolki_cywilne>1</w_tym_spolki_cywilne>
		<spóldzielnie>0</spóldzielnie>
		<fundacje>0</fundacje>
		<stowarzyszenia_i_organizacje_spoleczne>1</stowarzyszenia_i_organizacje_spoleczne>
		<osoby_fizyczne_prowadzace_dzialalnosc_gospodarcza>0</osoby_fizyczne_prowadzace_dzialalnosc_gospodarcza>
	</dane_tablica_T9>
</TABLICA_T9>